Hauptwohnsitzbevoelkerung nach Wohnungen in den 250 Zaehlbezirken in Wien - Registerzaehlung 2021 | Population with main resisidence by housing in 250 sub-districts in Vienna - Census 2021;;;;;;;;;;;;;;;;;;;;;;;;;;;;;;;;;;;;;;;;;;;;;;;;;;;;;;;;;;;;;;;;;;;;;;;;;;;;;;;;;;;;;;;;;;;;;;
NUTS1;NUTS2;NUTS3;DISTRICT_CODE;SUB_DISTRICT_CODE;WHG_WSA_TOTAL;WHG_POP_TOTAL;HAR_1;HAR_2;WHG_NOC_0;WHG_NOC_1;WHG_NOC_2;WHG_NOC_3;WHG_NOC_4;WHG_RECHTSVERH_0;WHG_RECHTSVERH_1;WHG_RECHTSVERH_2;WHG_RECHTSVERH_3;WHG_RECHTSVERH_4;WHG_NOR_0;WHG_NOR_1;WHG_NOR_2;WHG_NOR_3;WHG_NOR_4;WHG_NTZFL_0;WHG_NTZFL_1;WHG_NTZFL_2;WHG_NTZFL_3;WHG_NTZFL_4;WHG_NTZFL_5;WHG_DRM_0;WHG_DRM_1;WHG_DRM_2;WHG_DRM_3;WHG_DRM_4;WHG_DRM_5;WHG_DRM_6;WHG_DRM_7;WHG_DRM_8;WHG_DFS_0;WHG_DFS_1;WHG_DFS_2;WHG_DFS_3;WHG_DFS_4;WHG_DFS_5;WHG_DFS_6;WHG_DFS_7;WHG_DFS_8;WHG_AUSST_0;WHG_AUSST_1;WHG_AUSST_2;WHG_AUSST_3;WHG_AUSST_4;OBJ_BAUP_1;OBJ_BAUP_2;OBJ_BAUP_3;OBJ_BAUP_4;OBJ_BAUP_5;OBJ_BAUP_6;OBJ_BAUP_7;OBJ_BAUP_8;OBJ_BAUP_9;DEM_GESCHL_1;DEM_GESCHL_2;DEM_GEBSTAAT_1;DEM_GEBSTAAT_2;DEM_GEBSTAAT_3;DEM_GEBSTAAT_4;DEM_GEBSTAAT_5;DEM_GEBSTAAT_6;DEM_FAMST_1;DEM_FAMST_2;DEM_FAMST_3;DEM_FAMST_4;EDU_HAB_NAT_0;EDU_HAB_NAT_1;EDU_HAB_NAT_2;EDU_HAB_NAT_3;ERW_STATUS_1;ERW_STATUS_2;ERW_STATUS_3;ERW_STATUS_4;ERW_STATUS_5;ERW_STATUS_6;AST_OENACE_1;AST_OENACE_2;AST_OENACE_3;AST_OENACE_4;AST_OENACE_5;HST_1;HST_2;HST_3;HST_4;HST_5;REF_DATE
AT1;AT13;AT130;90100;90101;2094;3852;3850;2;0;1138;1124;1296;294;128;62;197;3153;312;128;169;407;2394;754;128;275;445;1069;1062;873;128;40;311;619;297;492;672;237;1056;128;13;103;247;630;648;913;545;625;128;3595;129;0;0;2911;305;334;200;21;23;19;0;39;1868;1984;2479;384;294;114;37;544;1871;1336;248;397;342;773;1161;1576;1804;92;342;804;242;568;8;84;1790;12;1958;2273;1453;126;0;0;20211031
AT1;AT13;AT130;90100;90102;747;1476;1470;6;4;356;426;585;105;6;24;75;1262;109;6;38;82;847;503;6;81;102;238;368;681;6;29;126;165;115;237;254;129;415;6;9;56;51;167;244;369;252;322;6;1412;58;0;0;1074;206;123;46;0;7;10;2;8;704;772;933;116;137;61;8;221;625;615;100;136;166;268;436;606;703;22;166;260;76;249;7;35;680;3;751;977;495;0;4;0;20211031
AT1;AT13;AT130;90100;90103;1030;2007;2002;5;0;492;596;825;94;5;29;180;1636;157;5;48;104;1269;581;5;61;103;387;587;864;5;15;158;287;177;306;315;150;594;5;11;42;118;225;339;468;324;475;5;1936;66;0;0;1556;15;347;43;9;0;26;0;11;981;1026;1201;179;143;84;28;372;861;848;135;163;229;409;533;836;906;33;229;374;79;386;6;36;886;10;1069;1340;667;0;0;0;20211031
AT1;AT13;AT130;90100;90104;719;1388;1387;1;0;349;412;556;71;4;46;86;1159;93;4;15;67;808;494;4;29;79;314;306;656;4;10;106;154;124;206;231;90;463;4;10;24;55;175;230;308;231;351;4;1326;56;0;2;1340;9;33;4;0;0;0;2;0;683;705;914;144;91;37;11;191;607;554;105;122;128;255;379;626;681;21;128;286;81;191;3;24;668;7;686;897;488;3;0;0;20211031
AT1;AT13;AT130;90100;90105;1072;2099;2097;2;0;498;646;850;105;2;29;142;1771;155;2;49;183;1401;464;2;86;227;538;542;704;2;34;190;280;259;298;342;158;536;2;25;65;115;366;361;479;300;386;2;2023;74;0;0;1596;23;285;93;0;12;0;0;90;1023;1076;1419;169;127;69;25;290;985;786;107;221;246;406;570;877;1029;46;246;361;116;301;10;49;1010;4;1026;1405;694;0;0;0;20211031
AT1;AT13;AT130;90100;90106;1367;2475;2468;7;7;736;714;927;91;18;42;137;2120;158;18;97;248;1587;525;18;185;354;615;620;683;18;30;203;376;217;384;403;140;704;18;9;90;164;373;466;598;319;438;18;2377;79;0;1;1563;174;524;92;23;52;9;0;38;1186;1289;1708;175;178;88;22;304;1155;904;159;257;236;476;716;1047;1249;57;236;505;109;319;5;74;1223;4;1169;1526;931;11;7;0;20211031
AT1;AT13;AT130;90100;90107;1368;2477;2473;4;2;725;768;856;126;22;41;234;1972;208;22;99;201;1587;568;22;150;267;623;670;745;22;41;231;284;166;383;427;184;739;22;29;92;109;368;341;680;344;492;22;2393;61;1;0;1618;59;470;301;29;0;0;0;0;1261;1216;1557;214;205;93;28;380;1101;959;166;251;211;479;780;1007;1226;40;211;516;104;380;11;49;1197;9;1211;1508;951;16;2;0;20211031
AT1;AT13;AT130;90200;90201;7959;17581;17548;33;6;3674;4082;8507;1312;926;40;2216;14172;227;926;651;3098;12703;203;926;1057;2893;8567;3985;153;926;257;3971;4517;1489;2037;2468;222;1694;926;73;1072;2448;5430;2896;3050;1093;593;926;16550;105;0;0;1294;683;1438;1224;1487;252;1158;69;9976;8651;8930;10756;851;1535;1382;743;2314;9768;5875;537;1401;3233;5673;3962;4713;8813;894;3233;2030;1111;1500;9;945;8617;63;7947;12474;4646;455;6;0;20211031
AT1;AT13;AT130;90200;90202;5434;11210;11030;180;172;2564;3016;4461;997;293;148;1375;8701;693;293;694;1693;8066;464;293;1830;2533;4460;1729;365;293;551;2281;2155;871;1467;1516;266;1810;293;468;1432;1561;2586;1659;1942;821;448;293;9811;1102;0;4;7695;291;1276;991;246;396;132;0;183;5740;5470;6066;791;1083;1163;319;1788;6136;3707;469;898;1516;4339;2556;2799;5387;841;1516;1614;556;1296;15;627;5401;46;5121;7207;3718;113;172;0;20211031
AT1;AT13;AT130;90200;90203;6555;12960;12954;6;4;3284;3580;4879;1213;501;158;1433;10265;603;501;438;1792;9246;983;501;1354;2453;4865;3283;504;501;395;1735;2378;1138;1796;2114;449;2454;501;293;988;1307;2922;2360;2664;1134;791;501;11601;858;0;0;6873;959;1221;879;625;471;470;608;854;6313;6647;8180;1082;1058;785;230;1625;7267;3965;624;1104;1684;3691;3186;4399;6555;697;1684;2060;790;1174;15;512;6598;59;5776;8084;4378;494;4;0;20211031
AT1;AT13;AT130;90200;90204;6923;14408;14399;9;9;3214;3824;5760;1601;125;209;1534;11635;905;125;477;1619;11033;1154;125;1117;2465;5742;3681;1278;125;594;2682;2476;1387;1890;1976;578;2700;125;344;1428;1757;3366;2380;2660;1378;970;125;13283;1000;0;0;8605;272;1921;1648;864;587;201;89;221;7098;7310;8880;1104;1119;908;288;2109;7832;4800;682;1094;2129;4355;3740;4184;6916;721;2129;2277;861;1504;16;631;6832;50;6879;9823;4460;116;9;0;20211031
AT1;AT13;AT130;90200;90205;4617;8985;8979;6;4;2239;2706;3359;677;30;203;1056;7181;515;30;372;1035;6765;783;30;727;1681;3664;2149;734;30;293;1444;1484;728;1328;1428;408;1842;30;219;752;906;2036;1630;1809;928;675;30;8405;540;0;10;5183;93;1047;1627;483;379;61;0;112;4424;4561;5125;768;883;537;139;1533;4800;3002;458;725;1113;2858;2298;2716;4301;473;1113;1581;506;1011;12;412;4225;39;4297;5831;3126;24;4;0;20211031
AT1;AT13;AT130;90200;90206;3956;8477;8463;14;3;2172;2414;3188;700;813;801;747;5822;294;813;417;1011;5737;499;813;794;1598;2856;1780;636;813;194;1181;1588;699;1071;1268;327;1336;813;126;549;935;1740;1476;1597;702;539;813;7321;334;8;1;2765;428;1808;753;146;429;40;90;2018;4270;4207;4964;645;902;505;211;1250;4558;2792;363;764;1054;2626;2473;2324;3937;440;1054;1412;811;823;5;409;3892;26;4145;5210;2861;403;3;0;20211031
AT1;AT13;AT130;90200;90207;6330;12258;12252;6;6;3230;3446;4481;1095;383;143;904;10223;605;383;696;2003;8674;502;383;2313;3075;4642;1602;243;383;394;2048;2420;972;1733;1793;310;2205;383;340;1392;1682;3004;1943;2198;831;485;383;10896;979;0;0;7230;1851;865;1297;327;0;32;112;544;6230;6028;6195;887;1438;1389;355;1994;6761;3840;591;1066;1353;4862;3051;2992;5958;893;1353;1979;820;1255;14;787;5854;46;5557;7396;4479;377;6;0;20211031
AT1;AT13;AT130;90200;90208;1161;2729;2717;12;1;536;762;1121;309;359;926;49;1327;68;359;174;343;1767;86;359;285;454;1177;397;57;359;97;480;544;190;339;339;66;315;359;41;243;343;670;377;423;158;115;359;2272;79;14;5;110;295;53;701;81;154;57;74;1204;1307;1422;1977;87;213;132;50;270;1203;1018;230;278;441;1245;630;413;1150;120;441;704;85;229;4;125;1121;12;1467;1839;648;241;1;0;20211031
AT1;AT13;AT130;90200;90209;7174;15972;15958;14;14;3099;3878;7128;1853;528;60;1108;13893;383;528;717;1971;12373;383;528;1541;3143;7231;3380;149;528;318;3664;3667;1555;1730;2233;328;1949;528;329;1644;2535;4622;2156;2732;816;610;528;15008;436;0;0;2961;1493;2050;2109;3557;890;711;285;1916;7654;8318;9591;527;1354;1480;991;2029;7663;5588;1110;1611;2430;7797;3275;2470;6639;1216;2430;3384;748;1555;2;928;6736;69;8237;11378;4066;514;14;0;20211031
AT1;AT13;AT130;90300;90301;5796;11009;11002;7;7;2787;3476;4294;445;48;201;1253;9045;462;48;462;1297;8112;1090;48;1150;1735;3861;3074;1141;48;178;1332;1969;1047;1666;1882;609;2278;48;164;710;922;2319;2228;2466;1197;955;48;10142;793;0;26;8465;530;548;490;297;434;38;28;179;5348;5661;7119;938;987;594;126;1245;5839;3755;457;958;1269;2957;2972;3811;5776;459;1269;1889;610;1006;19;507;5628;36;4819;7178;3785;39;7;0;20211031
AT1;AT13;AT130;90300;90302;4515;8685;8680;5;3;2147;2724;3426;385;55;164;913;7087;466;55;275;700;6450;1205;55;445;1074;2926;2826;1359;55;100;877;1417;893;1367;1464;530;1982;55;65;342;593;1748;1797;1986;1021;1078;55;8209;421;0;0;5872;390;458;590;806;337;48;0;184;4137;4548;6005;751;554;367;98;910;4372;3139;423;751;985;2019;2515;3166;4320;305;985;1705;507;863;9;341;4216;36;4083;5802;2830;50;3;0;20211031
AT1;AT13;AT130;90300;90303;3276;6474;6466;8;8;1581;1760;2797;328;70;84;616;5390;314;70;231;687;4214;1272;70;459;924;1969;1599;1453;70;70;639;1142;714;936;1081;414;1408;70;69;299;544;1219;1251;1552;699;771;70;6204;200;0;0;3223;879;1312;312;230;50;1;72;395;3046;3428;3943;626;576;251;78;1000;3312;2340;308;514;827;1493;1695;2459;3038;197;827;1117;361;934;15;200;2989;19;3251;4366;2040;60;8;0;20211031
AT1;AT13;AT130;90300;90304;5585;10615;10605;10;7;2781;3178;4004;645;62;103;1638;8020;792;62;617;1616;7656;664;62;1739;2358;4040;1850;566;62;328;1742;1957;862;1658;1679;319;2008;62;310;1074;1362;2335;1946;1985;929;612;62;9684;869;0;0;5136;749;2428;1420;569;105;49;86;73;5219;5396;5448;794;1495;1000;179;1699;5870;3369;482;894;1270;3553;2823;2969;5352;676;1270;1607;616;1094;13;603;5251;44;4704;6518;4038;52;7;0;20211031
AT1;AT13;AT130;90300;90305;4370;8459;8456;3;2;2111;2558;3248;540;159;105;1372;6454;369;159;368;1048;6448;436;159;833;1500;3484;2171;312;159;163;1203;1491;956;1161;1411;336;1579;159;129;628;858;1987;1614;1749;773;562;159;7927;373;0;0;4100;141;380;771;653;496;996;87;835;4028;4431;5029;635;949;565;165;1116;4412;2940;390;717;980;2380;2381;2718;4303;385;980;1513;491;787;10;413;4178;34;3824;5507;2794;156;2;0;20211031
AT1;AT13;AT130;90300;90306;8103;14719;14712;7;7;4328;4422;5270;692;116;144;1256;12596;607;116;904;2828;10353;518;116;2812;3695;5666;2115;315;116;367;2160;3240;1211;1905;2736;430;2554;116;318;1340;2058;3497;2756;2989;1066;579;116;13841;759;0;3;6529;2413;2148;1217;450;652;318;246;746;7082;7637;9021;765;1555;1187;422;1769;7493;4848;772;1606;1600;5723;3829;3567;7164;937;1600;2867;666;1485;23;819;7124;52;6701;9101;5502;109;7;0;20211031
AT1;AT13;AT130;90300;90307;3831;7390;7386;4;4;1957;2122;2894;413;238;38;733;6087;294;238;478;1622;4962;90;238;1009;2109;3079;817;138;238;134;1268;2056;485;936;1303;110;860;238;106;575;1042;2103;1262;1466;461;137;238;6941;208;0;3;862;72;1545;659;247;74;375;198;3358;3517;3873;4299;322;799;695;270;1005;4027;2282;412;669;1046;2753;1843;1748;3818;416;1046;1097;374;639;4;415;3749;27;3195;4768;2428;190;4;0;20211031
AT1;AT13;AT130;90300;90308;1013;2411;2409;2;1;533;690;852;335;444;113;4;1791;59;444;16;141;1633;177;444;34;176;1037;468;252;444;17;150;326;259;294;426;110;385;444;17;27;140;432;518;429;251;153;444;1950;14;3;0;849;2;129;598;8;436;12;6;371;1206;1205;1589;214;215;97;45;251;1274;751;145;241;273;753;715;670;1103;172;273;443;171;249;2;104;1152;7;1146;1429;677;304;1;0;20211031
AT1;AT13;AT130;90300;90309;4497;8850;8833;17;16;2070;2646;3748;370;17;196;914;7364;359;17;250;862;6051;1670;17;572;1228;3004;2168;1861;17;75;935;1509;914;1406;1562;479;1953;17;64;369;640;1937;1754;2078;1047;944;17;8413;416;0;4;5598;310;752;458;305;527;142;400;358;4147;4703;5869;841;705;410;100;925;4489;3160;468;733;1153;1960;2463;3274;4420;277;1153;1600;503;897;15;362;4269;35;4169;5992;2842;0;16;0;20211031
AT1;AT13;AT130;90300;90310;5038;10077;10065;12;11;2454;2856;3836;920;260;63;692;8743;319;260;541;2375;6672;229;260;1601;2926;3784;1404;102;260;293;2163;2445;617;1370;1546;133;1250;260;283;952;1589;2819;1548;1923;528;175;260;9382;434;1;0;2553;2408;357;234;156;1821;80;0;2468;5000;5077;5318;634;1147;940;432;1606;5658;3177;348;894;1431;3768;2400;2478;5056;682;1431;1332;513;1063;7;532;5064;60;4414;6659;3159;248;11;0;20211031
AT1;AT13;AT130;90300;90311;2353;4820;4814;6;6;1062;1212;2368;172;6;8;741;3994;71;6;257;1035;3486;36;6;697;1039;2204;853;21;6;126;1037;1499;347;594;674;42;495;6;89;397;629;1777;672;856;258;136;6;4774;40;0;0;0;1201;714;243;0;171;2;0;2489;2296;2524;2894;190;542;399;199;596;2535;1613;165;507;867;1748;1062;1143;2406;302;867;623;191;431;1;268;2388;16;2147;3462;1352;0;6;0;20211031
AT1;AT13;AT130;90400;90401;1232;2298;2298;0;0;634;660;894;110;0;45;173;1973;107;0;170;230;1421;477;0;259;347;592;554;546;0;31;277;385;175;375;356;131;568;0;17;99;201;424;425;527;316;289;0;2195;103;0;0;1402;563;132;124;77;0;0;0;0;1129;1169;1330;223;263;89;34;359;1263;749;113;173;267;425;638;968;1144;77;267;365;127;318;10;60;1133;8;1087;1453;845;0;0;0;20211031
AT1;AT13;AT130;90400;90402;5492;11383;11366;17;4;2725;2950;4547;1157;830;176;1278;8628;471;830;367;1148;7489;1549;830;917;1641;3526;2759;1710;830;186;1305;1818;1066;1512;1714;518;2434;830;135;519;1013;2308;1866;2358;1201;1153;830;10065;487;0;1;6961;620;1329;668;264;352;179;320;690;5716;5667;6499;1160;1046;618;245;1815;6113;3818;422;1030;1390;3012;2929;4052;5520;631;1390;1659;627;1556;23;463;5572;57;5268;7084;3546;749;4;0;20211031
AT1;AT13;AT130;90400;90403;6393;12411;12403;8;1;3197;3602;4740;871;484;192;1633;9487;615;484;499;1226;8556;1646;484;874;1893;3944;3324;1892;484;136;1256;1938;1295;1866;2042;662;2732;484;107;546;885;2431;2377;2901;1456;1224;484;11264;659;1;3;8069;135;1031;1073;767;726;33;43;534;5897;6514;7768;1281;1028;626;176;1532;6794;3934;672;1011;1329;2768;3492;4822;6286;404;1329;2286;891;1215;15;449;6133;54;5760;7630;4304;476;1;0;20211031
AT1;AT13;AT130;90400;90404;3442;6938;6936;2;2;1606;2006;2846;478;205;60;933;5367;373;205;253;695;5093;692;205;512;1104;2621;1861;635;205;150;807;1221;726;987;1139;353;1350;205;124;488;691;1425;1357;1390;671;587;205;6432;301;0;0;3214;187;1998;912;181;242;176;26;2;3328;3610;4289;519;575;448;156;951;3721;2306;338;573;860;1913;1877;2288;3310;358;860;1200;528;682;8;286;3302;31;3311;4535;2198;203;2;0;20211031
AT1;AT13;AT130;90500;90501;6391;11425;11415;10;5;3415;3612;3971;422;91;217;1456;9019;642;91;620;1726;8168;820;91;1494;2205;4612;2295;728;91;292;1334;1978;981;1681;2139;455;2474;91;233;627;1196;2393;2207;2629;1232;817;91;10570;763;0;1;6744;469;299;1065;1125;845;347;140;391;5547;5878;7367;1033;911;690;214;1210;6528;3488;457;952;1094;3024;3185;4122;6306;488;1094;1868;597;1072;18;541;6155;47;4664;6883;4456;81;5;0;20211031
AT1;AT13;AT130;90500;90502;10051;19387;19373;14;14;5069;5334;7691;1279;72;164;1635;16611;905;72;1365;3616;13710;624;72;3660;5562;7670;2123;300;72;731;3981;4368;1375;2539;2937;375;3009;72;604;2651;3106;4746;3077;3244;1294;593;72;18015;1267;0;33;6649;4266;4724;1457;683;514;491;162;441;9645;9742;10049;1029;2139;2162;877;3131;10204;6270;926;1987;2516;8498;4509;3864;8995;1582;2516;3243;992;2059;24;1135;9096;67;9065;12323;6992;58;14;0;20211031
AT1;AT13;AT130;90500;90503;8514;16594;16574;20;15;4343;4670;6192;1374;609;252;1914;12984;835;609;1305;2982;11063;635;609;3588;3991;6032;2044;330;609;671;2845;3546;1128;2127;2606;414;2648;609;568;2220;2186;3712;2682;2878;1138;601;609;14546;1414;0;25;9140;1770;1012;935;1293;643;379;138;1284;8316;8278;8568;1176;2001;1785;674;2390;9252;5193;732;1417;1878;6351;4163;4202;8292;1131;1878;2552;965;1776;16;991;8160;69;7358;9953;6072;554;15;0;20211031
AT1;AT13;AT130;90500;90504;3446;6316;6315;1;0;1749;1998;2346;223;54;111;642;5193;316;54;357;939;4535;431;54;890;1387;2413;1246;326;54;98;850;1224;485;995;1105;259;1246;54;108;408;790;1353;1209;1466;576;352;54;5832;430;0;0;4404;172;235;298;193;412;204;88;310;3152;3164;3597;636;684;482;118;799;3738;1865;237;476;591;1854;1738;2133;3533;315;591;874;388;615;5;369;3431;13;2498;3774;2489;53;0;0;20211031
AT1;AT13;AT130;90600;90601;3800;7560;7344;216;214;1802;2332;2796;416;377;168;517;6128;370;377;207;734;4976;1266;377;474;973;2229;2093;1414;377;76;741;1074;681;1050;1339;485;1737;377;60;278;563;1381;1300;1764;854;983;377;6729;439;0;15;5754;209;107;409;167;390;120;32;372;3744;3816;4909;794;624;306;127;800;4244;2410;342;564;735;1727;2174;2924;3880;354;735;1253;556;782;9;237;3938;32;3344;4686;2499;161;214;0;20211031
AT1;AT13;AT130;90600;90602;5150;9748;9524;224;221;2686;2946;3309;586;410;170;1001;7628;539;410;530;1617;6662;529;410;1235;2204;3678;1803;418;410;221;1326;1797;794;1334;1759;309;1798;410;175;726;977;2250;1668;2150;821;571;410;8753;584;0;1;4216;837;1045;726;793;884;204;0;1043;4875;4873;5712;894;939;678;280;1245;5796;2747;357;848;957;2898;2585;3308;5076;618;957;1419;596;1082;11;476;5119;39;4103;5564;3777;186;221;0;20211031
AT1;AT13;AT130;90600;90603;7060;13687;13677;10;3;3580;4104;4764;1236;797;204;1721;10247;718;797;545;1690;9515;1140;797;1162;2169;4894;3557;1108;797;203;1451;2141;1265;1954;2474;621;2781;797;138;582;1219;2699;2533;3171;1385;1163;797;12271;615;4;0;7738;380;597;581;1656;1748;454;165;368;6478;7209;8527;1314;1118;826;282;1620;7862;4052;659;1114;1328;3417;4022;4920;7153;549;1328;2441;913;1303;13;506;7087;47;6034;8030;4871;783;3;0;20211031
AT1;AT13;AT130;90700;90701;2938;5372;5366;6;5;1499;1696;1969;203;15;122;369;4571;295;15;180;580;3905;692;15;377;842;1804;1621;713;15;61;564;791;541;819;973;275;1333;15;27;222;403;1059;1021;1415;600;610;15;5027;325;0;5;4519;65;188;109;210;205;49;19;8;2613;2759;3463;705;307;244;87;566;3130;1631;208;403;576;1100;1381;2315;2960;210;576;829;315;482;8;161;2969;18;2216;3338;2020;9;5;0;20211031
AT1;AT13;AT130;90700;90702;1613;2950;2949;1;1;833;868;1186;62;4;47;270;2528;101;4;105;271;2212;358;4;174;378;1106;744;544;4;41;246;475;329;444;546;155;710;4;20;76;175;575;648;719;391;342;4;2857;89;0;0;2261;55;3;72;0;41;114;15;389;1416;1534;1939;384;184;102;38;303;1704;894;111;241;340;495;782;1333;1649;62;340;400;174;325;3;99;1596;10;1242;1848;1101;0;1;0;20211031
AT1;AT13;AT130;90700;90703;2678;5006;5002;4;4;1338;1594;1858;212;107;60;515;4125;199;107;168;739;3466;526;107;420;780;1756;1255;688;107;83;460;978;478;716;946;208;1030;107;31;206;321;1120;928;1239;596;458;107;4753;145;1;0;2855;186;277;445;95;273;48;0;827;2448;2558;3233;520;362;274;80;537;2837;1563;177;429;507;1065;1365;2069;2788;180;507;731;296;504;9;180;2755;15;2047;3083;1816;103;4;0;20211031
AT1;AT13;AT130;90700;90704;5322;10048;10043;5;3;2766;3068;3430;781;482;130;1160;7752;524;482;431;1087;7306;742;482;901;1438;3548;2948;731;482;79;1006;1670;1001;1363;1755;503;2189;482;89;425;725;2072;1858;2441;999;957;482;9168;398;0;0;6758;326;65;309;486;1081;402;155;466;4834;5214;6441;1107;659;587;158;1096;5937;2937;461;713;984;2336;2814;3914;5385;311;984;1742;758;868;14;391;5231;29;4383;5842;3727;476;3;0;20211031
AT1;AT13;AT130;90700;90705;4340;7919;7910;9;6;2320;2390;2762;441;198;143;1078;6164;336;198;388;1053;5708;572;198;975;1380;3299;1601;466;198;122;914;1381;758;1144;1418;261;1723;198;127;444;733;1745;1534;1714;845;579;198;7259;462;0;0;5649;365;288;246;317;455;230;118;251;3889;4030;4891;885;584;548;163;848;4886;2258;272;503;811;1882;2230;2996;4386;375;811;1034;563;750;13;330;4317;34;3225;4466;3258;189;6;0;20211031
AT1;AT13;AT130;90800;90801;2432;5309;5308;1;1;1188;1374;1886;860;711;96;344;3877;281;711;173;468;3119;838;711;360;700;1432;1219;887;711;55;465;769;470;683;848;220;1088;711;23;212;338;953;837;1137;550;548;711;4396;202;0;0;4217;242;203;265;147;88;107;0;40;2808;2501;3214;561;393;390;88;663;3138;1598;177;396;498;1231;1504;2076;2512;156;498;761;405;977;5;151;2494;11;2648;2979;1619;710;1;0;20211031
AT1;AT13;AT130;90800;90802;5625;10952;10951;1;0;2833;3210;3961;948;587;279;1347;8120;619;587;363;1033;7307;1662;587;709;1265;3405;3327;1659;587;76;960;1646;1034;1545;1948;601;2555;587;50;315;705;2014;2190;2508;1318;1265;587;9878;436;47;4;8240;356;499;602;461;370;254;93;77;5179;5773;7328;1290;722;400;130;1082;6228;3410;518;796;1152;1901;3264;4635;5684;287;1152;1847;1014;968;11;301;5612;38;4990;6607;3759;586;0;0;20211031
AT1;AT13;AT130;90800;90803;4110;7871;7868;3;3;2194;2232;2680;762;545;112;939;5833;442;545;308;914;5528;576;545;657;1257;2863;1976;573;545;119;785;1219;716;1124;1277;355;1731;545;66;388;607;1442;1553;1756;846;668;545;7028;297;0;1;4960;611;570;267;550;240;146;33;494;3909;3962;4880;772;619;486;120;994;4588;2313;323;647;797;1962;2130;2982;4026;419;797;1207;517;905;11;285;4076;37;3462;4379;2947;542;3;0;20211031
AT1;AT13;AT130;90900;90901;5134;9124;9112;12;4;2776;2836;3168;340;58;197;780;7645;444;58;574;1710;6248;534;58;1453;2021;3461;1683;448;58;165;1173;1859;790;1183;1790;365;1741;58;136;621;1008;2064;1825;2109;781;522;58;8563;502;0;1;4882;957;866;760;404;827;117;17;294;4412;4712;5586;938;762;633;171;1034;5452;2558;342;772;987;2499;2422;3216;4897;439;987;1347;601;853;10;398;4843;45;3828;5414;3660;46;4;0;20211031
AT1;AT13;AT130;90900;90902;5656;10863;10851;12;12;2819;3364;3920;748;503;160;1036;8726;438;503;415;1254;7537;1154;503;929;1790;3479;2990;1172;503;148;980;1691;1081;1610;1964;590;2296;503;94;436;803;2203;2046;2647;1142;989;503;9766;585;2;7;8008;1041;425;162;173;549;248;76;181;5175;5688;7018;1154;749;598;123;1221;5988;3371;596;908;1138;2588;2915;4222;5426;358;1138;2064;647;1230;12;366;5335;35;5115;6639;3722;490;12;0;20211031
AT1;AT13;AT130;90900;90903;2448;4321;4317;4;4;1337;1338;1471;171;13;56;417;3517;318;13;354;671;2900;383;13;646;824;1548;883;407;13;101;512;864;361;624;798;164;884;13;68;276;366;1016;792;1002;462;326;13;4079;229;0;0;2113;613;562;234;150;17;59;96;477;2081;2240;2568;478;448;255;68;504;2582;1255;160;324;418;977;1202;1724;2428;168;418;570;319;418;2;177;2380;18;1744;2496;1812;9;4;0;20211031
AT1;AT13;AT130;90900;90904;4938;9359;9336;23;23;2614;2792;3099;831;579;186;906;7153;535;579;412;1258;6412;698;579;1055;1809;3289;2115;512;579;137;1051;1573;799;1281;1587;370;1982;579;133;607;753;1864;1762;2042;908;711;579;8141;639;0;0;6736;616;278;701;475;240;36;131;146;4474;4885;5502;1089;752;612;151;1253;5765;2613;332;649;916;2189;2744;3510;4972;368;916;1345;830;928;19;394;4842;40;4064;5122;3658;556;23;0;20211031
AT1;AT13;AT130;90900;90905;2714;5595;5590;5;5;1211;1606;2398;375;143;152;572;4458;270;143;101;370;3716;1265;143;210;440;1502;1673;1627;143;27;525;781;560;949;908;372;1330;143;20;170;286;1020;1035;1343;742;836;143;5151;299;2;0;4708;220;388;51;0;59;58;14;97;2638;2957;3498;757;324;152;56;808;3111;1861;244;379;697;878;1599;2421;2750;127;697;814;484;723;18;141;2691;16;2729;3734;1719;137;5;0;20211031
AT1;AT13;AT130;90900;90906;955;2178;2178;0;0;410;576;888;304;233;48;322;1445;130;233;47;141;1293;464;233;80;112;444;693;616;233;14;185;294;255;293;336;118;450;233;4;34;99;309;429;501;242;327;233;1762;178;0;5;1587;12;58;117;0;76;0;0;328;1020;1158;1336;274;141;105;19;303;1294;662;82;140;239;296;667;976;1063;49;239;286;301;240;4;52;1051;3;1068;1289;656;233;0;0;20211031
AT1;AT13;AT130;91000;91001;4645;10951;10894;57;43;2232;2580;5641;455;786;5;1234;8861;65;786;213;2884;7024;44;786;529;1890;5307;2299;140;786;205;3270;3092;430;1166;1398;20;584;786;31;670;1693;3571;1737;1630;610;223;786;10140;25;0;0;151;0;31;33;1;0;0;0;10735;5482;5469;5967;662;1294;1057;520;1451;6523;3611;158;659;2372;3182;2326;3071;6204;504;2372;535;449;887;10;650;5954;47;4290;8040;2830;38;43;0;20211031
AT1;AT13;AT130;91000;91002;9200;20317;20283;34;29;4054;4812;8992;2430;245;201;1732;17161;978;245;2016;3743;13844;469;245;4440;4840;8462;2195;135;245;1421;5693;4772;1258;1994;2551;297;2086;245;1130;3622;4168;4672;2815;2375;901;389;245;18723;1279;0;70;4759;3013;4942;1592;770;3456;712;117;956;10689;9628;9138;435;2713;2892;1580;3559;9771;7660;857;2029;3327;11670;3577;1743;8297;2243;3327;3215;678;2557;22;1674;8275;91;10255;14061;6019;208;29;0;20211031
AT1;AT13;AT130;91000;91003;3635;7605;7588;17;9;1645;1944;3448;559;18;105;503;6665;314;18;549;1232;5588;218;18;1215;2219;3317;769;67;18;316;1796;1801;653;786;1068;150;1017;18;295;1156;1513;1867;1092;1058;427;179;18;7088;499;0;0;1903;40;2457;1031;460;820;128;201;565;3821;3784;3935;159;906;1091;552;962;3450;2998;396;761;1120;4196;1524;765;3267;665;1120;1498;312;743;5;665;3138;39;3758;5330;2266;0;9;0;20211031
AT1;AT13;AT130;91000;91004;4114;9441;9416;25;6;1783;2302;4104;1246;568;240;739;7300;594;568;893;1659;6108;213;568;1894;2473;3495;890;121;568;684;2381;2118;471;1006;1021;174;1018;568;573;1626;1647;2041;1164;1142;455;225;568;8192;658;0;23;4535;971;1050;1076;454;381;45;67;862;5067;4374;3554;323;1518;1494;499;2053;4827;3418;401;795;1512;5100;1814;1015;3972;1069;1512;1251;342;1295;14;791;3863;53;4720;6096;2929;410;6;0;20211031
AT1;AT13;AT130;91000;91005;8067;18065;18058;7;7;3344;4312;8502;1900;247;267;2306;14556;689;247;1369;2663;12742;1044;247;2919;3355;8133;3216;195;247;897;4506;4001;1562;1974;2304;368;2206;247;679;2463;3449;4695;2691;2375;982;484;247;16865;951;0;2;5974;1342;959;603;2006;3043;1056;1667;1415;9315;8750;8695;454;2202;2827;1427;2460;8545;7226;697;1597;2881;9462;3724;1998;8213;1466;2881;2856;760;1889;28;1608;7714;64;8651;13165;4662;231;7;0;20211031
AT1;AT13;AT130;91000;91006;5887;13302;13287;15;14;2506;3162;5921;1699;348;211;957;11222;564;348;1460;2663;8382;449;348;3001;3065;5303;1447;138;348;1100;3808;2843;795;1348;1525;196;1339;348;852;2405;2416;3143;1796;1440;658;244;348;11723;1129;0;102;6255;582;912;1064;495;623;1111;678;1582;6993;6309;5516;409;2162;2059;980;2176;6605;5047;477;1173;2195;7267;2487;1353;5731;1409;2195;1817;537;1613;19;1220;5491;61;6511;9055;3901;332;14;0;20211031
AT1;AT13;AT130;91000;91007;6262;13314;13306;8;7;2800;3332;6101;1074;149;44;2262;10224;635;149;764;1700;10224;477;149;1533;2908;6831;1778;115;149;487;3119;2864;1068;1523;1833;277;1994;149;373;1705;2382;3398;1901;2014;955;437;149;12772;393;0;0;1800;556;1600;3972;2027;719;796;409;1435;6627;6687;6875;305;1543;1962;728;1901;5839;5440;821;1214;1949;6923;2981;1461;5648;1079;1949;2862;453;1323;10;1085;5362;46;6811;9326;3840;141;7;0;20211031
AT1;AT13;AT130;91000;91008;4486;9746;9737;9;9;1910;2466;4461;900;9;101;945;8254;437;9;751;1595;7188;203;9;1677;2208;4162;1579;111;9;625;2544;2215;661;1090;1367;143;1092;9;490;1454;1764;2375;1499;1398;513;244;9;9286;451;0;0;2863;1211;556;1803;1164;445;222;231;1251;5057;4689;4577;251;1367;1497;671;1383;4522;3888;414;922;1487;5185;2058;1016;4307;839;1487;1665;366;1082;10;910;4047;47;4732;6879;2858;0;9;0;20211031
AT1;AT13;AT130;91000;91009;2372;5420;5417;3;3;988;1286;2534;609;224;11;119;4927;139;224;192;645;4233;126;224;564;1244;2377;948;63;224;116;1283;1284;420;694;699;93;607;224;88;686;865;1574;661;936;245;141;224;5105;91;0;0;71;1412;802;0;0;639;1038;219;1239;2710;2710;3237;106;418;669;331;659;2710;1940;232;538;957;2659;1232;572;2357;435;957;883;315;473;4;382;2347;30;2657;3954;1266;197;3;0;20211031
AT1;AT13;AT130;91000;91010;8837;18661;18619;42;37;4234;4494;7904;1992;489;100;990;16525;557;489;1454;3143;13407;168;489;3279;5134;8025;1653;81;489;767;4862;4301;1286;2109;2356;266;2225;489;728;3021;3556;4342;2915;2211;1110;289;489;17740;432;0;0;1136;3077;4547;5391;1185;1144;170;64;1947;9383;9278;10181;313;1681;2406;1434;2646;8601;6711;1163;2186;3059;10860;3442;1300;7104;1778;3059;4010;546;2164;17;1302;7277;66;9999;12719;5458;447;37;0;20211031
AT1;AT13;AT130;91000;91011;4248;9368;9355;13;13;1830;2388;4135;1002;124;1105;40;7903;196;124;525;1121;7093;505;124;1380;1242;4277;2202;143;124;208;2345;1959;866;1028;1399;282;1157;124;198;980;2007;2272;1500;1393;532;362;124;9003;232;6;3;6;2324;64;1993;657;3598;388;48;290;4592;4776;6003;130;526;770;822;1117;4081;3661;610;1016;1405;5341;1903;719;3541;818;1405;2264;424;916;8;558;3677;31;5094;6994;2250;111;13;0;20211031
AT1;AT13;AT130;91000;91012;1131;2541;2540;1;0;409;666;1381;85;4;12;389;2136;0;4;59;242;1854;382;4;51;266;1180;1007;33;4;19;440;532;328;382;420;54;362;4;0;83;322;795;472;582;198;85;4;2537;0;0;0;0;0;0;4;5;0;60;1839;633;1248;1293;1653;80;228;177;77;326;1234;1068;33;206;425;791;723;602;1451;97;425;229;159;180;6;181;1342;9;1003;1998;540;3;0;0;20211031
AT1;AT13;AT130;91000;91013;2782;5070;5064;6;6;1416;1686;1751;211;6;510;53;4387;114;6;189;852;3849;174;6;584;1755;2397;274;54;6;55;762;1023;426;629;1134;101;934;6;82;446;841;1382;840;997;359;117;6;4882;162;18;2;0;934;854;2217;796;38;10;61;160;2411;2659;3666;69;339;514;206;276;2019;1902;463;686;594;3010;1073;393;2102;318;594;1558;123;375;1;357;2021;20;2671;3393;1671;0;6;0;20211031
AT1;AT13;AT130;91000;91014;2079;4145;4136;9;9;923;1302;1682;229;9;71;1;3977;87;9;118;525;3414;79;9;385;2155;1307;274;15;9;56;782;807;416;475;814;124;662;9;91;527;928;1091;573;680;188;58;9;3873;248;13;2;0;2;3007;566;485;54;17;0;14;2025;2120;3091;64;245;323;150;272;1802;1543;282;518;579;2413;849;304;1674;329;579;1137;115;311;3;277;1675;13;2177;2964;1172;0;9;0;20211031
AT1;AT13;AT130;91000;91015;3715;8514;8499;15;2;1392;2176;4296;648;121;1111;846;6372;64;121;117;1248;6133;895;121;304;1342;4969;1583;195;121;255;1977;1763;708;1080;1154;301;1155;121;96;754;1172;2810;1419;1271;633;238;121;8322;34;33;4;83;129;129;783;279;89;274;2382;4366;4167;4347;5339;189;639;948;330;1069;4117;3455;278;664;1595;3735;2135;1049;4262;501;1595;1147;399;610;7;704;3920;44;3839;6673;1745;94;2;0;20211031
AT1;AT13;AT130;91000;91016;3585;7535;7516;19;9;1529;2256;3167;574;271;1711;335;5077;141;271;278;972;5155;859;271;915;1237;2713;1661;738;271;165;1100;1460;618;1044;1279;367;1231;271;137;494;932;1761;1304;1573;652;411;271;7028;209;25;2;0;2240;383;837;270;810;643;173;2179;3646;3889;5853;147;407;414;217;497;3200;3027;569;739;1065;3395;2024;1051;3315;417;1065;1978;243;517;9;508;3146;30;3842;5429;1845;252;9;0;20211031
AT1;AT13;AT130;91000;91017;398;931;931;0;0;123;240;535;33;0;234;225;449;23;0;2;50;722;157;0;15;48;253;447;168;0;12;66;199;171;131;139;68;145;0;11;33;21;257;231;189;116;73;0;916;12;0;3;78;45;13;121;144;244;68;2;216;452;479;826;21;38;17;10;19;388;421;51;71;135;383;290;123;480;27;135;189;64;36;15;86;402;3;425;772;159;0;0;0;20211031
AT1;AT13;AT130;91000;91018;2926;6227;6208;19;0;1152;1748;3140;187;42;826;1673;3621;65;42;71;931;4675;508;42;159;961;2679;1854;532;42;19;925;1414;785;953;1050;241;798;42;8;227;630;1794;1298;1363;577;288;42;6147;31;1;6;157;153;314;117;192;40;1875;601;2778;2999;3228;4730;202;466;312;130;387;3015;2401;207;604;1028;2185;1752;1262;3519;232;1028;831;272;345;10;485;3223;14;2495;4807;1399;21;0;0;20211031
AT1;AT13;AT130;91000;91019;1724;3417;3407;10;0;760;1150;1334;173;24;1107;659;1511;116;24;62;635;2153;543;24;438;505;946;999;505;24;70;415;645;294;498;633;199;639;24;38;235;291;717;635;779;411;287;24;3293;79;6;15;205;149;294;522;104;285;555;83;1220;1674;1743;2563;109;328;176;51;190;1476;1436;178;327;412;1369;1038;598;1738;137;412;781;110;239;18;281;1560;6;1552;2459;946;12;0;0;20211031
AT1;AT13;AT130;91000;91020;4586;10147;10134;13;13;1923;2804;4207;1200;275;27;3;9711;131;275;284;606;8871;111;275;487;904;6889;1581;11;275;133;2103;2136;986;1273;1366;329;1546;275;53;872;2033;2429;2025;1137;958;365;275;9872;0;0;0;0;0;0;4996;5125;0;0;0;26;4690;5457;7098;137;616;701;744;851;4113;3858;1080;1096;1620;6254;1796;477;3308;812;1620;3204;346;857;1;637;3371;33;6105;7549;2323;262;13;0;20211031
AT1;AT13;AT130;91000;91021;3582;8245;8241;4;4;1268;2362;3792;819;300;215;511;7146;73;300;176;775;6712;282;300;176;745;5000;1956;68;300;99;1500;1747;1055;986;1430;251;877;300;34;431;1172;2417;1508;1521;509;353;300;7938;1;4;2;1;72;157;147;229;3362;2314;11;1952;3914;4331;5919;176;554;564;363;669;3746;3264;417;818;1360;3703;2055;1127;4270;429;1360;1388;315;483;5;666;3968;17;3589;6426;1519;296;4;0;20211031
AT1;AT13;AT130;91000;91022;3422;7245;7241;4;4;1558;1814;3054;815;4;102;970;5566;603;4;519;1223;5337;162;4;1081;1750;3340;1015;55;4;520;1806;1355;530;806;976;217;1031;4;435;1190;1137;1562;1056;1134;507;220;4;6823;416;2;0;2446;203;1214;1595;426;292;186;484;399;3757;3488;3122;280;1206;955;319;1363;3611;2709;351;574;1063;3411;1604;1167;3313;584;1063;1089;325;871;5;596;3139;31;3474;4854;2387;0;4;0;20211031
AT1;AT13;AT130;91000;91023;5280;11611;11593;18;18;2328;2720;5380;1165;198;134;727;10226;326;198;901;1851;8471;190;198;1767;2674;5469;1433;70;198;375;3266;3067;803;1206;1439;118;1139;198;371;1537;2359;3313;1674;1455;541;163;198;10971;433;0;9;1482;1524;1102;2451;121;21;305;2150;2455;5820;5791;6239;259;1235;1462;895;1521;5751;4145;565;1150;2043;6204;2301;1063;5128;1059;2043;1703;445;1233;11;979;5042;44;5535;8290;3137;166;18;0;20211031
AT1;AT13;AT130;91100;91101;1348;3295;3294;1;0;631;604;1476;584;519;5;533;2238;0;519;41;446;2177;112;519;87;358;1342;980;9;519;0;624;735;285;347;403;31;351;519;0;63;356;901;554;525;223;154;519;2774;2;0;0;0;3;41;2;2;0;206;746;2295;1671;1624;1845;163;343;227;114;603;2060;974;45;216;567;829;1025;874;1693;134;567;197;437;267;7;192;1604;9;1483;2038;749;508;0;0;20211031
AT1;AT13;AT130;91100;91102;8647;18977;18961;16;6;3769;4730;8822;1650;454;132;1596;16227;568;454;1013;2987;14223;300;454;2240;4266;8676;3149;192;454;568;4828;4777;1377;2068;2560;249;2096;454;465;2218;3471;5197;3092;2548;1074;458;454;17912;564;0;47;2265;1733;2861;2674;1988;939;205;365;5947;9323;9654;11012;455;2053;2125;996;2336;9327;6901;889;1860;3461;9341;3900;2275;8558;1568;3461;3063;634;1693;23;1406;8410;75;9063;13655;4981;335;6;0;20211031
AT1;AT13;AT130;91100;91103;8416;18109;18098;11;5;3746;4264;8531;1563;122;181;1843;15183;780;122;1030;3361;12836;760;122;2802;4242;7791;2965;187;122;814;4506;4178;1442;1986;2571;313;2177;122;698;2244;3391;4902;2782;2595;962;413;122;17253;730;4;0;2963;2289;3100;2892;704;2109;1068;409;2575;9214;8895;9559;422;2173;2420;1151;2384;8809;6772;742;1786;2949;9491;3805;1864;8110;1701;2949;2765;775;1809;16;1563;7943;77;8510;13010;5000;94;5;0;20211031
AT1;AT13;AT130;91100;91104;2338;4859;4854;5;2;1023;1378;2125;331;5;101;353;4217;183;5;229;681;3834;110;5;606;1058;2535;620;35;5;86;1033;1109;502;527;831;130;636;5;121;600;875;1237;698;836;309;178;5;4632;222;0;0;631;16;1677;486;720;1034;25;2;268;2476;2383;2728;90;504;726;271;540;2124;1966;277;492;745;2848;919;347;2003;431;745;1055;163;462;6;360;2004;15;2474;3513;1344;0;2;0;20211031
AT1;AT13;AT130;91100;91105;6103;12795;12772;23;14;2625;3422;6074;660;29;634;747;11189;196;29;412;2008;9929;417;29;1064;3321;6407;1703;271;29;227;2717;3143;1235;1450;1944;373;1677;29;197;1225;2213;3865;1840;2246;829;351;29;12626;126;5;9;250;1869;1474;2565;672;1012;1400;774;2779;6285;6510;8652;263;1133;1168;605;974;6107;4752;617;1319;2181;6652;2751;1211;5876;1028;2181;2302;459;949;7;994;5782;47;5965;9583;3192;6;14;0;20211031
AT1;AT13;AT130;91100;91106;138;301;299;2;0;49;102;129;21;2;148;0;130;21;2;3;30;261;5;2;33;37;207;21;1;2;0;83;67;0;90;26;2;31;2;6;19;32;114;20;84;5;19;2;286;13;0;0;46;57;12;0;0;0;1;0;185;154;147;248;0;19;20;6;8;127;142;8;24;44;163;72;22;172;9;44;47;12;17;0;21;159;1;120;246;55;0;0;0;20211031
AT1;AT13;AT130;91100;91107;3131;6742;6732;10;4;1273;1938;3025;502;12;949;391;5305;85;12;289;594;5632;215;12;475;1394;3595;1118;148;12;146;1509;1490;590;975;864;202;954;12;85;691;1285;1727;1160;1061;496;225;12;6616;101;3;10;262;155;312;3791;392;163;519;141;1007;3166;3576;4667;115;519;523;381;537;2912;2640;483;707;1105;3757;1379;501;2760;531;1105;1607;243;496;14;478;2725;25;3500;5182;1556;0;4;0;20211031
AT1;AT13;AT130;91100;91108;477;942;942;0;0;194;348;400;0;9;220;242;460;11;9;44;55;787;47;9;72;51;545;252;13;9;11;62;183;129;124;188;76;160;9;9;19;47;287;148;279;62;82;9;923;4;1;5;2;28;80;22;22;21;705;17;45;446;496;810;10;49;38;8;27;373;416;39;114;104;432;297;109;532;32;104;201;36;37;0;81;478;5;378;715;223;4;0;0;20211031
AT1;AT13;AT130;91100;91109;936;2498;2491;7;0;290;520;1302;386;144;571;138;1538;107;144;17;178;1673;486;144;56;255;966;715;362;144;6;425;560;314;359;311;71;308;144;15;120;365;742;398;370;208;136;144;2321;21;0;12;247;69;105;58;198;403;531;632;255;1261;1237;1874;67;237;157;40;123;1094;1024;175;205;410;1178;664;246;1284;107;410;461;85;151;122;177;1065;8;1126;1934;428;136;0;0;20211031
AT1;AT13;AT130;91100;91110;11452;26815;26793;22;14;4029;6650;13916;2206;68;647;2198;23556;346;68;438;2101;23146;1062;68;726;3132;15417;7128;344;68;332;5933;6043;3460;3158;3842;907;3072;68;167;1834;4968;8291;4283;4499;1736;969;68;26667;75;1;4;184;76;109;1503;7971;1858;10010;458;4646;12870;13945;18110;424;2241;2425;1648;1967;12239;10892;1129;2555;4900;13975;5927;2013;12406;1880;4900;4583;1072;1974;24;2160;11844;95;12692;21748;5007;46;14;0;20211031
AT1;AT13;AT130;91100;91111;2078;5059;5048;11;1;858;1174;2091;935;539;436;414;3546;124;539;201;683;3421;215;539;497;795;2130;911;187;539;158;991;1078;431;526;629;134;573;539;114;519;744;1194;744;716;305;184;539;4341;168;5;6;942;78;386;162;1517;39;992;40;903;2563;2496;2999;74;457;386;222;921;2450;1855;253;501;992;2731;1011;325;2007;413;992;813;169;665;13;324;1958;21;2743;3483;1048;527;1;0;20211031
AT1;AT13;AT130;91100;91112;152;447;446;1;1;45;108;160;133;77;177;38;140;15;77;1;27;249;93;77;17;18;101;147;87;77;16;65;78;24;49;65;10;63;77;10;22;16;107;73;82;23;37;77;330;34;0;6;13;57;55;34;27;20;8;76;157;260;187;305;4;31;31;2;74;230;169;25;23;66;237;110;34;185;21;66;78;10;87;8;34;161;2;242;301;69;76;1;0;20211031
AT1;AT13;AT130;91100;91113;2457;4825;4823;2;0;1141;1576;1911;197;49;771;318;3564;123;49;226;523;3732;295;49;422;639;2482;982;251;49;71;752;973;391;674;843;202;870;49;65;250;564;1256;875;968;482;316;49;4698;71;6;1;203;122;131;787;448;1360;536;213;1025;2391;2434;3205;129;535;346;160;450;1983;2081;275;486;632;2238;1347;608;2288;239;632;1212;140;314;8;363;2130;5;2319;3419;1396;10;0;0;20211031
AT1;AT13;AT130;91200;91201;2392;4642;4640;2;0;1156;1450;1693;343;21;80;594;3698;249;21;219;972;3356;74;21;530;1249;2174;622;46;21;119;994;1066;304;583;752;124;679;21;108;511;725;1168;754;847;347;161;21;4483;133;0;5;1397;201;469;1073;286;141;27;122;926;2323;2319;2520;251;567;543;183;578;2528;1562;178;374;597;1824;1111;1110;2455;313;597;619;215;443;5;366;2322;27;1922;2996;1627;19;0;0;20211031
AT1;AT13;AT130;91200;91202;8573;17163;17150;13;12;4170;4572;6994;1415;176;186;1345;14734;722;176;1192;3010;12221;564;176;3567;4783;5911;2585;141;176;785;3625;3598;1298;2207;2704;305;2465;176;709;2476;2783;4077;2528;3038;927;449;176;16068;919;0;0;4464;5914;1789;640;1174;1226;1057;622;277;8570;8593;9027;483;2144;2444;879;2186;8263;6029;870;2001;2277;8808;3764;2314;7715;1548;2277;3243;590;1790;15;1273;7711;77;8087;11324;5664;163;12;0;20211031
AT1;AT13;AT130;91200;91203;2428;4834;4829;5;5;1292;1036;2076;425;74;13;8;4576;163;74;429;1095;3165;71;74;1210;1749;1686;102;13;74;176;1236;1242;323;441;767;66;509;74;201;901;1058;1084;603;748;146;19;74;4626;134;0;0;0;2118;2627;0;69;0;0;20;0;2377;2457;2655;79;395;561;477;667;2362;1510;260;702;712;3087;807;228;1755;651;712;995;162;559;7;320;1990;23;2494;3171;1589;69;5;0;20211031
AT1;AT13;AT130;91200;91204;4649;9579;9570;9;6;2243;2590;3757;983;274;214;1285;7071;735;274;717;1844;6388;356;274;1679;2383;3771;1293;179;274;418;2138;2026;658;1207;1370;179;1309;274;392;1328;1526;2065;1656;1399;655;284;274;8847;452;0;6;2818;308;1906;1114;705;1056;337;182;1153;4855;4724;4780;469;1280;1153;409;1488;5112;3273;369;825;1278;4083;2322;1896;4665;763;1278;1366;530;977;8;736;4523;31;4281;6226;3138;209;6;0;20211031
AT1;AT13;AT130;91200;91205;4343;8415;8408;7;7;2101;2486;3287;534;7;89;1012;6917;390;7;534;1265;6293;316;7;1220;2040;3773;1209;166;7;222;1630;1777;713;1032;1391;216;1427;7;252;921;1302;2058;1417;1494;635;329;7;8028;361;0;19;3035;629;928;1754;444;1137;80;122;286;4244;4171;4719;334;936;911;407;1108;4104;3011;463;837;1034;3691;2092;1598;3973;595;1034;1662;347;804;7;559;3904;27;3918;5574;2834;0;7;0;20211031
AT1;AT13;AT130;91200;91206;5069;9976;9967;9;3;2487;2950;3986;550;250;200;1574;7425;527;250;749;1459;7072;446;250;1632;1845;4114;1784;351;250;352;1580;2129;936;1239;1560;309;1621;250;268;935;1224;2387;1720;1889;756;547;250;9193;525;0;8;5634;450;336;714;962;273;295;55;1257;4998;4978;5449;665;1315;1029;239;1279;5198;3507;438;833;1224;3605;2502;2645;5262;563;1224;1532;468;927;18;759;4930;26;4243;6445;3437;91;3;0;20211031
AT1;AT13;AT130;91200;91207;3285;6534;6530;4;4;1593;1870;2510;557;137;186;478;5510;223;137;263;875;5025;234;137;921;2271;2353;753;99;137;130;1245;1263;573;925;959;150;1152;137;166;876;1034;1645;894;1161;396;225;137;6270;121;3;3;229;2006;2655;821;348;171;133;9;162;3094;3440;4172;170;598;570;323;701;3053;2191;448;842;892;3200;1479;963;2741;519;892;1540;227;615;5;421;2756;27;3325;4449;1956;125;4;0;20211031
AT1;AT13;AT130;91200;91208;2486;5068;5065;3;1;1213;1380;2211;263;113;446;197;4097;215;113;406;773;3609;167;113;870;989;2364;677;55;113;195;984;1234;407;622;724;99;690;113;150;545;757;1371;923;729;342;138;113;4714;218;16;7;1320;714;222;845;243;191;709;44;780;2598;2470;3019;139;505;656;184;565;2506;1846;232;484;768;2354;1178;768;2503;353;768;857;165;422;4;407;2381;17;2259;3438;1615;14;1;0;20211031
AT1;AT13;AT130;91200;91209;3116;8158;8146;12;11;1164;1348;4160;1475;12;584;30;7392;140;12;362;769;6237;778;12;965;441;4623;1752;365;12;197;2731;1922;849;563;1098;172;614;12;138;1242;2094;2138;1174;862;303;195;12;8100;37;4;5;0;63;1290;1067;3660;1795;68;38;177;4050;4108;4823;85;433;716;678;1423;4147;2892;377;742;1628;4656;1411;463;2864;953;1628;1360;504;849;1;515;3111;50;4481;6659;1488;0;11;0;20211031
AT1;AT13;AT130;91200;91210;5087;12067;12042;25;7;2330;3122;5702;906;1262;749;1245;8557;254;1262;301;1162;8642;700;1262;986;1812;5188;2506;313;1262;157;2001;2547;1110;1643;1426;355;1566;1262;170;709;1745;3247;1798;1868;843;425;1262;10570;184;31;20;556;1115;1118;1743;204;659;453;1421;4798;5792;6275;7471;313;1293;1427;353;1210;5639;4581;694;1153;1829;5206;3146;1886;5927;741;1829;2137;453;980;8;928;5602;39;5490;8490;3083;487;7;0;20211031
AT1;AT13;AT130;91200;91211;5250;11142;11137;5;1;2339;3156;4741;905;528;663;1653;7898;400;528;390;1266;8075;883;528;649;1756;5172;2441;596;528;237;1694;2100;1122;1351;1673;549;1888;528;170;718;1433;2604;2072;1947;938;732;528;10331;246;8;29;1669;1659;1383;1099;877;1308;970;279;1898;5258;5884;7973;446;915;622;212;974;5281;4133;725;1003;1628;3928;3163;2423;5227;593;1628;2409;450;835;11;655;5016;53;5407;7887;2893;361;1;0;20211031
AT1;AT13;AT130;91300;91301;256;532;527;5;0;93;198;220;21;5;4;120;374;29;5;28;36;381;82;5;34;38;192;169;94;5;22;42;102;36;78;110;36;101;5;9;25;34;99;118;128;52;62;5;512;15;0;0;226;159;34;50;25;0;0;0;38;261;271;370;33;51;26;4;48;240;210;38;44;77;133;142;180;273;13;77;114;13;42;1;14;271;0;246;412;120;0;0;0;20211031
AT1;AT13;AT130;91300;91302;3042;6398;6371;27;0;1351;1566;3127;354;34;962;1408;3607;387;34;188;381;3861;1934;34;273;588;1628;1751;2124;34;98;645;1047;609;1013;939;434;1579;34;34;299;450;1129;1117;1483;868;984;34;6237;126;0;1;2625;637;743;940;556;363;116;93;325;2933;3465;4583;552;433;174;57;599;2889;2615;387;507;991;1161;1677;2569;3003;182;991;1245;325;652;13;202;2931;11;3241;4740;1651;7;0;0;20211031
AT1;AT13;AT130;91300;91303;4759;9625;9617;8;0;2340;2672;3756;857;575;314;1924;6348;464;575;349;949;6956;796;575;687;1515;3753;2446;649;575;147;1007;1665;1046;1216;1612;454;1903;575;99;503;931;2059;1895;1844;965;754;575;8852;192;0;6;1808;510;2139;1285;1160;1377;394;192;760;4620;5005;6254;622;1111;509;114;1015;4884;3379;510;852;1252;2650;2818;2905;4844;427;1252;1920;392;790;13;431;4762;27;4392;6242;2827;556;0;0;20211031
AT1;AT13;AT130;91300;91304;5005;10402;10386;16;3;2247;2838;4673;641;272;1731;2499;5401;499;272;288;792;7055;1995;272;595;1329;3282;2775;2149;272;111;965;1892;1107;1586;1610;630;2229;272;71;359;887;2251;1890;2400;1140;1132;272;9934;180;7;9;2016;782;2078;1448;1458;1207;390;164;859;4846;5556;7708;587;863;306;93;845;4726;4189;683;804;1498;2282;2876;3746;4841;345;1498;2316;535;867;16;366;4716;45;5259;7441;2710;248;3;0;20211031
AT1;AT13;AT130;91300;91305;2156;4695;4681;14;0;893;1232;2280;290;150;1436;988;1932;189;150;148;333;2936;1128;150;245;756;1262;1074;1208;150;85;442;750;566;700;723;296;983;150;45;219;437;958;831;1013;544;498;150;4465;65;11;4;275;594;1200;790;588;290;170;138;650;2181;2514;3587;237;361;137;27;346;2110;1875;322;388;708;1150;1292;1545;2102;161;708;1082;261;381;6;181;2043;17;2448;3477;1082;136;0;0;20211031
AT1;AT13;AT130;91300;91306;1387;2652;2648;4;0;677;750;1136;89;4;482;705;1350;111;4;78;253;1777;540;4;167;292;994;723;472;4;33;231;413;292;375;503;148;653;4;15;98;190;530;530;616;381;288;4;2596;48;0;4;315;220;172;362;494;306;299;154;330;1192;1460;1928;150;201;104;19;250;1165;1046;182;259;373;613;727;939;1190;80;373;650;113;246;1;100;1151;11;1389;1853;799;0;0;0;20211031
AT1;AT13;AT130;91300;91307;1584;3357;3356;1;1;718;842;1496;300;49;476;309;2407;116;49;112;260;2484;452;49;187;628;1534;569;390;49;49;566;647;364;389;493;149;651;49;34;341;511;768;510;595;310;239;49;3241;66;1;0;329;227;1013;1285;95;48;46;28;286;1569;1788;2322;133;281;240;62;319;1622;1212;204;319;598;1130;882;747;1446;175;598;708;118;312;3;180;1387;13;1774;2416;892;48;1;0;20211031
AT1;AT13;AT130;91300;91308;3453;7244;7230;14;0;1636;2028;2723;857;555;959;1516;3946;268;555;245;684;4851;909;555;440;1113;2614;1577;945;555;105;823;1135;749;915;1143;332;1487;555;77;310;692;1463;1206;1587;739;615;555;6610;66;10;3;836;439;1139;1194;1635;484;502;217;798;3381;3863;5363;317;582;269;78;635;3103;2635;633;873;947;2442;2023;1832;2968;390;947;2054;269;616;7;299;3001;21;3916;4746;1957;541;0;0;20211031
AT1;AT13;AT130;91300;91309;2185;4470;4461;9;3;1006;1370;1695;396;267;182;113;3777;131;267;218;541;3123;321;267;551;1120;1813;554;165;267;95;540;799;457;544;756;234;778;267;74;450;574;1000;817;849;291;148;267;4032;123;42;6;65;2503;959;555;78;170;40;9;91;2097;2373;3424;96;309;240;71;330;1919;1600;402;549;561;1982;1282;645;1769;271;561;1352;142;375;4;200;1792;21;2453;2941;1268;258;3;0;20211031
AT1;AT13;AT130;91300;91310;123;281;281;0;0;43;82;124;32;0;56;84;72;69;0;11;56;199;15;0;11;39;126;85;20;0;20;67;64;18;48;43;0;21;0;0;28;32;81;46;64;19;11;0;279;2;0;0;49;0;22;7;0;0;6;0;197;135;146;243;6;20;7;0;5;128;130;3;20;56;73;85;67;172;5;56;31;8;9;3;16;158;0;104;230;51;0;0;0;20211031
AT1;AT13;AT130;91300;91311;1837;4161;4137;24;1;608;1280;2062;210;24;3345;338;335;119;24;63;40;2237;1797;24;62;144;609;1398;1924;24;40;248;433;474;746;645;407;1144;24;18;71;196;617;650;1100;722;763;24;4028;67;30;12;26;1054;433;529;602;430;298;174;615;2004;2157;3480;217;170;42;16;236;1512;2057;310;282;539;830;1294;1498;1822;66;539;1191;260;283;6;158;1711;11;2275;3403;757;0;1;0;20211031
AT1;AT13;AT130;91400;91401;4015;7563;7556;7;1;2016;2248;2970;328;12;196;1785;5234;336;12;499;1137;5251;664;12;1099;1384;3361;1466;241;12;208;1218;1528;539;1064;1256;247;1491;12;191;603;963;1847;1458;1417;681;391;12;7182;344;0;25;3001;341;506;536;726;600;251;523;1079;3752;3811;4747;352;763;770;154;777;3840;2725;336;662;922;2683;2027;1931;3887;412;922;1391;323;628;10;468;3733;31;3321;4968;2589;5;1;0;20211031
AT1;AT13;AT130;91400;91402;4492;8699;8693;6;4;2273;2310;3564;548;23;159;620;7570;327;23;879;1709;5685;403;23;2237;2207;3031;1033;168;23;416;1798;2059;603;1043;1329;184;1244;23;433;1171;1450;2072;1431;1409;466;244;23;7945;729;0;2;5029;1567;271;84;176;475;202;507;388;4450;4249;4537;352;1186;1264;387;973;4428;3062;331;878;1185;3959;2013;1542;4196;694;1185;1345;346;933;11;765;3992;37;3894;5570;3108;17;4;0;20211031
AT1;AT13;AT130;91400;91403;4697;9178;9167;11;5;2292;2540;3859;482;74;429;1608;6531;536;74;496;1082;6608;918;74;1166;1445;3215;2475;803;74;155;1335;1790;967;1170;1502;389;1796;74;176;607;1021;2177;1732;1778;887;726;74;8687;406;0;11;3634;2089;688;865;951;363;215;71;302;4350;4828;6196;548;788;650;150;846;4781;3046;458;893;1257;3003;2266;2652;4472;469;1257;1741;450;789;12;452;4384;42;4288;6167;2943;63;5;0;20211031
AT1;AT13;AT130;91400;91404;10685;20994;20980;14;11;5139;6036;8550;1258;293;154;2485;17416;646;293;1513;3301;15306;581;293;3552;4730;9097;3067;255;293;639;3604;4851;1952;2455;3489;567;3144;293;618;2190;2986;5464;3484;3781;1418;760;293;19712;984;0;5;5460;2130;2610;1860;1748;2807;1754;354;2271;10222;10772;12886;656;2158;2302;709;2283;10043;7631;1109;2211;2823;9343;5317;3511;9892;1390;2823;4329;764;1796;23;1364;9641;70;9896;14191;6513;279;11;0;20211031
AT1;AT13;AT130;91400;91405;2330;4727;4714;13;4;998;1500;2029;196;72;1360;433;2710;152;72;202;503;3437;513;72;615;652;2044;909;435;72;107;584;841;471;702;881;264;805;72;101;292;446;1209;926;974;407;300;72;4496;117;34;8;223;2361;170;239;268;255;94;175;942;2307;2420;3693;174;241;255;95;269;2012;1980;259;476;609;1766;1327;1025;2271;202;609;1115;221;309;4;247;2193;17;2266;3466;1198;59;4;0;20211031
AT1;AT13;AT130;91400;91406;6153;12064;12059;5;5;3049;3470;4564;976;457;333;1897;8952;425;457;734;1516;8747;610;457;1592;2486;5051;2130;348;457;266;1833;2290;1140;1512;2028;402;2136;457;215;1077;1500;2773;2067;2371;1005;599;457;11104;497;3;3;2689;472;1050;2112;1572;1971;1283;91;824;5732;6332;7884;397;1287;1023;243;1230;5401;4373;924;1366;1459;5022;3282;2301;5538;683;1459;2974;417;993;10;721;5357;40;5936;7875;3733;451;5;0;20211031
AT1;AT13;AT130;91400;91407;1446;3029;3022;7;7;672;724;1407;219;7;1;7;2924;90;7;179;660;2079;104;7;403;1635;902;67;15;7;95;878;751;220;286;372;40;380;7;109;684;622;766;231;521;81;8;7;2845;177;0;0;0;0;3029;0;0;0;0;0;0;1492;1537;1919;52;247;329;149;333;1545;992;152;340;543;1661;625;200;1167;323;543;558;123;315;0;188;1249;15;1577;2173;849;0;7;0;20211031
AT1;AT13;AT130;91400;91408;2006;4299;4295;4;3;844;1156;1968;328;4;972;469;2707;147;4;147;290;3148;710;4;218;778;1769;1021;509;4;40;677;899;464;580;583;227;825;4;33;425;584;1057;688;786;419;303;4;4184;105;6;0;316;233;1243;1030;512;289;92;108;476;2056;2243;3246;135;251;236;95;336;1942;1685;265;407;669;1562;1130;938;1955;227;669;973;193;282;2;195;1941;14;2147;3240;1056;0;3;0;20211031
AT1;AT13;AT130;91400;91409;97;294;294;0;0;52;58;75;109;119;0;0;175;0;119;8;30;136;1;119;10;24;80;60;1;119;0;22;42;27;34;28;2;20;119;0;0;0;52;57;42;18;6;119;175;0;0;0;2;0;0;0;0;0;109;0;183;163;131;256;2;12;8;3;13;181;74;8;31;30;132;77;55;121;68;30;49;2;24;0;9;174;4;107;127;57;110;0;0;20211031
AT1;AT13;AT130;91400;91410;4184;8654;8643;11;0;1874;2408;3801;571;227;1174;1664;5267;322;227;389;909;6365;764;227;701;1193;3377;2494;662;227;213;1086;1769;948;1139;1274;480;1518;227;151;556;779;2191;1503;1812;803;632;227;8155;224;29;19;1612;466;764;1448;1577;857;380;118;1432;4122;4532;6469;368;585;358;89;785;4053;3345;451;805;1331;2537;2376;2410;4092;329;1331;1835;436;631;11;415;3942;15;4271;6217;2221;216;0;0;20211031
AT1;AT13;AT130;91400;91411;2909;6723;6703;20;0;976;1940;3319;488;140;5169;575;612;227;140;189;190;3964;2240;140;213;236;1420;2307;2407;140;138;649;876;773;1099;911;556;1581;140;83;205;325;1149;1274;1556;986;1005;140;6229;247;51;56;65;1334;878;866;807;720;593;216;1244;3256;3467;5747;264;315;89;31;277;2610;3173;494;446;940;1732;2034;2017;3031;130;940;1908;342;372;6;264;2872;14;3567;5399;1207;117;0;0;20211031
AT1;AT13;AT130;91400;91412;2939;6719;6682;37;2;1058;1814;3386;459;142;1863;2050;2480;184;142;86;431;4559;1501;142;177;546;1874;2597;1383;142;68;750;1147;844;1062;970;491;1245;142;38;254;473;1547;1300;1552;739;674;142;6340;192;21;24;963;336;350;725;875;1148;675;154;1493;3300;3419;5349;278;443;159;68;422;2953;2958;286;522;1098;1866;1913;1842;3110;226;1098;1479;284;522;15;313;2966;25;3400;5306;1309;102;2;0;20211031
AT1;AT13;AT130;91500;91501;5598;10495;10486;9;6;2879;3068;3945;597;29;93;809;9107;457;29;836;1974;7096;560;29;2227;2776;4353;982;128;29;430;1905;2271;768;1307;1795;221;1769;29;396;1244;1668;2469;1834;1831;732;292;29;9899;567;0;0;3396;2667;1650;691;958;205;483;414;31;5167;5328;5741;522;1190;1360;527;1155;5321;3560;507;1107;1266;4693;2503;2033;5046;810;1266;1974;404;995;5;718;5015;26;4731;6689;3780;20;6;0;20211031
AT1;AT13;AT130;91500;91502;5156;9926;9922;4;3;2555;2820;3930;618;6;216;704;8434;566;6;985;2124;6401;410;6;2571;2470;3353;1276;250;6;571;2141;2243;577;1290;1409;197;1492;6;519;1451;1367;2319;1606;1711;593;354;6;9013;867;0;40;7645;413;28;216;290;286;360;32;656;5174;4752;4845;564;1289;1521;386;1321;5442;3335;313;836;1188;4097;2348;2293;5326;738;1188;1232;458;984;18;775;5133;44;3956;6239;3682;2;3;0;20211031
AT1;AT13;AT130;91500;91503;5854;12525;12505;20;12;2681;3162;5331;1339;497;236;947;10255;590;497;710;2206;8617;495;497;2048;2566;5265;1832;317;497;472;2812;2848;866;1349;1696;264;1721;497;420;1575;2011;3005;1849;1940;772;456;497;11191;805;0;32;7437;723;263;432;1094;760;348;143;1325;6533;5992;6028;756;1610;1700;481;1950;7138;4047;369;971;1639;5065;2985;2836;6352;950;1639;1421;710;1453;17;950;6125;54;5379;7831;4206;476;12;0;20211031
AT1;AT13;AT130;91500;91504;4129;8646;8635;11;11;1992;2312;3354;977;539;93;680;6979;355;539;710;1894;5206;297;539;1912;1937;3001;1053;204;539;359;1810;2047;556;831;1295;193;1016;539;274;1056;1386;1992;1330;1347;465;257;539;7511;596;0;0;4346;480;140;353;848;638;231;0;1610;4555;4091;4161;494;1150;1095;395;1351;4906;2715;311;714;1005;3728;2134;1779;4237;650;1005;1172;605;977;11;613;4124;37;3861;5172;2968;495;11;0;20211031
AT1;AT13;AT130;91500;91505;5267;11282;11263;19;6;2387;2924;4755;1210;367;215;991;9034;675;367;711;1604;8106;494;367;1664;2432;4695;1909;215;367;471;2280;2383;983;1409;1506;294;1589;367;343;1431;1745;2822;1783;1690;735;366;367;10313;549;0;53;4601;431;637;1679;2076;1222;57;135;444;5543;5739;6240;489;1107;1340;519;1587;5733;3932;641;976;1493;5053;2621;2115;5122;859;1493;2132;524;1152;8;749;5055;35;5435;7500;3428;348;6;0;20211031
AT1;AT13;AT130;91500;91506;7291;14391;14378;13;8;3625;3928;5719;1111;365;233;1134;11934;725;365;1427;2627;9499;473;365;3270;3648;5603;1265;240;365;599;2977;3244;1066;1812;2010;251;2067;365;579;1913;2282;3541;2208;2262;858;383;365;12787;1238;0;1;8403;634;1260;469;1213;784;540;32;1056;7403;6988;7307;647;1861;2125;720;1731;7491;4953;657;1290;1804;6574;3253;2760;7086;1203;1804;2268;589;1441;18;1226;6812;50;6285;9024;5007;352;8;0;20211031
AT1;AT13;AT130;91500;91507;4325;8342;8327;15;11;2294;2380;2963;694;437;283;259;7047;316;437;510;1378;5777;240;437;1605;2398;2901;908;93;437;228;1340;1734;544;1062;1376;191;1430;437;206;911;1229;1952;1394;1494;495;224;437;7534;370;0;1;2149;2903;847;844;457;421;365;50;306;4013;4329;4979;281;764;1078;424;816;3953;2823;573;993;916;4273;2034;1119;3617;662;916;1954;424;769;10;628;3550;32;4122;5043;2895;393;11;0;20211031
AT1;AT13;AT130;91600;91601;7155;14005;13990;15;15;3480;4032;5401;1077;64;313;1829;10913;886;64;1149;2699;9616;477;64;2829;3520;5577;1742;273;64;717;2940;2984;1016;1761;2073;314;2136;64;580;1965;2053;3299;2246;2417;876;505;64;12842;989;0;110;7862;479;1315;1476;1286;701;332;17;537;7033;6972;7210;922;1606;1750;663;1854;7712;4563;576;1154;1766;5680;3177;3382;6958;1038;1766;2075;671;1497;23;973;6774;62;6173;8827;5117;46;15;0;20211031
AT1;AT13;AT130;91600;91602;3955;8043;8040;3;0;1898;2096;3359;690;62;251;629;6611;490;62;1086;1374;5114;407;62;2243;1940;2659;955;184;62;633;1894;1764;534;976;945;137;1098;62;467;1472;1349;1765;1120;1121;450;237;62;6896;966;0;119;6117;210;253;393;264;382;124;58;242;4322;3721;3580;405;1183;1344;372;1159;4264;2786;271;722;1049;3761;1669;1564;3859;657;1049;1107;353;1018;9;674;3683;35;3642;5103;2881;59;0;0;20211031
AT1;AT13;AT130;91600;91603;6448;12707;12700;7;7;3135;3480;5302;783;16;75;814;10936;866;16;1027;2251;9204;209;16;2279;4139;5163;997;113;16;432;2819;3092;1032;1462;1839;252;1763;16;458;1843;2289;3192;1888;1966;789;266;16;12205;486;0;0;2488;2637;3801;1152;1335;341;418;83;452;6242;6465;7582;259;1104;1729;756;1277;6096;4527;666;1418;1831;6511;2798;1567;5713;955;1831;2540;440;1228;6;753;5772;35;6141;8726;3965;9;7;0;20211031
AT1;AT13;AT130;91600;91604;4253;8419;8408;11;0;2071;2278;3517;553;11;140;1043;6819;406;11;656;1106;6261;385;11;1345;1663;3849;1390;161;11;275;1620;1959;739;1003;1287;191;1334;11;261;858;1338;2142;1419;1447;640;303;11;7959;418;0;31;3167;105;499;1160;861;1599;272;448;308;4111;4308;5031;358;768;978;392;892;4186;3047;406;780;1173;3625;2075;1546;4091;517;1173;1503;385;750;4;538;3987;25;3865;5697;2722;0;0;0;20211031
AT1;AT13;AT130;91600;91605;8221;16186;16180;6;2;4062;4486;6329;1307;378;377;1971;12613;847;378;1475;2697;11079;557;378;3351;3794;6217;2185;261;378;743;2977;3577;1269;2015;2490;346;2391;378;666;1863;2298;3962;2669;2781;1045;524;378;14788;1005;0;15;7658;1116;1008;808;1825;1110;630;743;1288;8142;8044;9195;705;1998;2220;497;1571;8045;5823;759;1559;2011;6998;4001;3176;8049;951;2011;2908;679;1588;19;1362;7437;46;7322;10435;5382;367;2;0;20211031
AT1;AT13;AT130;91600;91606;5159;10404;10399;5;3;2503;2686;4372;840;48;187;1066;8735;368;48;709;1829;7293;525;48;2072;1894;4234;1935;221;48;323;2275;2240;888;1173;1780;261;1416;48;352;1125;1886;2417;1992;1576;634;374;48;9986;370;0;0;2202;2949;315;2069;197;1596;424;218;434;5106;5298;6463;306;860;1200;621;954;4921;3751;585;1147;1404;4988;2413;1599;4542;747;1404;2243;428;1040;8;709;4465;41;5181;7153;3208;40;3;0;20211031
AT1;AT13;AT130;91600;91607;6055;12047;12042;5;2;2902;3316;5043;784;104;121;1138;10351;333;104;801;2296;8420;426;104;2028;2789;4991;2022;113;104;411;2419;2780;989;1319;2174;287;1564;104;373;1361;1903;2948;1958;2254;686;460;104;11347;594;0;2;4045;682;2078;643;1471;431;323;409;1965;5973;6074;7468;393;1037;1259;493;1397;6097;4218;543;1189;1783;5145;2856;2263;5766;821;1783;2178;481;1018;13;703;5699;50;5582;8198;3748;99;2;0;20211031
AT1;AT13;AT130;91600;91608;1802;3675;3666;9;1;893;1078;1236;467;317;1206;110;1960;82;317;186;338;2556;278;317;439;729;1396;554;240;317;86;452;591;305;474;619;114;717;317;77;258;340;846;612;728;313;184;317;3291;26;33;8;51;716;559;1024;491;142;209;65;418;1785;1890;2738;73;198;182;110;374;1602;1399;267;407;443;1626;1014;592;1568;184;443;980;132;368;5;189;1525;16;1940;2359;1009;306;1;0;20211031
AT1;AT13;AT130;91600;91609;2679;5762;5741;21;1;1151;1660;2426;524;350;1490;1387;2334;201;350;136;314;4052;910;350;260;589;1803;1643;1117;350;81;495;899;603;870;921;350;1193;350;25;199;343;1229;1023;1327;702;564;350;5341;57;6;8;415;457;625;1210;391;831;640;250;943;2653;3109;4856;219;257;135;45;250;2315;2469;488;490;777;1406;1656;1923;2652;106;777;1641;249;337;4;241;2493;11;3013;4078;1355;328;1;0;20211031
AT1;AT13;AT130;91600;91610;5028;10103;10096;7;6;2389;2784;4147;777;66;232;629;8603;573;66;1475;1819;6342;401;66;3338;2413;3340;769;177;66;645;2377;2403;738;1182;1341;178;1173;66;658;1837;1815;2338;1487;1278;428;196;66;8714;1228;0;95;7848;1153;360;0;419;160;82;0;81;5353;4750;4350;471;1484;1737;685;1376;5166;3571;427;939;1379;5083;1988;1653;4809;858;1379;1455;389;1213;12;912;4560;36;4583;6517;3521;59;6;0;20211031
AT1;AT13;AT130;91700;91701;5694;10815;10803;12;3;2827;3186;4307;492;39;391;1186;8649;550;39;1049;1788;7265;674;39;2424;2264;4075;1730;283;39;403;1874;2401;816;1366;1774;343;1799;39;373;1211;1604;2465;1915;2027;757;424;39;9804;914;0;58;6475;248;687;337;1077;847;169;262;713;5322;5493;6181;633;1282;1322;320;1077;5727;3725;416;947;1356;4059;2582;2818;5686;619;1356;1682;490;982;17;734;5454;32;4578;6907;3878;27;3;0;20211031
AT1;AT13;AT130;91700;91702;7283;14631;14617;14;6;3470;3960;6017;1178;139;379;1506;11862;745;139;1090;2564;10122;716;139;2608;3396;6127;1971;390;139;618;3058;3229;1181;1727;2094;330;2255;139;533;1900;2215;3558;2398;2312;1023;553;139;13558;910;5;19;6806;926;1489;1264;1514;1516;254;165;697;7293;7338;7613;947;1673;1811;559;2028;8023;4769;606;1233;1925;5957;3435;3314;7127;1022;1925;2184;787;1586;15;986;6926;64;6640;9470;5030;125;6;0;20211031
AT1;AT13;AT130;91700;91703;8745;17530;17519;11;2;4225;4804;7193;1306;403;332;1951;14121;723;403;1349;2689;12071;1018;403;3284;4021;7026;2469;327;403;682;3144;3665;1560;2164;2640;463;2809;403;700;2026;2559;4333;2786;2958;1217;548;403;15914;1149;0;64;7466;2542;1226;1745;1315;1576;405;748;507;8748;8782;10210;781;1907;2316;561;1755;8930;6062;830;1708;2360;7409;4176;3585;8409;1195;2360;3105;801;1660;19;1259;8101;62;8089;11588;5548;392;2;0;20211031
AT1;AT13;AT130;91700;91704;1746;3954;3940;14;2;698;1094;1749;411;247;1400;577;1606;124;247;197;309;2455;746;247;263;423;1319;994;708;247;113;502;741;336;566;524;182;743;247;52;188;337;906;676;792;412;344;247;3591;67;31;18;229;381;426;513;242;965;320;168;710;1767;2187;3151;215;179;150;35;224;1644;1641;343;326;574;1189;1030;1161;1703;105;574;1093;184;295;2;153;1634;12;2153;2868;851;233;2;0;20211031
AT1;AT13;AT130;91700;91705;3003;6467;6460;7;0;1190;1840;3066;371;7;1791;1198;3255;216;7;262;443;4577;1178;7;454;944;2192;1693;1177;7;115;980;1227;638;904;931;382;1283;7;104;459;740;1453;1038;1347;681;638;7;6240;157;46;17;656;688;1436;1212;680;459;365;259;712;3109;3358;5004;264;385;236;91;487;2917;2669;331;550;1053;1722;1682;2010;2991;270;1053;1386;312;455;8;263;2939;19;3238;4998;1469;0;0;0;20211031
AT1;AT13;AT130;91700;91706;1180;2572;2565;7;1;488;692;1209;182;71;863;583;953;102;71;146;234;1657;464;71;215;343;609;777;557;71;74;301;464;305;328;394;174;461;71;51;155;239;478;469;570;289;250;71;2390;78;14;19;303;167;588;238;438;273;159;21;385;1225;1347;1890;161;159;102;14;246;1184;1048;135;205;427;644;673;828;1135;95;427;542;129;244;5;95;1116;8;1348;1935;572;64;1;0;20211031
AT1;AT13;AT130;91800;91801;1020;2249;2240;9;1;438;502;1139;169;27;330;635;1086;171;27;22;85;1469;646;27;38;148;542;708;786;27;8;267;335;261;332;377;133;509;27;5;50;184;416;400;529;279;359;27;2173;46;0;3;854;106;442;393;187;153;70;27;17;1019;1230;1587;233;127;36;18;248;1159;802;131;157;402;309;511;1027;1060;30;402;355;152;250;2;49;1031;6;1161;1632;598;18;1;0;20211031
AT1;AT13;AT130;91800;91802;7190;13999;13993;6;3;3524;3934;5858;680;285;457;1960;10547;750;285;524;1534;10065;1591;285;1423;2225;4937;3883;1246;285;250;1636;2335;1608;1942;2325;653;2965;285;213;924;1228;3088;2619;3014;1439;1189;285;12827;878;3;6;9909;1183;548;813;657;390;65;154;280;6517;7482;9377;1217;990;722;215;1478;7668;4623;644;1064;1791;3084;3769;5355;7179;566;1791;2314;945;1204;28;546;7055;50;6320;9153;4579;264;3;0;20211031
AT1;AT13;AT130;91800;91803;8089;15099;15086;13;2;4199;4372;5750;776;194;452;1820;11710;923;194;1137;2420;10436;912;194;2670;3634;5723;2272;606;194;461;2430;3108;1114;2109;2401;423;2859;194;368;1495;1924;3522;2717;2982;1225;672;194;13831;1020;3;51;8637;1448;1195;827;1025;767;186;418;596;7245;7854;9044;1176;1606;1288;292;1693;8604;4646;554;1295;1802;4697;3777;4823;7955;829;1802;2198;886;1429;13;814;7784;55;6433;9274;5648;175;2;0;20211031
AT1;AT13;AT130;91800;91804;5059;9468;9451;17;8;2611;2628;3867;354;28;788;1674;6516;462;28;430;1231;6687;1092;28;1172;1730;3320;2233;985;28;195;1089;1719;1036;1275;1544;455;2127;28;147;541;1047;2190;1756;1985;963;811;28;9084;338;3;15;3964;1298;1577;757;642;313;310;145;462;4479;4989;6825;639;649;393;104;858;4813;3218;526;911;1238;2429;2516;3285;4619;388;1238;1898;500;825;15;353;4583;22;4495;6320;3129;11;8;0;20211031
AT1;AT13;AT130;91800;91805;4314;9967;9936;31;2;1738;2404;4799;1024;584;1867;2537;4541;438;584;164;564;6485;2170;584;377;730;2845;2915;2516;584;78;1041;1690;1251;1334;1339;595;2055;584;50;349;683;2040;1836;2045;1155;1225;584;9235;126;7;15;1523;882;1234;1477;1501;1174;631;180;1365;4462;5505;7189;679;575;248;70;1206;4572;3985;671;739;1629;2008;2454;3876;4412;214;1629;2054;650;1008;19;287;4256;32;5373;7320;2092;553;2;0;20211031
AT1;AT13;AT130;91900;91901;3069;6318;6297;21;0;1406;1702;2791;419;99;1060;1328;3462;369;99;227;560;4275;1157;99;364;1115;1754;1690;1296;99;95;819;1075;667;886;994;344;1339;99;58;386;500;1447;1075;1383;690;680;99;6054;151;7;7;1342;252;1248;794;1074;495;284;139;690;2930;3388;4476;411;468;225;80;658;2886;2442;420;570;916;1631;1692;2079;2876;246;916;1339;296;645;20;255;2814;18;3211;4530;1713;75;0;0;20211031
AT1;AT13;AT130;91900;91902;5001;9755;9735;20;11;2522;2938;3398;886;428;67;618;8220;422;428;582;1258;7157;330;428;1295;2896;4025;998;113;428;257;1554;1916;740;1356;1546;229;1729;428;249;982;1400;2377;1463;1811;702;343;428;9023;304;0;0;1180;2739;2287;887;1344;822;302;0;194;4616;5139;6052;334;922;732;302;1413;4525;3312;782;1136;1218;4376;2496;1665;3989;639;1218;2521;351;1037;8;501;4005;34;5207;6160;3176;408;11;0;20211031
AT1;AT13;AT130;91900;91903;298;828;828;0;0;345;178;84;221;435;3;40;327;23;435;105;115;165;8;435;143;86;131;31;2;435;6;39;118;24;24;103;4;75;435;7;23;10;106;72;114;38;23;435;393;0;0;0;0;97;0;1;45;0;186;0;499;411;417;266;72;137;60;14;279;590;149;15;74;29;195;347;257;417;37;29;60;189;96;1;31;418;3;375;220;387;221;0;0;20211031
AT1;AT13;AT130;91900;91904;7254;14178;14157;21;14;3628;3952;5611;973;363;416;2048;10569;782;363;704;1705;9989;1417;363;1548;2369;5398;3134;1366;363;245;1965;2589;1403;1871;2364;556;2822;363;162;1042;1601;2940;2643;2957;1438;1032;363;13304;511;0;0;4744;1706;3025;1669;892;966;552;184;440;6744;7434;9049;1012;1225;699;265;1928;7470;4612;723;1373;1828;4174;3788;4388;6778;717;1828;2552;917;1386;23;614;6721;50;6770;9153;4669;342;14;0;20211031
AT1;AT13;AT130;91900;91905;3624;7595;7590;5;2;1724;1916;3202;751;354;623;1383;4951;284;354;395;755;4799;1292;354;663;1383;2227;1577;1391;354;137;876;1484;807;940;1116;364;1517;354;79;561;683;1638;1368;1438;706;768;354;7116;124;0;1;925;617;2900;723;720;273;283;187;967;3577;4018;5015;550;576;312;100;1042;3606;2748;526;715;1131;2159;1981;2324;3225;318;1131;1577;371;973;13;271;3197;29;4085;5161;2090;342;2;0;20211031
AT1;AT13;AT130;91900;91906;2394;5357;5323;34;0;985;1326;2597;449;98;1241;1178;2505;335;98;125;237;3367;1530;98;190;335;1370;1553;1811;98;70;493;737;753;848;786;347;1225;98;39;166;347;960;951;1262;605;929;98;5185;63;4;7;691;536;727;1728;485;301;171;63;655;2604;2753;3825;379;353;115;36;649;2442;2187;317;411;863;1033;1477;1984;2301;93;863;1077;324;699;19;173;2182;15;2968;4089;1206;62;0;0;20211031
AT1;AT13;AT130;91900;91907;1384;2990;2977;13;0;581;798;1405;206;22;718;780;1291;179;22;91;143;1895;839;22;117;253;824;790;984;22;41;339;461;314;510;434;200;669;22;7;87;221;641;500;702;358;452;22;2901;56;6;5;613;104;161;842;344;200;287;25;414;1400;1590;2141;189;208;62;20;370;1362;1178;197;253;469;616;820;1085;1347;88;469;575;159;352;5;93;1315;9;1568;2278;707;5;0;0;20211031
AT1;AT13;AT130;91900;91908;6699;13052;13044;8;8;3365;3704;4987;988;426;320;1759;9976;571;426;705;1498;9523;900;426;1498;2247;5694;2512;675;426;195;1673;2603;1338;1597;2292;516;2412;426;169;846;1597;3093;2493;2588;1079;761;426;12364;257;0;5;1888;1127;1911;3110;1161;2186;378;780;511;5960;7092;8932;584;1128;621;220;1567;6118;4609;928;1397;1724;4289;3659;3380;5677;625;1724;3158;587;1281;16;513;5683;34;6806;8586;4042;416;8;0;20211031
AT1;AT13;AT130;91900;91909;1990;4622;4617;5;2;871;1066;2038;645;450;390;1024;2524;234;450;102;271;2724;1075;450;172;364;1014;1257;1365;450;38;364;799;463;643;677;272;916;450;20;136;257;848;875;904;486;646;450;4132;40;0;0;1456;283;742;759;352;118;106;42;764;2189;2433;2753;445;377;183;81;783;2533;1531;229;329;659;776;1299;1888;2178;107;659;635;494;549;9;131;2120;13;2349;3067;1108;445;2;0;20211031
AT1;AT13;AT130;91900;91910;4210;9213;9175;38;2;1761;2504;4172;774;341;1927;1699;4884;362;341;221;577;6330;1744;341;327;1176;3066;2331;1972;341;178;960;1589;1049;1349;1366;512;1869;341;54;430;829;2031;1600;1970;972;986;341;8760;81;19;12;478;860;627;2507;1201;1096;718;399;1327;4240;4973;6705;513;588;208;95;1104;3908;3720;781;804;1325;2392;2557;2939;3883;278;1325;2265;477;985;10;290;3809;27;5077;6782;2127;302;2;0;20211031
AT1;AT13;AT130;92000;92001;3967;8399;8389;10;10;1750;2106;3986;547;11;12;747;7445;184;11;556;1728;5978;126;11;1498;2660;2905;1315;10;11;363;2176;1913;732;984;1234;104;882;11;318;1332;1549;2228;1157;1293;300;211;11;8244;144;0;0;452;2459;2710;532;227;165;915;625;314;4098;4301;4996;131;678;944;644;1006;4031;3010;446;912;1384;4395;1698;922;3599;769;1384;1473;329;845;6;559;3707;29;4098;6188;2200;1;10;0;20211031
AT1;AT13;AT130;92000;92002;7512;14722;14708;14;13;3788;3902;5796;1223;192;111;1293;12496;630;192;1420;2945;9749;416;192;3688;3436;5551;1709;146;192;751;3199;3364;942;1708;2340;250;1976;192;677;2061;2325;3345;2621;2248;887;366;192;13453;1077;0;0;5330;2440;1474;1338;1170;309;1168;102;1391;7514;7208;7666;505;1584;1848;892;2227;7300;5089;710;1623;1999;7207;3219;2297;6759;1254;1999;2576;539;1595;12;1098;6648;75;6889;9482;5049;178;13;0;20211031
AT1;AT13;AT130;92000;92003;6818;13521;13512;9;9;3340;3782;5254;1136;208;288;1784;10378;863;208;992;2386;9448;487;208;2476;3321;5406;1870;240;208;586;2991;2649;884;1700;2013;332;2158;208;466;1922;2061;3015;1938;2436;908;567;208;12211;1074;0;28;7288;378;1091;936;1269;1390;267;0;902;6798;6723;7385;824;1389;1454;664;1805;7085;4590;674;1172;1838;5585;2973;3125;6394;944;1838;2332;634;1379;8;864;6269;52;6328;8745;4569;198;9;0;20211031
AT1;AT13;AT130;92000;92004;3882;9184;9178;6;6;1751;2108;3656;1663;1085;21;984;6915;179;1085;434;1134;6379;152;1085;902;1789;3900;1470;38;1085;293;1850;1807;699;991;1163;192;1104;1085;205;1030;1455;1917;1497;1143;609;243;1085;7932;167;0;0;818;191;1146;2284;2445;599;1454;246;1;4543;4641;4909;296;786;982;674;1537;4767;3137;437;843;1204;4001;2561;1418;3969;635;1204;1605;908;863;5;479;4019;20;4661;5885;2214;1079;6;0;20211031
AT1;AT13;AT130;92000;92005;5411;10559;10548;11;11;2680;2894;4245;729;11;201;846;8892;609;11;970;1730;7545;303;11;2423;2602;4396;973;154;11;584;2300;2138;799;1364;1432;194;1737;11;574;1587;1657;2348;1685;1573;787;337;11;9535;991;3;19;6910;441;708;1564;442;162;281;20;31;5387;5172;5333;640;1282;1137;583;1584;5702;3441;481;935;1335;4584;2334;2306;5163;804;1335;1565;515;1177;17;752;5034;50;4706;6709;3839;0;11;0;20211031
AT1;AT13;AT130;92000;92006;4123;8778;8763;15;15;1879;2194;3865;825;65;18;660;7603;432;65;543;1204;6756;210;65;1173;2745;4098;669;28;65;302;2242;1982;687;1073;1031;176;1220;65;303;1601;1692;2095;1208;1099;530;185;65;8296;417;0;0;1273;460;1781;4264;179;385;246;94;96;4273;4505;4895;215;698;872;746;1352;4289;3097;561;831;1460;4564;1718;1036;3338;869;1460;1732;376;1003;9;582;3448;39;4700;6220;2493;50;15;0;20211031
AT1;AT13;AT130;92000;92007;6255;13267;13249;18;18;2820;3560;5480;1389;296;71;890;11600;410;296;614;2088;10054;215;296;1614;3900;5799;1590;68;296;506;3122;2706;1011;1768;1837;249;1772;296;463;1886;2270;3308;1873;2041;814;316;296;12597;374;0;0;1857;2440;1272;2580;1584;517;1301;635;1081;6410;6857;7584;331;1160;1438;924;1830;6302;4724;809;1432;1986;6691;2820;1770;5562;1093;1986;2682;607;1337;10;817;5614;55;6771;9291;3680;278;18;0;20211031
AT1;AT13;AT130;92000;92008;3205;5965;5963;2;2;1680;1758;2132;393;23;49;869;4708;316;23;517;1113;4148;164;23;1142;1277;2830;630;63;23;176;1178;1209;431;643;1295;126;884;23;162;685;885;1359;969;1236;409;237;23;5652;290;0;0;2033;224;2;1211;1208;432;35;0;820;2966;2999;2888;332;748;722;323;952;3068;2121;275;501;702;2575;1638;1050;2639;431;702;1143;472;578;7;419;2526;24;2989;3702;2241;20;2;0;20211031
AT1;AT13;AT130;92100;92101;685;1561;1531;30;3;241;450;788;79;31;832;303;354;41;31;39;132;1022;337;31;29;122;403;605;371;31;57;142;298;188;197;224;119;305;31;20;57;68;344;285;369;203;184;31;1480;35;4;11;306;76;107;94;77;96;280;54;471;734;827;1375;36;57;44;9;40;665;679;99;118;221;577;449;314;778;48;221;356;77;81;21;115;682;4;739;1251;307;0;3;0;20211031
AT1;AT13;AT130;92100;92102;4024;8833;8822;11;4;1524;2438;4313;554;88;1087;1268;6275;115;88;234;960;6592;959;88;332;888;3835;3061;629;88;59;1367;1953;1171;1269;1417;327;1182;88;23;260;1068;2494;1744;1865;814;477;88;8651;78;6;10;485;275;234;195;180;437;3821;140;3066;4267;4566;6634;207;658;498;120;716;4210;3464;299;860;1519;3578;2391;1345;4700;425;1519;1252;354;583;16;682;4365;28;3742;6947;1817;65;4;0;20211031
AT1;AT13;AT130;92100;92103;3319;7564;7555;9;2;1084;2256;3748;474;30;785;244;6437;68;30;60;665;5874;935;30;139;474;2928;3478;515;30;82;1152;1513;997;1052;1289;374;1075;30;45;199;746;1958;1606;1790;704;486;30;7518;13;3;0;4;55;84;94;58;2799;1800;30;2640;3640;3924;5925;145;493;319;118;564;3416;3143;271;734;1362;3126;2049;1027;3804;306;1362;1365;277;450;11;543;3505;17;3488;6229;1325;8;2;0;20211031
AT1;AT13;AT130;92100;92104;1888;4402;4392;10;2;606;1386;1887;521;10;1926;528;1859;79;10;122;142;3156;972;10;156;301;1585;1638;712;10;68;782;722;428;608;618;389;777;10;45;424;542;798;788;992;470;333;10;4329;48;13;2;6;312;173;1673;439;263;398;271;867;2108;2294;3381;92;278;175;46;430;1750;2009;301;342;714;1952;1148;588;1786;197;714;1205;184;316;7;249;1684;12;2450;3630;770;0;2;0;20211031
AT1;AT13;AT130;92100;92105;7680;18954;18922;32;25;2696;4686;8520;3027;445;1369;588;16266;286;445;405;750;15804;1550;445;560;1370;10955;4963;661;445;207;4532;3655;2192;2114;2263;1035;2511;445;160;1955;3971;4417;3007;2784;1313;902;445;18456;50;3;0;66;168;145;6992;8499;1650;275;355;804;8970;9984;12885;266;1150;1248;931;2474;8291;7249;1515;1899;3325;11008;3505;1116;6580;1592;3325;4829;812;1816;8;1152;6742;73;10979;14952;3572;405;25;0;20211031
AT1;AT13;AT130;92100;92106;1492;3267;3261;6;1;601;890;1556;219;53;383;714;2077;40;53;97;823;2102;192;53;166;327;1422;1109;190;53;81;782;875;217;435;504;52;268;53;23;152;399;908;693;558;343;138;53;3174;32;8;0;261;33;54;127;173;5;66;88;2460;1595;1672;1834;122;284;179;37;811;1647;1278;107;235;564;1121;837;745;1709;157;564;345;120;372;10;197;1620;10;1430;2488;773;5;1;0;20211031
AT1;AT13;AT130;92100;92107;3561;7821;7812;9;4;1512;1912;3722;671;255;609;819;6066;72;255;327;1624;5342;273;255;640;1447;3788;1412;279;255;123;1929;2191;522;852;1158;125;666;255;86;547;1373;2260;1302;1301;481;216;255;7483;80;2;1;440;119;538;496;565;128;563;66;4906;4004;3817;4918;172;805;638;242;1046;4154;2722;199;746;1496;3510;1781;1034;3872;650;1496;893;230;680;4;629;3799;30;3359;5714;1871;232;4;0;20211031
AT1;AT13;AT130;92100;92108;2260;4819;4811;8;6;914;1424;2185;290;47;610;237;3860;65;47;201;755;3711;105;47;312;1058;2493;878;31;47;95;1073;1242;311;799;648;122;482;47;62;336;842;1531;775;840;256;130;47;4751;12;9;0;71;6;28;94;1140;323;591;19;2547;2344;2475;3379;81;396;346;147;470;2475;1724;193;427;899;2269;1173;478;2397;318;899;754;152;299;4;376;2284;18;2137;3696;1117;0;6;0;20211031
AT1;AT13;AT130;92100;92109;3246;6955;6931;24;11;1290;2098;3067;489;24;1431;435;4894;171;24;297;511;5165;958;24;284;975;2048;2828;796;24;120;1111;1402;785;749;1245;308;1211;24;63;492;783;1528;1198;1611;683;573;24;6829;86;12;4;123;587;203;1828;581;3058;92;40;443;3284;3671;5154;158;544;318;145;636;2937;2728;465;825;1076;3444;1697;738;2794;477;1076;1811;214;583;6;425;2785;16;3723;5309;1635;0;11;0;20211031
AT1;AT13;AT130;92100;92110;3209;5545;5534;11;9;1950;1348;2020;218;11;339;95;4920;180;11;943;1465;2989;137;11;1968;1014;2059;420;73;11;304;1041;1582;320;458;1050;124;655;11;261;593;963;1174;1409;676;331;127;11;5406;109;8;11;179;626;2825;318;656;89;47;45;760;2949;2596;3631;94;485;442;199;694;2812;1615;254;864;743;3445;971;386;2273;664;743;1131;150;584;4;418;2451;16;2656;3282;2254;0;9;0;20211031
AT1;AT13;AT130;92100;92111;2237;4956;4947;9;3;966;1312;2061;614;312;304;710;3508;122;312;112;544;3607;381;312;245;588;2420;1129;262;312;58;714;955;557;634;848;190;688;312;47;316;600;1176;906;927;441;231;312;4601;31;4;8;299;85;290;196;212;514;2400;204;756;2373;2583;3395;120;463;294;73;611;2234;1764;355;603;697;2392;1257;610;2433;298;697;950;220;358;6;329;2353;16;2252;3454;1196;303;3;0;20211031
AT1;AT13;AT130;92100;92112;3511;9172;9163;9;9;1015;1908;5163;1077;19;1238;312;7473;130;19;125;598;7959;471;19;247;634;5491;2187;594;19;73;2569;2362;1104;893;1063;246;843;19;25;998;2114;2608;1437;1212;512;247;19;9088;27;11;27;244;468;56;701;4211;115;382;351;2644;4402;4770;6239;107;588;677;568;993;4586;3499;336;751;2092;4709;1650;721;3840;787;2092;1255;396;802;8;693;3804;35;4632;7873;1282;8;9;0;20211031
AT1;AT13;AT130;92100;92113;2593;5896;5886;10;1;921;1572;3084;318;56;1194;1281;3285;80;56;30;520;4444;846;56;81;463;2094;2402;800;56;25;790;1427;647;1015;880;263;793;56;5;148;406;1653;1315;1345;525;443;56;5784;51;1;4;255;123;78;212;336;265;399;359;3869;2872;3024;4690;213;381;175;69;368;2811;2380;174;531;1092;1973;1640;1191;3139;210;1092;817;272;366;3;412;2892;22;2567;4739;1122;34;1;0;20211031
AT1;AT13;AT130;92100;92114;2644;5224;5210;14;14;1333;1362;2107;408;15;303;164;4525;217;15;248;588;4157;216;15;527;1664;2573;287;158;15;91;994;1177;509;669;678;146;945;15;85;738;946;1379;660;930;347;124;15;4883;324;0;2;60;77;1604;1509;1693;120;40;16;105;2578;2646;3726;69;349;343;151;586;2543;1647;393;641;875;3118;916;315;1939;478;875;1230;148;554;9;360;1976;23;2856;3623;1587;0;14;0;20211031
AT1;AT13;AT130;92100;92115;2462;5249;5240;9;6;1027;1464;2442;310;21;328;218;4609;73;21;128;604;4128;368;21;181;883;2787;1198;179;21;94;1008;1187;514;693;717;167;848;21;30;504;728;1493;854;920;467;232;21;5188;36;0;4;108;93;184;2075;64;130;323;364;1908;2519;2730;3693;120;493;287;137;519;2412;1978;285;574;909;2331;1342;667;2418;315;909;1009;187;411;4;323;2344;17;2561;3979;1252;12;6;0;20211031
AT1;AT13;AT130;92100;92116;1566;3277;3261;16;2;563;1214;1365;133;16;1900;303;950;108;16;52;77;2362;770;16;69;113;1064;1272;743;16;43;229;379;435;391;656;342;786;16;38;92;167;572;535;955;414;488;16;3156;80;7;18;81;419;257;296;552;904;244;129;395;1562;1715;2795;100;181;40;13;148;1061;1613;282;321;281;1276;1133;587;1477;89;281;1106;132;192;4;188;1362;5;1718;2591;684;0;2;0;20211031
AT1;AT13;AT130;92100;92117;3597;6917;6903;14;12;1857;1848;2707;493;14;329;151;6217;206;14;504;1121;5169;109;14;1207;2594;2777;280;45;14;218;1501;1687;451;844;997;91;1114;14;216;1156;1224;1737;911;1179;370;110;14;6748;140;7;8;144;1894;2363;1841;66;97;160;33;319;3385;3532;4536;88;531;546;303;913;3408;2189;399;921;1123;4148;1255;391;2632;770;1123;1436;190;766;7;446;2854;28;3582;4639;2266;0;12;0;20211031
AT1;AT13;AT130;92100;92118;3755;7539;7522;17;9;1818;2008;3113;591;67;220;1046;5883;323;67;515;1080;5568;309;67;1228;1625;3278;1119;222;67;268;1475;1635;697;752;1240;252;1153;67;255;926;1181;1669;1318;1260;571;292;67;7218;246;0;8;1946;566;1184;1477;435;743;163;68;957;3834;3705;4643;205;807;631;287;966;3506;2777;361;895;1157;3702;1709;971;3300;557;1157;1549;222;754;8;572;3177;22;3760;5186;2294;50;9;0;20211031
AT1;AT13;AT130;92100;92119;2359;5103;5092;11;6;987;1378;2223;509;24;589;182;4237;71;24;179;807;3948;145;24;344;777;2738;1137;83;24;111;1319;1202;375;609;761;105;597;24;61;400;888;1482;813;876;357;202;24;5045;27;3;4;280;173;58;366;115;1486;22;46;2557;2530;2573;3304;118;465;501;105;610;2515;1898;209;481;881;2464;1198;560;2562;312;881;778;189;381;5;440;2373;20;2265;3872;1219;6;6;0;20211031
AT1;AT13;AT130;92100;92120;1139;2427;2427;0;0;486;614;1164;163;5;23;227;2126;46;5;85;560;1748;29;5;213;350;1320;509;30;5;60;618;659;205;278;361;14;227;5;60;160;338;766;463;368;205;62;5;2396;26;0;0;634;10;25;172;0;1;431;0;1154;1229;1198;1423;50;333;299;72;250;1168;925;77;257;453;1175;538;261;1297;139;453;291;60;187;1;235;1180;9;1002;1794;628;5;0;0;20211031
AT1;AT13;AT130;92100;92121;3608;6888;6884;4;4;1910;1706;2885;383;4;61;544;5990;289;4;485;1517;4734;148;4;1582;1671;2947;625;59;4;244;1704;1521;419;763;1082;114;1037;4;262;933;1301;1422;1288;1039;461;178;4;6588;269;0;27;1466;2008;974;1078;316;120;49;0;877;3594;3294;3899;146;838;808;215;982;3327;2306;356;899;1037;3786;1404;661;2955;673;1037;1312;191;720;13;560;2938;36;3341;4403;2481;0;4;0;20211031
AT1;AT13;AT130;92100;92122;4845;9652;9643;9;5;2273;2858;3709;807;112;332;1235;7475;498;112;441;1506;7265;328;112;909;1974;4354;2053;250;112;221;1812;2139;791;1105;1641;261;1570;112;199;758;1457;2303;1699;1876;719;529;112;9335;186;14;5;1269;189;1410;1670;1691;1794;83;193;1353;4674;4978;5817;325;1054;773;254;1429;4487;3588;568;1009;1347;4324;2499;1482;4362;614;1347;2037;373;919;12;645;4176;37;4782;6668;2876;103;5;0;20211031
AT1;AT13;AT130;92100;92123;5381;10705;10699;6;5;2646;3088;4188;778;276;190;2149;7543;547;276;573;1397;8049;410;276;1169;2294;5303;1436;227;276;275;2025;2149;798;1326;1702;266;1888;276;221;1009;1627;2486;1840;1841;933;472;276;10097;303;0;29;1719;236;1347;2435;2164;750;446;295;1313;5247;5458;6335;340;1294;970;268;1498;5034;3882;639;1150;1563;4984;2571;1587;4625;728;1563;2354;399;1036;12;726;4465;42;5460;7091;3395;214;5;0;20211031
AT1;AT13;AT130;92100;92124;2799;6263;6251;12;2;1069;1704;3056;432;149;574;1175;4314;51;149;124;739;4985;266;149;206;773;3352;1563;220;149;74;1337;1514;504;963;848;145;729;149;28;330;839;1902;1155;1101;469;290;149;6082;30;2;0;149;124;75;66;775;1157;268;161;3488;2937;3326;4306;170;574;442;139;632;2945;2413;348;557;1166;2439;1541;1117;3024;281;1166;1121;220;451;5;421;2838;19;2980;4827;1305;129;2;0;20211031
AT1;AT13;AT130;92100;92125;3149;6872;6864;8;2;1260;1898;3332;380;105;587;918;5183;79;105;222;1005;5169;371;105;281;832;3321;2008;325;105;62;1122;1866;816;914;1141;195;651;105;23;233;683;2311;1279;1472;481;285;105;6703;45;10;9;43;280;147;31;69;64;2255;338;3645;3297;3575;4648;233;667;464;123;737;3431;2560;216;665;1200;2632;1821;1219;3783;299;1200;804;304;482;12;504;3524;19;2813;5249;1583;38;2;0;20211031
AT1;AT13;AT130;92100;92126;4183;8388;8376;12;7;1971;2404;3476;530;274;89;1376;6489;160;274;269;1149;6308;388;274;761;1863;3700;1630;160;274;172;1127;1839;802;1135;1418;245;1376;274;158;459;975;2353;1470;1793;604;302;274;8011;99;0;4;368;1753;297;689;520;844;1155;1035;1727;3943;4445;5790;292;739;482;225;860;4069;2902;383;1034;1200;3461;2109;1618;4052;491;1200;1592;386;667;7;526;3956;26;3873;5745;2374;262;7;0;20211031
AT1;AT13;AT130;92100;92127;708;1763;1751;12;0;220;418;982;143;23;1308;245;144;43;23;12;38;1218;472;23;20;54;313;620;733;23;16;140;348;303;241;247;125;320;23;7;32;120;342;410;397;197;235;23;1678;47;7;8;17;187;173;188;150;150;145;112;641;877;886;1266;79;105;32;17;264;702;808;130;123;285;561;477;440;773;41;285;384;83;197;1;109;693;4;956;1445;307;11;0;0;20211031
AT1;AT13;AT130;92100;92128;152;243;241;2;0;93;84;66;0;2;21;0;216;4;2;13;62;161;5;2;73;71;86;11;0;2;5;31;49;3;48;44;7;54;2;13;20;28;41;50;57;27;5;2;221;20;0;0;63;100;0;0;0;22;0;0;58;131;112;140;6;19;44;17;17;87;92;18;46;16;162;54;11;109;18;16;75;3;22;0;25;99;1;118;138;105;0;0;0;20211031
AT1;AT13;AT130;92100;92129;535;1254;1254;0;0;162;360;668;64;0;228;98;920;8;0;69;238;937;10;0;102;188;756;207;1;0;35;397;379;55;195;141;4;48;0;10;125;233;450;189;184;47;16;0;1232;0;13;9;0;3;9;13;9;0;0;70;1150;612;642;811;45;94;97;50;157;668;484;18;84;288;514;280;172;685;73;288;95;36;77;1;80;668;3;502;1045;209;0;0;0;20211031
AT1;AT13;AT130;92100;92130;8;20;17;3;0;5;2;13;0;3;14;0;2;1;3;0;1;15;1;3;1;0;15;1;0;3;0;0;4;9;0;1;0;3;3;0;0;4;9;0;1;2;1;3;17;0;0;0;15;0;0;0;0;4;1;0;0;12;8;6;0;0;0;0;14;7;12;1;0;4;12;1;3;9;2;4;3;1;1;0;1;8;0;11;13;7;0;0;0;20211031
AT1;AT13;AT130;92200;92201;913;2203;2201;2;1;252;662;1123;165;10;1071;546;542;34;10;29;75;1609;480;10;30;180;353;1217;413;10;8;259;373;343;315;321;228;346;10;25;78;140;478;441;614;234;183;10;2100;75;3;15;102;202;81;140;93;241;483;216;645;1090;1113;1687;56;182;60;40;178;891;1072;95;145;318;800;728;357;1109;59;318;456;107;154;13;154;994;6;1036;1842;352;8;1;0;20211031
AT1;AT13;AT130;92200;92202;2359;6303;6287;16;3;539;1430;3788;543;102;2318;904;2924;55;102;24;328;4831;1018;102;73;321;2228;2734;845;102;77;1028;1603;893;1001;724;248;627;102;21;169;533;2216;1267;1315;407;273;102;6122;73;5;1;102;75;111;67;104;284;416;649;4495;3068;3235;4906;128;345;255;76;593;3001;2749;166;387;1293;2282;1784;944;3526;146;1293;611;332;395;20;465;3159;18;2641;5482;735;83;3;0;20211031
AT1;AT13;AT130;92200;92203;680;1618;1609;9;1;202;498;798;119;34;1190;286;66;42;34;22;59;1084;419;34;26;106;345;608;499;34;3;182;241;199;227;255;167;310;34;0;75;115;290;301;386;191;226;34;1523;54;5;2;9;82;115;146;188;216;360;102;400;815;803;1259;40;82;67;14;156;578;817;114;109;205;725;480;208;729;51;205;450;65;118;11;94;668;6;839;1338;259;20;1;0;20211031
AT1;AT13;AT130;92200;92204;1849;4297;4284;13;0;581;1248;2226;242;23;2295;700;1225;54;23;68;176;3283;747;23;92;182;1402;1895;703;23;46;526;684;611;703;655;347;702;23;18;119;280;1150;861;1032;439;375;23;4171;83;11;9;5;157;157;223;311;470;1523;442;1009;2150;2147;3470;99;256;136;36;300;1759;1976;233;329;690;1789;1236;582;2179;120;690;877;174;257;26;369;1893;6;2003;3545;742;10;0;0;20211031
AT1;AT13;AT130;92200;92205;6550;14757;14751;6;1;2482;4080;7239;955;468;1732;1544;10905;108;468;362;2482;10735;710;468;664;1859;7449;3704;613;468;179;3008;3791;1320;2274;1948;459;1310;468;56;645;2053;4455;2906;2607;1093;474;468;14234;50;1;4;11;225;47;103;165;623;2667;344;10572;7179;7578;9737;550;1610;697;248;1915;7739;5369;362;1287;2790;5086;3996;2885;8002;708;2790;1468;799;990;31;1054;7506;44;6122;11346;3128;282;1;0;20211031
AT1;AT13;AT130;92200;92206;5010;12177;12171;6;6;1612;3092;6224;1243;6;1516;496;9960;199;6;173;624;10233;1141;6;311;737;6650;3977;496;6;178;2644;2338;1557;1477;1641;780;1556;6;81;810;2275;3290;1870;2362;751;732;6;12054;112;3;2;25;501;840;187;5066;2665;510;883;1500;5843;6334;8919;171;734;651;370;1332;5613;4811;605;1148;2289;6360;2563;965;5100;860;2289;2361;581;986;10;834;4960;45;6328;10117;2054;0;6;0;20211031
AT1;AT13;AT130;92200;92207;2143;4928;4923;5;1;684;1442;2497;304;21;1360;1545;1898;104;21;34;167;3538;1168;21;29;292;1564;2198;824;21;26;485;783;830;691;732;364;996;21;22;173;351;1079;1105;991;740;446;21;4768;128;0;11;19;267;156;348;584;369;1826;170;1189;2360;2568;3740;123;347;175;36;507;1977;2271;234;446;724;1843;1530;831;2456;130;724;1030;217;371;3;355;2196;26;2348;4028;889;10;1;0;20211031
AT1;AT13;AT130;92200;92208;8210;19828;19796;32;6;2890;4944;10046;1942;307;1104;1641;16508;268;307;371;1947;16059;1144;307;639;1932;11186;5142;622;307;311;4800;4427;2167;2263;2960;573;2020;307;145;1468;3539;5945;2754;3726;1075;869;307;19455;51;4;11;142;141;250;823;8015;3370;461;343;6283;9627;10201;12380;363;1668;1511;640;3266;9341;7869;778;1840;3672;9488;4481;2187;8909;1334;3672;3204;892;1817;11;1342;8662;81;9732;15958;3719;145;6;0;20211031
AT1;AT13;AT130;92200;92209;6677;15084;15069;15;14;2642;3840;7075;1513;241;1005;1089;12495;254;241;401;1316;12283;843;241;613;1940;9095;2575;620;241;195;3352;3082;1805;1586;2267;484;2072;241;61;1468;2603;4050;2316;2513;1261;571;241;14769;62;4;8;227;104;342;3660;4522;2010;1861;173;2185;7167;7917;9950;327;1134;807;570;2296;7010;5820;730;1524;2659;7054;3532;1839;6349;1013;2659;2943;734;1386;10;944;6205;65;7860;11611;3233;226;14;0;20211031
AT1;AT13;AT130;92200;92210;4303;9268;9258;10;0;1887;2370;4293;718;412;406;777;7291;382;412;140;1278;6306;1132;412;603;1068;4303;2464;418;412;110;1210;1898;1051;1206;1713;232;1436;412;21;422;960;2596;1854;1820;772;411;412;8830;24;0;2;8;159;496;546;734;207;1190;2119;3809;4393;4875;5966;351;837;491;165;1458;4754;3318;379;817;1462;3153;2555;2098;4748;407;1462;1307;539;805;6;563;4524;25;4150;6591;2312;365;0;0;20211031
AT1;AT13;AT130;92200;92211;6318;11718;11709;9;8;3206;3578;4480;446;56;347;1434;9470;411;56;628;1731;8743;560;56;1634;2966;5108;1665;289;56;285;1643;2402;1097;1467;2100;363;2305;56;257;994;1463;2880;2027;2544;993;504;56;11468;184;0;10;1202;2284;1310;1382;1441;773;1723;348;1255;5611;6107;7576;404;1183;716;205;1634;5252;4378;731;1357;1462;4965;3006;2285;5143;715;1462;2686;427;1285;11;624;5108;44;5931;7827;3837;46;8;0;20211031
AT1;AT13;AT130;92200;92212;1770;3914;3900;14;2;668;1128;1822;294;14;880;227;2719;74;14;81;377;3049;393;14;221;334;1437;1515;393;14;31;614;864;472;434;724;203;558;14;19;152;495;1046;628;974;267;319;14;3846;48;3;3;313;137;82;112;1734;65;275;62;1134;1885;2029;2430;131;296;205;159;693;1702;1663;198;351;522;1620;1059;713;1781;203;522;786;183;439;2;230;1721;18;1943;3086;826;0;2;0;20211031
AT1;AT13;AT130;92200;92213;3738;7288;7281;7;6;1805;2068;3030;379;7;27;1139;5910;205;7;218;1025;5854;184;7;628;1325;4149;1109;70;7;84;1270;1656;704;1019;1183;169;1196;7;91;549;1091;1851;1469;1291;674;265;7;7231;38;0;12;278;685;67;2795;1050;498;225;366;1324;3463;3825;4681;190;624;461;177;1155;3396;2579;449;864;1017;3451;1770;1050;3182;539;1017;1555;298;697;6;407;3227;22;3626;5101;2181;0;6;0;20211031
AT1;AT13;AT130;92200;92214;2359;4916;4913;3;2;896;1630;2231;157;15;104;129;4610;58;15;51;287;4177;386;15;101;795;2864;1024;117;15;12;562;884;659;626;859;403;896;15;19;327;716;1275;951;895;507;211;15;4775;102;24;0;12;2367;676;689;65;296;14;34;763;2319;2597;4143;104;250;142;53;224;2068;1967;347;534;713;2265;1365;573;2308;236;713;1179;174;306;11;322;2185;14;2384;3758;1146;10;2;0;20211031
AT1;AT13;AT130;92200;92215;4149;8801;8788;13;5;1787;2350;4124;535;17;429;232;7895;228;17;337;527;7505;415;17;540;1230;5977;715;322;17;125;1865;1866;962;921;1342;189;1514;17;122;691;1649;2322;1454;1263;1031;252;17;8649;125;2;8;207;491;389;5979;621;323;371;43;377;4112;4689;5932;166;665;607;377;1054;3866;3348;641;946;1455;4579;2014;753;3446;698;1455;2116;310;776;6;558;3469;32;4736;6562;2230;4;5;0;20211031
AT1;AT13;AT130;92200;92216;1096;2450;2443;7;1;426;654;1206;163;85;94;44;2192;35;85;18;364;1920;63;85;72;467;1321;444;61;85;22;498;570;280;301;394;20;280;85;20;142;379;756;426;402;175;65;85;2341;22;0;2;19;23;52;511;282;16;246;18;1283;1223;1227;1729;53;178;154;80;256;1214;891;115;230;455;1268;514;213;1154;151;455;416;61;213;2;182;1097;11;1158;1827;544;78;1;0;20211031
AT1;AT13;AT130;92200;92217;1072;2540;2526;14;0;404;734;1061;341;292;1527;214;476;31;292;136;314;1584;214;292;308;129;734;803;274;292;87;314;563;204;287;346;122;325;292;32;119;196;500;526;492;197;186;292;2153;67;8;20;7;253;223;112;62;81;85;133;1584;1242;1298;1770;129;200;72;39;330;1195;1038;124;183;314;691;915;620;1124;65;314;493;323;221;2;120;1053;8;1357;1760;502;278;0;0;20211031
AT1;AT13;AT130;92200;92218;3586;7314;7308;6;6;1558;2060;3475;215;6;126;482;6624;76;6;170;881;6086;171;6;272;1220;3968;1724;124;6;83;1140;1833;835;1020;1127;218;1052;6;38;390;886;2237;1234;1603;595;325;6;7258;45;0;5;11;12;117;2086;30;1236;642;161;3019;3467;3847;5594;148;480;336;145;611;3637;2599;290;788;1240;3028;1747;1299;3751;396;1240;1205;255;467;4;516;3585;17;3192;5442;1866;0;6;0;20211031
AT1;AT13;AT130;92200;92219;3270;6471;6456;15;7;1553;1818;2749;344;15;154;860;5167;275;15;334;1061;4838;223;15;825;1538;3028;915;150;15;166;1331;1440;519;837;1027;167;969;15;179;638;1016;1647;1126;1130;469;251;15;6295;158;0;3;1313;348;488;1876;302;344;164;3;1633;3241;3230;4089;196;694;561;195;736;3239;2213;304;715;993;3219;1403;856;3094;476;993;1085;234;589;7;493;2970;24;2977;4440;2024;0;7;0;20211031
AT1;AT13;AT130;92200;92220;1504;3616;3608;8;3;542;870;1715;486;31;145;317;3061;62;31;85;278;2720;502;31;149;212;1990;1042;192;31;45;731;922;370;450;465;135;467;31;28;263;780;857;704;469;332;152;31;3567;15;3;0;168;66;40;1886;29;412;41;58;916;1754;1862;2432;88;258;168;145;525;1751;1353;163;349;653;1780;809;374;1533;264;653;611;159;396;4;215;1528;17;1852;2900;690;23;3;0;20211031
AT1;AT13;AT130;92200;92221;1320;2976;2967;9;1;528;734;1558;155;46;813;225;1865;27;46;22;423;2097;388;46;28;310;1290;912;390;46;28;486;821;281;401;450;111;352;46;0;119;238;951;532;595;302;193;46;2898;25;7;0;7;141;144;182;103;102;95;34;2168;1422;1554;2157;115;277;119;34;274;1525;1119;109;223;554;914;788;720;1579;92;554;401;133;217;6;202;1450;10;1308;2323;647;5;1;0;20211031
AT1;AT13;AT130;92200;92222;2841;6441;6435;6;0;1065;1958;2708;710;464;113;94;5704;66;464;161;643;4809;364;464;141;676;3216;1828;116;464;59;904;1083;780;841;1183;387;740;464;17;297;677;1634;1324;1292;471;265;464;5917;56;4;0;94;1015;936;179;505;155;2545;13;999;2908;3533;4780;117;698;268;81;497;2863;2376;426;776;796;2868;1887;890;3234;306;796;1379;276;450;8;424;3075;17;2917;4644;1339;458;0;0;20211031
AT1;AT13;AT130;92200;92223;3016;6577;6566;11;1;1148;1868;3226;334;11;695;1859;3913;99;11;119;903;4906;638;11;276;763;2737;2299;491;11;88;1043;1544;760;978;976;315;862;11;45;324;720;1798;1346;1359;596;378;11;6492;54;8;12;336;146;357;165;87;563;1900;128;2895;3158;3419;4793;191;511;321;67;694;3278;2536;202;561;1146;2340;1796;1295;3483;242;1146;904;285;517;9;440;3243;15;2870;5124;1452;0;1;0;20211031
AT1;AT13;AT130;92200;92224;2547;5757;5754;3;1;872;1776;2692;416;139;611;1042;3925;40;139;45;491;4478;604;139;71;320;2368;2447;412;139;72;725;987;763;778;991;430;872;139;28;166;434;1480;1160;1422;517;411;139;5536;60;14;8;11;293;75;96;371;712;2781;39;1379;2787;2970;4556;136;456;167;42;400;2559;2378;247;573;861;2170;1737;989;2913;167;861;1126;280;410;9;382;2665;15;2686;4549;1071;136;1;0;20211031
AT1;AT13;AT130;92200;92225;970;2262;2261;1;0;299;644;1221;98;1;1132;430;655;44;1;22;80;1648;511;1;43;129;500;1021;568;1;3;214;464;333;319;348;162;418;1;9;71;110;486;460;639;297;189;1;2208;47;1;5;4;142;112;113;240;168;304;127;1052;1069;1193;1926;64;90;39;6;137;920;1058;128;156;401;645;659;557;1083;46;401;470;108;154;2;144;976;6;1134;1891;371;0;0;0;20211031
AT1;AT13;AT130;92200;92226;1897;4527;4492;35;3;568;1290;2426;240;40;2574;1288;564;61;40;56;174;3221;1036;40;90;163;806;2293;1135;40;63;442;738;634;745;646;425;794;40;36;120;268;779;1042;1194;598;450;40;4299;161;9;18;12;195;375;298;303;378;912;262;1792;2201;2326;3623;180;241;92;7;384;1885;2073;247;322;745;1522;1226;1034;2131;124;745;963;220;344;7;299;1928;12;2281;3738;786;0;3;0;20211031
AT1;AT13;AT130;92200;92227;3486;8355;8336;19;3;1019;2266;4660;407;47;2831;1858;3540;79;47;148;501;6294;1365;47;215;434;2184;4132;1343;47;120;885;1645;1385;1358;1183;653;1079;47;83;220;437;2290;1940;1938;844;556;47;8222;82;4;0;54;197;211;332;447;849;2133;625;3507;4051;4304;6685;231;460;208;62;709;3732;3609;298;716;1501;3006;2405;1443;4249;299;1501;1370;412;524;8;598;3883;28;3838;7057;1290;5;3;0;20211031
AT1;AT13;AT130;92200;92228;2009;4748;4726;22;1;682;1144;2624;297;83;952;1182;2466;65;83;54;350;3690;571;83;96;389;1577;1960;643;83;59;510;1002;812;789;637;233;623;83;23;108;429;1306;1134;968;408;289;83;4624;31;5;5;51;217;221;170;215;310;890;511;2163;2324;2424;3624;145;273;163;78;465;2338;1821;156;433;891;1769;1348;740;2509;169;891;646;216;317;11;373;2271;12;2081;3838;848;61;1;0;20211031
AT1;AT13;AT130;92200;92229;1609;3918;3899;19;0;466;1132;1926;394;19;2017;1087;719;76;19;27;95;2730;1047;19;26;114;844;1902;1013;19;49;399;653;564;574;555;403;702;19;22;130;286;817;807;916;564;357;19;3788;96;5;10;53;304;188;362;412;636;848;211;904;1906;2012;2915;96;237;165;65;440;1542;1831;220;325;599;1603;1169;547;1800;120;599;897;176;326;13;269;1622;10;2004;3296;622;0;0;0;20211031
AT1;AT13;AT130;92200;92230;6;16;14;2;0;2;4;10;0;2;6;3;4;1;2;0;0;14;0;2;0;0;4;8;2;2;0;0;7;3;0;0;2;2;2;0;0;0;7;3;0;2;2;2;14;0;0;0;2;0;1;0;0;0;0;13;0;11;5;10;0;0;4;0;2;7;9;0;0;0;11;4;1;12;0;0;0;1;3;6;0;6;0;4;9;7;0;0;0;20211031
AT1;AT13;AT130;92200;92231;1266;3059;3059;0;0;538;660;1404;457;379;154;105;2413;8;379;82;607;1988;3;379;343;307;1123;844;63;379;6;642;894;188;359;421;16;154;379;0;99;230;1011;526;612;137;65;379;2680;0;0;0;0;15;2;16;11;14;0;4;2997;1472;1587;1882;119;308;174;70;506;1790;958;107;204;584;983;852;640;1636;138;584;281;242;178;6;213;1531;9;1300;2055;625;379;0;0;20211031
AT1;AT13;AT130;92200;92232;2229;4442;4439;3;1;1001;1246;2048;146;3;53;1462;2880;44;3;149;693;3470;127;3;113;537;2590;1103;96;3;72;602;1079;651;534;704;127;670;3;16;139;385;1429;813;933;442;282;3;4435;4;0;0;9;114;2;309;3;6;3509;7;483;2163;2279;2419;142;496;318;53;1014;2080;1836;118;408;564;1212;1275;1391;2269;165;564;560;241;643;1;214;2195;14;2018;3198;1243;0;1;0;20211031
AT1;AT13;AT130;92300;92301;1449;3093;3078;15;3;594;834;1496;166;15;229;824;1920;105;15;105;356;2427;190;15;166;462;1246;1047;157;15;66;606;673;320;392;498;92;431;15;42;138;355;918;561;626;277;161;15;3017;50;0;11;361;37;293;525;91;414;132;96;1144;1556;1537;2107;67;304;254;65;296;1488;1189;117;299;526;1323;832;412;1566;200;526;459;117;225;7;281;1436;10;1359;2347;743;0;3;0;20211031
AT1;AT13;AT130;92300;92302;2549;5756;5704;52;6;1057;1462;2583;648;207;795;1153;3420;181;207;181;758;4096;514;207;367;705;2524;1466;487;207;134;1032;1298;616;706;803;207;753;207;77;440;656;1542;1033;1051;441;309;207;5353;173;3;20;590;345;761;410;635;626;370;354;1665;2983;2773;3716;127;674;633;109;497;2624;2406;220;506;949;2550;1420;837;2888;266;949;954;226;473;1;534;2578;17;2626;4254;1348;148;6;0;20211031
AT1;AT13;AT130;92300;92303;1749;3762;3747;15;2;703;1158;1584;315;70;2047;209;1330;106;70;108;252;2488;844;70;173;527;1033;1145;814;70;90;375;596;428;620;500;301;782;70;78;186;282;824;641;910;373;398;70;3585;80;24;3;15;318;916;989;355;328;260;160;421;1878;1884;2925;96;199;223;65;254;1485;1652;286;339;498;1560;1107;597;1619;158;498;1068;156;263;4;247;1483;22;2006;2807;898;55;2;0;20211031
AT1;AT13;AT130;92300;92304;5987;13584;13570;14;10;2309;3236;7201;828;224;472;2038;10740;110;224;264;1718;10633;745;224;433;2549;7552;2639;187;224;112;2981;3496;1371;1842;1852;228;1478;224;91;946;2293;4600;2295;2091;768;276;224;13323;35;0;2;378;59;222;2859;141;206;1668;1762;6289;6452;7132;9101;237;1132;1333;523;1258;6965;5026;502;1091;2787;5566;3190;2041;7120;764;2787;1629;516;768;8;1060;6713;31;5772;10545;2824;205;10;0;20211031
AT1;AT13;AT130;92300;92305;4230;9599;9554;45;9;1585;2572;4603;830;52;922;1224;7215;186;52;103;737;7863;844;52;225;1027;5040;2708;547;52;126;1792;1855;1280;1148;1458;409;1479;52;63;718;1425;2491;1731;1672;914;533;52;9354;154;0;39;333;126;467;1466;3654;961;701;606;1285;4653;4946;6725;207;751;676;374;866;4274;3916;496;913;1471;4371;2576;1181;4401;536;1471;2002;449;740;8;681;4151;43;4716;7538;2045;7;9;0;20211031
AT1;AT13;AT130;92300;92306;797;1609;1590;19;0;360;472;702;75;19;273;271;1013;33;19;29;252;1161;148;19;107;239;745;374;125;19;27;184;444;134;268;244;32;257;19;24;45;160;482;360;300;128;91;19;1557;31;2;0;96;64;141;189;43;34;224;26;792;766;843;1173;56;141;130;20;89;768;625;72;144;249;596;444;320;903;72;249;244;53;88;1;123;844;3;638;1184;425;0;0;0;20211031
AT1;AT13;AT130;92300;92307;5231;11628;11591;37;8;2156;2826;5710;928;228;815;2208;8139;238;228;356;1373;8808;863;228;841;1797;5096;3164;502;228;182;2131;2824;1257;1508;1707;325;1466;228;172;886;1682;3227;2152;2067;772;442;228;11114;255;0;31;1879;455;1112;1216;804;1001;772;810;3579;5635;5993;7990;272;1075;938;328;1025;5568;4367;526;1167;2160;4964;2835;1669;5594;709;2160;1889;458;818;16;891;5277;43;5401;8743;2687;190;8;0;20211031
AT1;AT13;AT130;92300;92308;3637;8445;8431;14;2;1352;2138;4184;769;363;844;1233;5923;82;363;90;1236;6280;476;363;130;1511;4125;1881;435;363;57;1633;2316;757;1174;1106;180;859;363;26;488;1306;2584;1447;1382;579;270;363;8018;60;3;1;152;297;152;1494;220;471;297;657;4705;3995;4450;5853;218;814;657;247;656;4123;3159;462;701;1629;3208;2158;1450;4261;423;1629;1313;293;526;6;660;3951;27;3801;6448;1646;349;2;0;20211031
AT1;AT13;AT130;92300;92309;3297;7417;7401;16;7;1337;2080;3131;862;469;1928;1306;3546;168;469;194;504;5099;1151;469;308;1009;2904;1663;1064;469;87;910;1374;696;1095;1059;406;1321;469;70;439;789;1676;1157;1549;714;554;469;6792;135;19;2;141;286;825;2437;1446;924;191;101;1066;3440;3977;5500;267;629;389;135;497;3025;3074;606;712;1047;2988;1910;1472;3132;353;1047;2093;262;530;14;430;2984;29;3960;5371;1586;453;7;0;20211031
AT1;AT13;AT130;92300;92310;2511;5338;5334;4;4;1071;1552;2316;395;70;343;608;4187;130;70;96;316;4373;483;70;167;798;2968;981;354;70;41;847;956;644;699;866;230;985;70;23;409;814;1343;860;1022;500;297;70;5240;28;0;0;208;89;133;1952;2022;692;74;19;149;2537;2801;3901;120;390;283;138;506;2285;2134;381;538;919;2491;1176;752;2076;336;919;1425;193;389;3;298;2044;22;2971;4084;1245;5;4;0;20211031
AT1;AT13;AT130;92300;92311;4053;8292;8289;3;3;1817;2458;3476;538;279;229;1679;5843;262;279;268;933;6383;429;279;501;1243;3813;2086;370;279;67;1235;1644;905;1149;1395;281;1337;279;19;427;933;2252;1434;1708;769;471;279;7893;84;1;35;469;225;812;1024;1441;849;664;198;2610;3949;4343;5946;301;727;475;166;677;3824;3036;528;904;1242;3237;2215;1598;3859;406;1242;1857;347;581;7;527;3669;18;4071;5840;2173;276;3;0;20211031
AT1;AT13;AT130;92300;92312;2665;5835;5817;18;5;1105;1576;2644;505;127;839;1068;3621;180;127;150;417;4353;788;127;402;648;2310;1682;666;127;81;840;1103;649;721;911;343;1060;127;71;430;735;1340;1061;1065;576;430;127;5597;95;7;9;516;171;1396;640;705;1504;293;54;556;2807;3028;4319;203;390;311;122;490;2674;2211;361;589;926;2298;1481;1130;2435;374;926;1326;224;550;5;322;2419;20;3069;4380;1344;106;5;0;20211031
AT1;AT13;AT130;92300;92313;2003;4108;4096;12;1;853;1316;1670;268;29;1603;543;1753;180;29;61;180;2636;1202;29;86;506;1255;1008;1224;29;21;334;555;413;575;748;284;1149;29;18;145;304;751;804;915;593;549;29;4018;49;4;8;255;281;586;1571;516;360;203;116;220;1924;2184;3446;157;215;95;16;179;1604;1820;320;364;528;1163;1246;1171;1738;111;528;1247;180;304;6;189;1632;15;2266;3091;999;17;1;0;20211031
AT1;AT13;AT130;92300;92314;2375;5006;4989;17;0;1018;1388;2316;284;75;1180;1177;2348;226;75;126;353;3476;976;75;256;587;1561;1488;1039;75;61;512;792;616;800;778;308;1064;75;62;225;442;986;983;1077;612;544;75;4854;71;6;0;572;311;864;856;524;520;569;130;660;2370;2636;3973;241;302;146;49;295;2124;2057;327;498;792;1367;1376;1471;2304;211;792;1149;233;317;15;245;2222;19;2505;3757;1191;58;0;0;20211031
AT1;AT13;AT130;92300;92315;1095;2289;2286;3;2;461;666;1027;133;11;1067;388;714;109;11;73;125;1251;829;11;102;165;492;574;945;11;14;152;324;233;395;404;181;575;11;10;25;115;355;425;629;333;386;11;2245;31;0;2;162;137;214;676;333;213;137;70;347;1082;1207;1873;117;134;50;16;99;927;962;163;237;318;514;683;774;999;60;318;617;130;165;7;97;942;8;1235;1724;555;8;2;0;20211031
AT1;AT13;AT130;92300;92316;1588;3507;3491;16;1;621;962;1700;223;35;678;557;2145;92;35;32;294;2685;461;35;58;376;1163;1428;447;35;34;530;762;374;519;522;146;585;35;6;149;290;919;666;839;325;278;35;3393;77;0;2;330;117;225;450;449;101;228;47;1560;1666;1841;2644;134;347;111;39;232;1622;1356;183;346;658;1143;976;730;1658;122;658;691;143;235;5;213;1535;14;1740;2711;777;18;1;0;20211031
AT1;AT13;AT130;92300;92317;119;308;301;7;1;34;86;160;27;17;197;67;16;11;17;3;7;213;68;17;8;11;48;115;109;17;11;36;35;41;34;47;36;51;17;0;28;6;52;59;72;47;27;17;278;11;0;2;2;30;35;36;40;24;40;16;85;168;140;199;5;34;29;19;22;115;155;17;21;41;133;89;45;146;12;41;77;11;21;0;34;123;1;150;245;52;10;1;0;20211031
AT1;AT13;AT130;92300;92318;2634;5714;5695;19;7;953;1876;2583;295;22;539;537;4492;124;22;152;336;4579;625;22;244;522;2989;1626;311;22;51;778;1103;706;680;1080;412;882;22;33;293;760;1399;1117;1250;521;319;22;5664;21;6;1;3;122;216;570;69;3228;952;17;537;2769;2945;4351;98;400;297;189;379;2343;2540;294;537;850;2744;1501;619;2581;333;850;1397;201;352;6;420;2434;18;2836;4540;1164;3;7;0;20211031
AT1;AT13;AT130;92300;92319;4859;9263;9260;3;3;2211;3224;3468;357;3;110;78;9003;69;3;337;542;7935;446;3;241;1012;4182;3628;197;3;41;897;1493;1132;1448;1972;552;1725;3;38;300;815;2000;1726;2615;1027;739;3;9218;42;0;0;541;0;590;1515;3393;2341;0;0;883;4244;5019;7277;212;662;347;183;582;3523;3972;663;1105;1078;3799;2907;1479;3969;401;1078;2922;344;549;9;501;3819;21;4913;6767;2493;0;3;0;20211031
