Hauptwohnsitzbevoelkerung nach Wohnungen in den 250 Zaehlbezirken in Wien - Registerzaehlung 2023 | Population with main resisidence by housing in 250 sub-districts in Vienna - Census 2023
NUTS1;NUTS2;NUTS3;DISTRICT_CODE;SUB_DISTRICT_CODE;WHG_WSA_TOTAL;WHG_POP_TOTAL;HAR_1;HAR_2;WHG_NOC_0;WHG_NOC_1;WHG_NOC_2;WHG_NOC_3;WHG_NOC_4;WHG_RECHTSVERH_0;WHG_RECHTSVERH_1;WHG_RECHTSVERH_2;WHG_RECHTSVERH_3;WHG_RECHTSVERH_4;WHG_NOR_0;WHG_NOR_1;WHG_NOR_2;WHG_NOR_3;WHG_NOR_4;WHG_NTZFL_0;WHG_NTZFL_1;WHG_NTZFL_2;WHG_NTZFL_3;WHG_NTZFL_4;WHG_NTZFL_5;WHG_DRM_0;WHG_DRM_1;WHG_DRM_2;WHG_DRM_3;WHG_DRM_4;WHG_DRM_5;WHG_DRM_6;WHG_DRM_7;WHG_DRM_8;WHG_DFS_0;WHG_DFS_1;WHG_DFS_2;WHG_DFS_3;WHG_DFS_4;WHG_DFS_5;WHG_DFS_6;WHG_DFS_7;WHG_DFS_8;WHG_AUSST_0;WHG_AUSST_1;WHG_AUSST_2;WHG_AUSST_3;WHG_AUSST_4;OBJ_BAUP_0;OBJ_BAUP_1;OBJ_BAUP_2;OBJ_BAUP_3;OBJ_BAUP_4;OBJ_BAUP_5;OBJ_BAUP_6;OBJ_BAUP_7;OBJ_BAUP_8;OBJ_BAUP_9;OBJ_BAUP_10;DEM_GESCHL_1;DEM_GESCHL_2;DEM_GEBSTAAT_1;DEM_GEBSTAAT_2;DEM_GEBSTAAT_3;DEM_GEBSTAAT_4;DEM_GEBSTAAT_5;DEM_GEBSTAAT_6;DEM_FAMST_1;DEM_FAMST_2;DEM_FAMST_3;DEM_FAMST_4;EDU_HAB_NAT_0;EDU_HAB_NAT_1;EDU_HAB_NAT_2;EDU_HAB_NAT_3;EDU_HAB_NAT_4;ERW_STATUS_1;ERW_STATUS_2;ERW_STATUS_3;ERW_STATUS_4;ERW_STATUS_5;ERW_STATUS_6;AST_OENACE_1;AST_OENACE_2;AST_OENACE_3;AST_OENACE_4;AST_OENACE_5;HST_1;HST_2;HST_3;HST_4;REF_DATE
AT1;AT13;AT130;90100;90101;2070;3869;3866;3;1;1101;1094;1386;287;111;58;247;3180;273;111;250;426;2330;752;111;365;430;1096;990;877;111;97;340;630;322;511;669;223;966;111;65;118;243;616;715;889;533;579;111;3605;153;0;0;0;2899;322;323;217;27;17;32;0;32;0;1843;2026;2394;379;292;108;29;667;1901;1334;244;390;356;385;348;1177;1603;1828;88;356;760;228;609;9;94;1791;16;1959;2288;1472;108;1;20231031
AT1;AT13;AT130;90100;90102;770;1561;1553;8;7;356;426;654;118;8;21;95;1320;117;8;54;97;905;497;8;102;113;283;394;661;8;34;163;186;160;230;259;119;402;8;13;77;59;178;322;371;194;339;8;1495;58;0;0;0;1115;221;122;70;0;15;6;3;9;0;727;834;887;127;136;51;13;347;687;647;96;131;177;171;115;456;642;707;20;177;266;70;321;4;39;679;5;834;1036;518;0;7;20231031
AT1;AT13;AT130;90100;90103;1040;2098;2094;4;0;476;606;861;155;4;27;217;1682;168;4;38;156;1294;606;4;47;125;374;647;901;4;62;188;273;188;307;336;171;569;4;15;82;111;234;360;488;337;467;4;2049;45;0;0;0;1606;12;371;47;15;0;36;0;11;0;995;1103;1172;207;127;74;22;496;884;924;135;155;232;217;187;592;870;933;26;232;353;80;474;4;40;908;5;1141;1394;704;0;0;20231031
AT1;AT13;AT130;90100;90104;708;1370;1369;1;0;345;396;539;90;4;43;100;1126;97;4;41;83;753;489;4;52;91;274;274;675;4;26;96;151;107;212;234;94;446;4;15;26;59;166;223;294;235;348;4;1306;58;0;2;0;1305;8;35;6;0;0;0;16;0;0;660;710;852;139;80;34;17;248;604;561;101;104;129;147;103;365;626;661;19;129;262;89;210;4;19;653;3;691;872;495;3;0;20231031
AT1;AT13;AT130;90100;90105;1165;2689;2686;3;1;541;684;957;506;372;15;189;1962;151;372;52;208;1579;478;372;101;250;623;590;753;372;37;232;377;253;334;390;152;542;372;25;61;155;451;447;481;317;380;372;2227;90;0;0;0;2148;27;286;98;0;15;0;0;83;32;1250;1439;1433;208;132;70;33;813;1314;1005;116;254;350;281;260;797;1001;1122;51;350;354;142;670;5;44;1097;13;1530;1558;761;369;1;20231031
AT1;AT13;AT130;90100;90106;1340;2482;2474;8;6;714;692;941;129;31;45;161;2091;154;31;98;245;1589;519;31;176;350;630;605;690;31;20;261;377;209;387;382;130;685;31;14;116;183;373;389;632;321;423;31;2370;81;0;0;0;1569;164;523;77;25;69;5;0;0;50;1179;1303;1616;182;149;84;23;428;1149;945;158;230;261;227;234;706;1054;1199;56;261;506;96;364;3;70;1170;9;1230;1527;926;23;6;20231031
AT1;AT13;AT130;90100;90107;1340;2431;2429;2;1;712;750;844;124;20;35;229;1938;209;20;108;222;1541;540;20;162;249;635;665;700;20;51;264;264;201;306;427;167;731;20;35;143;93;323;373;606;346;492;20;2348;62;1;0;0;1587;47;468;292;37;0;0;0;0;0;1204;1227;1456;220;198;85;26;446;1074;935;166;256;190;263;198;791;989;1164;43;190;507;106;421;10;46;1135;11;1229;1442;973;15;1;20231031
AT1;AT13;AT130;90200;90201;9024;20471;20450;21;4;3940;4958;9641;1928;1396;39;2865;15936;235;1396;567;3647;14660;201;1396;964;3487;9964;4521;139;1396;324;4289;5312;1727;2603;2751;224;1845;1396;105;1172;2617;6407;3615;3366;1168;625;1396;18975;100;0;0;0;1290;818;1395;1138;1511;271;1090;83;3263;9612;10044;10427;12161;1172;1772;1573;786;3007;11665;6700;568;1538;3647;3361;2586;4656;6221;10758;982;3647;2120;1209;1755;14;1107;10468;78;8804;14468;5090;909;4;20231031
AT1;AT13;AT130;90200;90202;5288;11061;10857;204;204;2488;2928;4314;1127;329;151;1359;8571;651;329;673;1632;7972;455;329;1722;2462;4396;1783;369;329;554;2363;2040;848;1409;1451;271;1796;329;517;1462;1577;2410;1595;1900;806;465;329;9691;1038;0;3;0;7547;291;1268;1008;243;394;125;0;114;71;5647;5414;5734;824;970;1056;311;2166;6053;3702;438;868;1536;2538;1578;2561;2848;5253;877;1536;1542;511;1342;12;605;5283;57;5104;7016;3716;125;204;20231031
AT1;AT13;AT130;90200;90203;6582;13124;13122;2;1;3291;3570;4879;1383;521;153;1387;10489;574;521;459;1823;9326;995;521;1354;2466;4946;3338;499;521;439;1869;2333;1111;1795;2187;436;2433;521;263;1116;1368;2978;2294;2636;1141;807;521;11777;826;0;0;0;7115;850;1180;896;625;471;446;614;73;854;6337;6787;7976;1159;1024;736;218;2011;7355;4101;601;1067;1668;2053;1525;3367;4511;6695;653;1668;2080;740;1288;13;546;6643;58;5864;8086;4519;518;1;20231031
AT1;AT13;AT130;90200;90204;6864;14380;14375;5;5;3217;3702;5748;1708;217;206;1494;11552;911;217;474;1639;10863;1187;217;1114;2461;5687;3664;1237;217;630;2649;2466;1369;1810;1942;620;2677;217;399;1329;1811;3284;2308;2699;1396;937;217;13142;1021;0;0;0;8559;313;1934;1578;822;579;250;141;118;86;6982;7398;8568;1159;1080;835;259;2479;7889;4764;657;1070;2118;2402;1765;3788;4307;6931;680;2118;2219;787;1645;19;577;6845;64;6875;9585;4578;212;5;20231031
AT1;AT13;AT130;90200;90205;4588;8994;8992;2;2;2253;2632;3237;870;34;193;1043;7229;495;34;367;1029;6771;793;34;722;1683;3673;2132;750;34;341;1433;1554;686;1326;1387;409;1824;34;259;814;913;2013;1564;1844;917;636;34;8358;593;0;9;0;5131;103;1114;1600;393;485;57;0;24;87;4463;4531;4946;784;790;519;138;1817;4805;3009;443;737;1126;1617;1172;2311;2768;4335;448;1126;1560;467;1058;12;395;4253;47;4287;5772;3188;32;2;20231031
AT1;AT13;AT130;90200;90206;4056;8977;8966;11;2;2382;2388;3325;880;1143;794;1182;5424;434;1143;486;1101;5747;500;1143;841;1614;2860;1865;654;1143;177;1241;1688;710;1109;1247;326;1336;1143;100;579;870;1859;1512;1686;688;540;1143;7508;314;8;4;1;2769;414;1768;745;122;423;51;83;107;2494;4417;4560;4953;700;913;504;206;1701;5007;2857;356;757;1107;1356;1225;2732;2557;4146;396;1107;1408;960;960;5;402;4061;33;4476;5362;3069;544;2;20231031
AT1;AT13;AT130;90200;90207;6266;12232;12228;4;4;3252;3318;4418;1240;432;126;872;10202;600;432;673;1959;8710;458;432;2274;3053;4580;1674;219;432;465;2075;2322;949;1707;1778;312;2192;432;398;1494;1596;2886;1846;2279;831;470;432;10830;970;0;0;0;7151;1804;838;1336;351;29;31;109;548;35;6143;6089;5892;904;1303;1277;348;2508;6830;3760;571;1071;1355;2804;1784;3204;3085;5881;890;1355;1902;812;1392;8;727;5820;74;5603;7135;4665;428;4;20231031
AT1;AT13;AT130;90200;90208;1795;3865;3853;12;1;896;1144;1436;388;416;959;108;2307;75;416;325;746;2286;92;416;543;752;1569;503;82;416;115;694;965;211;485;507;74;398;416;47;328;490;952;641;629;222;140;416;3354;75;15;5;4;102;309;49;713;73;160;63;85;493;1814;1866;1999;2322;191;354;173;77;748;1936;1366;253;310;558;616;851;978;862;1828;153;558;739;154;433;2;182;1764;16;1901;2476;1114;274;1;20231031
AT1;AT13;AT130;90200;90209;7458;16414;16404;10;10;3251;4112;7209;1832;555;54;1125;14299;381;555;782;2204;12534;339;555;1609;3191;7398;3537;124;555;355;3713;3878;1512;1694;2410;344;1953;555;339;1548;2688;4584;2349;2930;835;586;555;15438;421;0;0;0;2934;1466;1915;2109;3531;855;693;289;1477;1145;7833;8581;9652;552;1338;1475;1003;2394;7963;5721;1082;1648;2380;4727;3169;3537;2601;6967;1198;2380;3413;725;1731;4;986;6978;68;8378;11563;4296;545;10;20231031
AT1;AT13;AT130;90300;90301;5803;11124;11118;6;6;2801;3434;4330;553;95;213;1286;9097;433;95;473;1324;8108;1124;95;1143;1719;3889;3110;1168;95;228;1347;1991;1074;1649;1897;580;2263;95;184;689;939;2374;2272;2459;1167;945;95;10210;796;0;23;0;8436;545;619;514;292;465;37;31;0;185;5398;5726;6963;1050;948;575;123;1465;5890;3779;468;987;1287;1574;1343;3026;3894;5797;455;1287;1872;560;1153;16;479;5649;54;4926;7116;3913;89;6;20231031
AT1;AT13;AT130;90300;90302;4533;8759;8752;7;4;2169;2710;3442;434;108;166;880;7146;459;108;286;699;6447;1219;108;483;1066;2920;2839;1343;108;97;907;1404;911;1278;1505;549;2000;108;73;344;561;1811;1754;2013;1032;1063;108;8225;426;0;0;0;5962;397;568;583;775;264;37;0;110;63;4148;4611;5867;802;557;340;94;1099;4389;3160;446;764;982;1001;983;2543;3250;4342;270;982;1747;481;937;8;298;4237;46;4170;5767;2887;101;4;20231031
AT1;AT13;AT130;90300;90303;3356;6767;6761;6;6;1582;1836;2932;411;89;85;767;5492;334;89;236;732;4438;1272;89;471;924;2086;1719;1478;89;112;821;1119;754;907;1136;406;1423;89;59;365;582;1323;1292;1562;725;770;89;6459;219;0;0;0;3336;901;1304;325;252;31;8;71;108;431;3160;3607;3880;664;583;238;79;1323;3443;2505;290;529;910;788;692;1794;2583;3170;194;910;1094;358;1041;17;225;3072;37;3416;4558;2127;76;6;20231031
AT1;AT13;AT130;90300;90304;5680;10884;10876;8;6;2900;3032;4180;766;147;96;1631;8199;811;147;673;1650;7725;689;147;1769;2408;4101;1856;603;147;400;1833;1969;880;1556;1696;342;2061;147;328;1185;1374;2369;1866;2020;975;620;147;9889;848;0;0;0;5237;765;2371;1564;621;114;58;86;42;26;5360;5524;5339;890;1375;921;169;2190;6052;3481;462;889;1268;2099;1518;2924;3075;5414;688;1268;1608;608;1298;9;580;5289;68;4938;6473;4266;139;6;20231031
AT1;AT13;AT130;90300;90305;4478;8705;8702;3;2;2178;2580;3356;589;171;110;1383;6657;384;171;376;1190;6523;445;171;857;1609;3570;2167;331;171;200;1341;1599;872;1188;1417;327;1590;171;147;619;909;2156;1570;1785;777;571;171;8138;396;0;0;0;3793;257;418;765;677;576;976;86;392;765;4159;4546;4940;686;935;557;151;1436;4557;3036;382;730;1018;1327;1042;2462;2856;4458;365;1018;1528;447;889;11;395;4323;41;3935;5545;2994;164;2;20231031
AT1;AT13;AT130;90300;90306;8120;14808;14803;5;3;4391;4332;5192;890;172;151;1253;12600;632;172;928;2861;10320;527;172;2851;3653;5657;2134;341;172;394;2308;3079;1219;1933;2649;443;2611;172;404;1418;1915;3473;2725;2988;1121;592;172;13888;745;0;3;0;6525;2423;2116;1339;449;671;251;235;428;371;7127;7681;8712;788;1514;1139;426;2229;7636;4872;779;1521;1601;3130;2506;3921;3650;7195;910;1601;2875;617;1610;27;816;7070;72;6823;8870;5768;167;3;20231031
AT1;AT13;AT130;90300;90307;5433;10717;10706;11;3;3030;2802;3814;1068;946;23;1336;8061;351;946;660;2950;6083;78;946;1347;3146;4037;1091;150;946;220;1750;2870;543;1212;2086;98;992;946;166;701;1276;2906;1709;2239;584;190;946;9552;216;0;3;8;850;22;1530;813;240;541;366;201;928;5218;5187;5530;5323;561;1100;857;320;2556;6192;3225;429;871;1381;1949;1534;2967;2886;5551;544;1381;1187;617;1437;6;594;5353;63;4701;6240;3755;719;3;20231031
AT1;AT13;AT130;90300;90308;1018;2549;2548;1;0;517;690;892;450;539;115;3;1835;57;539;23;156;1645;186;539;38;192;1056;493;231;539;9;187;345;284;262;445;109;369;539;0;41;175;486;497;407;257;147;539;1986;17;7;0;0;839;7;126;642;7;552;9;8;15;344;1336;1213;1615;252;224;94;51;313;1388;770;134;257;291;402;408;729;719;1163;198;291;464;148;285;0;125;1216;8;1200;1475;655;419;0;20231031
AT1;AT13;AT130;90300;90309;4452;8779;8766;13;12;2035;2620;3723;389;13;172;929;7332;333;13;238;817;6038;1673;13;552;1227;2980;2197;1810;13;89;930;1420;954;1402;1569;458;1944;13;50;385;680;1864;1747;2117;1000;923;13;8348;416;0;2;0;5519;311;723;484;319;502;151;428;143;199;4056;4723;5683;874;681;386;102;1053;4394;3203;446;736;1135;1033;907;2422;3282;4364;275;1135;1634;477;894;9;366;4196;53;4155;5982;2785;0;12;20231031
AT1;AT13;AT130;90300;90310;5049;10084;10075;9;8;2461;2802;3914;899;239;64;682;8757;342;239;619;2359;6645;222;239;1612;2945;3796;1392;100;239;344;2071;2578;686;1265;1520;114;1267;239;293;963;1517;2981;1464;1928;522;177;239;9412;432;1;0;0;2654;2312;307;224;205;1672;91;0;13;2606;4972;5112;5040;676;1144;857;414;1953;5678;3185;345;876;1439;2197;1444;2446;2558;5048;687;1439;1301;472;1137;6;500;5083;55;4440;6581;3265;230;8;20231031
AT1;AT13;AT130;90300;90311;2479;4985;4977;8;8;1162;1246;2408;161;8;3;779;4138;57;8;271;1232;3451;23;8;751;1154;2216;834;22;8;103;1203;1486;355;559;705;38;528;8;80;435;654;1825;663;918;276;126;8;4932;45;0;0;0;0;1125;679;242;0;172;2;0;609;2156;2366;2619;2856;218;587;386;199;739;2674;1624;171;516;854;1023;748;1167;1193;2505;301;854;621;205;499;0;280;2475;30;2200;3460;1517;0;8;20231031
AT1;AT13;AT130;90400;90401;1226;2284;2284;0;0;629;656;901;98;0;39;183;1960;102;0;156;248;1421;459;0;242;366;625;528;523;0;48;262;379;179;333;374;126;583;0;22;126;186;409;401;539;296;305;0;2190;94;0;0;0;1374;592;160;107;51;0;0;0;0;0;1100;1184;1247;244;269;83;38;403;1236;744;122;182;252;229;184;643;976;1122;85;252;357;110;358;7;58;1127;6;1086;1402;882;0;0;20231031
AT1;AT13;AT130;90400;90402;5435;11579;11567;12;3;2670;2900;4517;1489;948;170;1357;8644;460;948;367;1098;7597;1569;948;929;1570;3486;2898;1748;948;196;1336;1911;1047;1567;1761;511;2302;948;129;640;1013;2229;1978;2390;1167;1085;948;10133;497;0;1;1;7131;550;1315;656;289;385;205;360;99;588;5838;5741;6307;1172;1002;586;270;2242;6157;3924;405;1093;1412;1791;1252;2979;4145;5516;677;1412;1629;633;1712;11;474;5578;71;5445;7066;3641;869;3;20231031
AT1;AT13;AT130;90400;90403;6429;12549;12540;9;2;3246;3610;4667;1024;553;186;1637;9536;637;553;480;1284;8602;1630;553;860;1903;4015;3338;1880;553;180;1354;1976;1231;1719;2062;696;2778;553;138;534;943;2461;2323;2884;1484;1229;553;11389;603;1;3;0;8060;138;1042;1052;772;772;34;43;147;489;5925;6624;7509;1298;984;576;172;2010;6886;3991;644;1028;1325;1542;1206;3575;4901;6400;447;1325;2231;775;1371;10;443;6240;61;5795;7550;4453;544;2;20231031
AT1;AT13;AT130;90400;90404;3386;6712;6710;2;1;1584;1924;2841;362;77;63;932;5274;366;77;233;670;5010;722;77;500;1090;2535;1849;661;77;134;810;1164;724;1005;1101;348;1349;77;91;498;724;1378;1327;1382;648;587;77;6340;295;0;0;0;3155;183;2006;888;174;233;47;23;3;0;3256;3456;4022;581;533;402;144;1030;3628;2240;302;542;827;1037;735;1800;2313;3301;350;827;1146;412;676;10;274;3267;45;3116;4386;2250;75;1;20231031
AT1;AT13;AT130;90500;90501;6316;11309;11299;10;5;3384;3588;3856;476;154;217;1445;8890;603;154;621;1651;8092;791;154;1471;2147;4501;2325;711;154;265;1259;1922;1003;1646;2119;480;2461;154;224;668;1073;2331;2142;2682;1205;830;154;10414;741;0;0;0;6561;449;289;1047;1123;873;347;174;275;171;5492;5817;7062;1104;872;641;216;1414;6418;3518;451;922;1046;1540;1341;3223;4159;6169;488;1046;1851;592;1163;16;510;6019;56;4708;6663;4497;144;5;20231031
AT1;AT13;AT130;90500;90502;9974;19390;19383;7;7;5058;5222;7589;1514;83;174;1643;16536;954;83;1437;3600;13633;637;83;3745;5524;7575;2164;299;83;846;4165;4196;1366;2449;2911;377;2997;83;714;2898;2986;4586;2975;3278;1279;591;83;18002;1262;0;43;0;6856;4333;4771;1407;663;271;496;158;145;290;9706;9684;9556;1102;2068;2057;855;3752;10291;6349;859;1891;2493;5258;3043;4614;3982;9036;1539;2493;3133;896;2293;16;1101;9124;101;9048;12128;7179;76;7;20231031
AT1;AT13;AT130;90500;90503;8649;17178;17163;15;12;4524;4586;6078;1978;965;245;1887;13196;885;965;1340;3014;11246;613;965;3523;3990;6255;2127;318;965;842;2875;3444;1139;2084;2683;407;2739;965;750;2089;2151;3721;2720;3001;1188;593;965;14817;1373;0;23;0;9567;1795;1217;949;1254;448;385;122;783;658;8691;8487;8318;1283;1943;1678;641;3315;9709;5312;703;1454;2002;3938;2424;4340;4474;8533;1196;2002;2511;918;2018;15;932;8429;97;7705;9769;6493;904;12;20231031
AT1;AT13;AT130;90500;90504;3459;6487;6486;1;0;1793;1892;2361;441;161;98;683;5238;307;161;366;1016;4536;408;161;938;1389;2463;1208;328;161;153;902;1200;588;901;1067;241;1274;161;133;484;823;1321;1142;1496;571;356;161;5899;427;0;0;0;4518;193;230;401;207;416;201;86;79;156;3255;3232;3423;680;667;445;120;1152;3842;1969;230;446;628;1122;790;1774;2173;3525;403;628;856;364;711;7;359;3428;34;2659;3671;2664;152;0;20231031
AT1;AT13;AT130;90600;90601;3877;7601;7478;123;121;1884;2318;2809;469;301;148;499;6288;365;301;202;734;5081;1283;301;488;981;2280;2113;1438;301;111;772;1023;693;1093;1316;470;1822;301;60;347;493;1449;1252;1818;885;996;301;6824;463;0;13;0;5767;186;105;388;221;382;124;31;202;195;3734;3867;4711;838;579;288;124;1061;4257;2430;353;561;719;855;770;2264;2993;3924;271;719;1245;553;889;13;216;3917;32;3423;4648;2654;178;121;20231031
AT1;AT13;AT130;90600;90602;5139;9662;9451;211;208;2757;2780;3291;626;405;149;956;7602;550;405;516;1604;6623;514;405;1202;2211;3618;1822;404;405;229;1267;1769;826;1330;1725;295;1816;405;187;725;955;2171;1688;2124;834;573;405;8659;597;0;1;0;4095;859;1095;662;814;888;196;0;375;678;4848;4814;5403;942;909;639;264;1505;5715;2776;328;843;945;1548;1204;2568;3397;5023;576;945;1420;555;1143;9;471;5005;46;4131;5369;3891;194;208;20231031
AT1;AT13;AT130;90600;90603;7094;13918;13814;104;96;3651;4080;4708;1383;1052;200;1659;10284;723;1052;555;1713;9470;1128;1052;1186;2216;4849;3503;1112;1052;230;1340;2217;1276;1879;2509;616;2799;1052;144;599;1167;2729;2499;3181;1391;1156;1052;12292;571;3;0;0;7840;391;585;628;1651;1819;429;164;223;188;6503;7415;8216;1360;1089;796;286;2171;7997;4161;657;1103;1354;1933;1511;4010;5110;7164;588;1354;2376;862;1574;12;542;7047;54;6263;7913;4965;944;96;20231031
AT1;AT13;AT130;90700;90701;2947;5399;5394;5;4;1511;1694;1998;192;14;101;360;4643;281;14;190;535;3987;673;14;389;767;1871;1608;750;14;46;568;827;544;808;990;273;1329;14;15;248;376;1025;1127;1366;617;611;14;5056;325;0;4;0;4517;71;182;110;216;218;62;13;10;0;2625;2774;3384;737;292;223;100;663;3145;1639;206;409;581;607;474;1421;2316;2953;186;581;825;310;544;7;147;2945;26;2274;3336;2050;9;4;20231031
AT1;AT13;AT130;90700;90702;1627;2949;2948;1;1;853;874;1134;87;1;52;301;2494;101;1;115;299;2153;381;1;209;357;1097;739;546;1;36;239;485;335;425;584;145;699;1;28;62;164;585;642;762;364;341;1;2859;89;0;0;0;2191;90;0;71;26;31;132;12;269;127;1416;1533;1882;381;174;104;42;366;1691;906;114;238;329;233;246;778;1363;1634;74;329;404;171;337;3;96;1588;17;1245;1829;1119;0;1;20231031
AT1;AT13;AT130;90700;90703;2673;4958;4952;6;6;1381;1488;1870;213;113;56;611;3981;197;113;191;754;3350;550;113;447;755;1711;1230;702;113;49;444;1042;470;670;894;226;1050;113;38;175;309;1107;930;1215;627;444;113;4696;148;1;0;0;2767;214;262;441;99;267;55;0;572;281;2426;2532;3106;539;351;259;73;630;2809;1562;165;422;463;531;494;1349;2121;2768;168;463;751;301;507;1;179;2736;17;2025;3006;1839;107;6;20231031
AT1;AT13;AT130;90700;90704;5290;10162;10157;5;2;2755;3058;3360;987;624;125;1138;7725;550;624;424;1090;7280;744;624;900;1459;3495;2979;705;624;154;1056;1600;964;1329;1769;489;2177;624;167;430;768;1980;1807;2428;1022;936;624;9138;400;0;0;0;6780;352;42;225;490;1180;414;168;197;314;4815;5347;6176;1193;661;530;145;1457;6016;2980;465;701;1028;1221;1036;2821;4056;5353;300;1028;1718;703;1060;8;370;5199;49;4536;5772;3769;619;2;20231031
AT1;AT13;AT130;90700;90705;4409;7984;7974;10;6;2393;2404;2683;498;132;147;1087;6288;330;132;401;1096;5763;592;132;989;1410;3299;1665;489;132;200;899;1451;714;1077;1431;295;1785;132;184;528;648;1747;1524;1757;870;594;132;7369;483;0;0;0;5746;347;276;280;340;432;206;106;84;167;3919;4065;4714;989;558;478;150;1095;4921;2277;264;522;811;1035;759;2278;3101;4419;397;811;1025;509;823;8;321;4358;47;3250;4443;3413;122;6;20231031
AT1;AT13;AT130;90800;90801;2423;5274;5274;0;0;1185;1386;1839;864;698;90;336;3871;279;698;175;496;3037;868;698;371;701;1371;1242;891;698;51;438;754;499;683;851;212;1088;698;40;206;314;933;842;1162;515;564;698;4391;185;0;0;0;4221;241;192;237;146;75;128;0;34;0;2794;2480;3065;608;401;345;85;770;3111;1591;175;397;483;632;543;1535;2081;2509;124;483;770;385;1003;3;153;2454;15;2649;2931;1646;697;0;20231031
AT1;AT13;AT130;90800;90802;5635;11005;11001;4;1;2884;3194;3873;1053;701;268;1281;8150;605;701;362;1023;7309;1610;701;695;1273;3435;3242;1659;701;97;944;1560;1059;1552;1891;592;2609;701;52;309;650;2000;2176;2556;1267;1294;701;9818;454;30;2;0;8155;332;473;725;473;383;275;94;82;13;5105;5900;7107;1364;659;358;137;1380;6342;3356;519;788;1125;999;861;3282;4738;5638;305;1125;1836;1000;1101;14;319;5552;38;5082;6435;3872;697;1;20231031
AT1;AT13;AT130;90800;90803;4215;8108;8092;16;16;2240;2336;2743;773;593;108;919;6008;480;593;314;943;5682;576;593;711;1300;2927;1995;582;593;120;873;1241;702;1110;1342;362;1765;593;63;433;661;1482;1529;1783;892;672;593;7174;340;0;1;0;5167;622;575;286;531;236;149;35;507;0;4051;4057;4842;890;615;459;136;1166;4820;2354;330;604;801;1075;846;2245;3141;4161;375;801;1218;530;1023;9;281;4177;31;3610;4451;3064;577;16;20231031
AT1;AT13;AT130;90900;90901;5233;9232;9216;16;4;2909;2752;3211;356;64;156;815;7715;482;64;672;1689;6310;497;64;1589;2019;3362;1733;465;64;145;1248;1895;861;1153;1794;314;1758;64;131;631;1036;2074;1900;2118;736;542;64;8655;512;0;1;0;4932;1015;763;758;357;794;160;25;36;392;4430;4802;5390;982;740;573;153;1394;5591;2554;324;763;1000;1363;1063;2510;3296;4872;462;1000;1330;584;984;15;366;4847;44;3960;5303;3877;48;4;20231031
AT1;AT13;AT130;90900;90902;5599;10761;10753;8;8;2783;3332;3882;756;419;146;1076;8664;456;419;405;1231;7528;1178;419;889;1761;3477;3011;1204;419;167;982;1744;1095;1556;1943;601;2254;419;111;444;771;2274;2036;2581;1166;959;419;9749;591;2;0;0;7968;1012;417;156;153;541;258;78;66;112;5072;5689;6830;1208;720;556;132;1315;5902;3403;575;881;1129;1284;1155;2910;4283;5328;350;1129;2063;668;1223;6;380;5230;47;5098;6591;3752;410;8;20231031
AT1;AT13;AT130;90900;90903;2484;4483;4481;2;2;1357;1324;1585;215;58;71;396;3634;324;58;406;690;2933;396;58;700;840;1571;887;427;58;152;514;942;379;643;727;198;870;58;99;288;409;1040;830;976;469;314;58;4204;221;0;0;0;2216;615;580;269;151;25;62;99;127;339;2145;2338;2454;505;433;267;72;752;2719;1288;162;314;456;569;440;1211;1807;2496;194;456;538;312;487;2;186;2439;26;1830;2550;1877;54;2;20231031
AT1;AT13;AT130;90900;90904;4880;9505;9469;36;36;2590;2664;3246;969;730;192;938;7100;545;730;407;1330;6298;740;730;1044;1822;3269;2096;544;730;156;1097;1634;750;1266;1555;386;1931;730;149;569;873;1897;1634;2057;910;686;730;8123;652;0;0;0;7130;604;285;457;479;204;104;74;35;133;4530;4975;5249;1140;717;567;164;1668;5836;2680;334;655;1030;1293;895;2711;3576;4841;379;1030;1342;791;1122;14;388;4716;45;4342;5062;3713;694;36;20231031
AT1;AT13;AT130;90900;90905;2686;5486;5482;4;4;1244;1506;2379;353;138;151;571;4345;281;138;106;348;3705;1189;138;203;407;1477;1707;1554;138;39;526;779;560;849;890;347;1358;138;16;172;353;938;987;1293;748;841;138;5062;284;2;0;0;4643;208;361;47;0;60;59;16;63;29;2576;2910;3290;758;331;135;51;921;2994;1860;248;384;676;468;352;1549;2441;2734;102;676;798;409;767;13;128;2665;24;2656;3578;1771;133;4;20231031
AT1;AT13;AT130;90900;90906;942;2170;2170;0;0;396;556;923;295;223;46;324;1448;129;223;49;136;1311;451;223;76;115;437;703;616;223;19;211;262;242;307;353;126;427;223;14;33;82;343;405;504;234;332;223;1767;172;0;8;0;1577;8;61;96;0;82;0;0;218;128;997;1173;1255;290;141;86;23;375;1273;684;74;139;231;160;118;669;992;1042;42;231;283;268;304;5;50;1016;10;1089;1345;602;223;0;20231031
AT1;AT13;AT130;91000;91001;5147;12645;12593;52;28;2456;2960;6406;795;1176;3;1355;10072;39;1176;314;3623;7486;46;1176;833;2355;5788;2331;162;1176;334;3992;3370;471;1171;1548;24;559;1176;129;952;2071;3917;1733;1834;604;229;1176;11443;26;0;0;0;153;0;26;32;0;0;0;0;728;11706;6289;6356;6149;821;1475;1146;550;2504;7406;4328;180;731;2589;2137;1387;2841;3691;6922;536;2589;602;561;1435;5;743;6588;59;5250;9070;3361;186;28;20231031
AT1;AT13;AT130;91000;91002;9202;20902;20878;24;16;4155;4658;8975;3098;523;197;1596;17597;989;523;1905;4003;14038;433;523;4285;5057;8737;2169;131;523;1621;6136;4602;1237;1866;2519;278;2120;523;1258;3918;4251;4539;2681;2453;894;385;523;19048;1278;0;53;3;4853;3084;5047;1624;736;3420;714;112;427;882;11240;9662;8674;491;2648;2761;1601;4727;10235;7858;823;1986;3377;8048;3898;3730;1849;8554;2339;3377;3185;690;2757;16;1604;8554;141;10587;14043;6426;417;16;20231031
AT1;AT13;AT130;91000;91003;3621;7714;7703;11;7;1653;1890;3428;736;81;108;497;6724;304;81;553;1234;5629;217;81;1194;2223;3345;787;84;81;385;1975;1701;580;776;1035;147;1034;81;295;1315;1458;1869;1059;1007;438;192;81;7135;498;0;0;3;1914;43;2500;1086;461;812;126;206;96;467;3885;3829;3779;178;866;1118;529;1244;3586;2992;395;741;1164;2641;1596;1549;764;3302;675;1164;1478;259;836;4;662;3179;28;3841;5251;2387;69;7;20231031
AT1;AT13;AT130;91000;91004;4095;9874;9855;19;3;1796;2184;4020;1871;776;254;757;7473;614;776;893;1750;6235;220;776;1889;2468;3676;936;129;776;830;2638;2038;507;971;924;158;1032;776;684;1907;1669;1958;1067;1142;441;230;776;8460;620;0;18;0;4701;672;1399;1194;488;394;56;70;157;743;5358;4516;3334;372;1419;1441;494;2814;5096;3581;415;782;1618;3756;1564;1884;1052;4114;1150;1618;1182;325;1485;7;743;4113;64;4947;6063;3184;624;3;20231031
AT1;AT13;AT130;91000;91005;8162;18841;18825;16;10;3360;4322;8684;2465;526;234;2331;15049;701;526;1398;2795;13092;1030;526;2913;3493;8482;3223;204;526;1108;4815;4043;1558;1966;2282;376;2167;526;888;2524;3638;4776;2692;2349;961;487;526;17339;972;0;4;0;6179;1283;943;757;2068;3246;1106;1682;573;1004;9943;8898;8379;504;2339;2666;1403;3550;8959;7579;725;1578;2842;6404;3528;3989;2078;8509;1767;2842;2877;690;2156;13;1605;8127;95;9001;13097;5224;510;10;20231031
AT1;AT13;AT130;91000;91006;5807;13698;13691;7;7;2442;2978;6129;2142;539;212;1037;11334;576;539;1449;2644;8610;456;539;2939;3093;5387;1558;182;539;1344;3890;2953;810;1192;1447;198;1325;539;941;2563;2517;3158;1686;1396;663;235;539;11937;1118;0;104;0;6577;553;933;1112;482;567;1167;675;577;1055;7429;6269;5158;421;2115;2001;923;3080;6788;5316;453;1141;2231;5075;2435;2546;1411;5880;1511;2231;1802;497;1777;12;1202;5667;95;6722;9054;4105;532;7;20231031
AT1;AT13;AT130;91000;91007;6167;13286;13283;3;3;2752;3290;5956;1285;245;46;2258;10136;601;245;724;1719;10130;468;245;1471;2911;6808;1766;85;245;590;3056;2856;1016;1510;1753;291;1969;245;446;1673;2342;3424;1787;1984;944;441;245;12634;407;0;0;0;1663;671;1514;4008;1946;795;800;414;749;726;6644;6642;6481;299;1538;1880;727;2361;5841;5416;819;1210;1981;4113;2708;3044;1440;5607;1100;1981;2796;405;1397;1;1066;5366;58;6795;9092;3949;242;3;20231031
AT1;AT13;AT130;91000;91008;4569;10029;10022;7;7;1994;2422;4500;1106;55;94;981;8486;413;55;816;1637;7287;234;55;1734;2173;4287;1629;151;55;680;2805;2212;614;1023;1378;152;1110;55;490;1554;1845;2364;1579;1363;522;257;55;9515;459;0;0;0;2714;1326;526;1875;1228;449;238;230;1271;172;5313;4716;4451;257;1326;1492;674;1829;4686;4046;393;904;1507;3389;1947;2198;988;4378;903;1507;1643;351;1247;8;859;4173;43;4946;6838;3136;48;7;20231031
AT1;AT13;AT130;91000;91009;2345;5438;5436;2;2;981;1264;2477;714;284;9;113;4898;134;284;191;621;4212;130;284;534;1213;2390;960;57;284;90;1344;1265;397;621;711;113;613;284;93;660;905;1512;673;923;243;145;284;5071;83;0;0;0;76;1342;781;0;0;674;1011;218;10;1326;2739;2699;3047;113;461;669;326;822;2769;1929;209;531;955;1563;1055;1260;605;2366;452;955;867;325;473;2;385;2357;33;2661;3872;1282;282;2;20231031
AT1;AT13;AT130;91000;91010;9280;19854;19831;23;18;4370;4774;8508;2184;591;90;996;17634;543;591;1443;3441;14227;152;591;3244;5361;8800;1786;72;591;715;5310;4763;1283;2189;2483;272;2248;591;752;3077;3744;4841;3061;2374;1117;297;591;18861;402;0;0;0;1096;2988;4528;5428;1288;1143;173;59;399;2752;10027;9827;10313;337;1883;2589;1591;3141;9329;7157;1119;2249;3312;7011;4287;3800;1444;7990;1826;3312;3868;543;2315;12;1396;8084;90;10272;13564;5704;568;18;20231031
AT1;AT13;AT130;91000;91011;4451;9655;9642;13;11;1996;2426;4106;1116;133;1151;46;8143;182;133;521;1262;7239;500;133;1438;1321;4455;2160;148;133;247;2399;2004;845;1043;1475;269;1240;133;224;1008;2075;2225;1566;1461;563;400;133;9290;221;6;5;0;6;2257;62;1964;664;3454;372;46;115;715;4753;4902;6081;148;599;772;842;1213;4286;3702;613;1054;1404;3167;2251;2023;810;3856;801;1404;2273;369;952;1;596;3947;34;5077;7048;2476;120;11;20231031
AT1;AT13;AT130;91000;91012;1128;2555;2554;1;0;403;656;1355;141;6;12;430;2107;0;6;67;267;1831;384;6;49;279;1280;906;35;6;60;484;507;278;376;431;56;357;6;12;150;324;772;470;511;207;103;6;2549;0;0;0;0;0;0;1;5;4;0;68;1811;659;7;1272;1283;1629;75;206;193;63;389;1205;1116;38;196;383;446;375;743;608;1461;106;383;246;166;193;2;170;1369;13;1001;2008;542;5;0;20231031
AT1;AT13;AT130;91000;91013;2649;4904;4901;3;3;1331;1578;1791;201;3;523;57;4207;114;3;182;831;3728;160;3;556;1617;2386;289;53;3;66;746;1028;414;616;1060;104;867;3;80;458;835;1278;862;964;311;113;3;4735;140;23;3;0;0;920;810;2074;807;39;12;63;59;120;2348;2556;3466;57;325;533;193;330;1975;1885;393;651;595;1286;1582;1085;356;2038;282;595;1491;135;363;4;355;1926;13;2606;3325;1576;0;3;20231031
AT1;AT13;AT130;91000;91014;2102;4149;4143;6;6;955;1312;1630;246;6;74;1;3991;77;6;126;514;3421;82;6;396;2110;1337;277;23;6;94;745;783;426;476;804;118;697;6;80;551;889;1080;575;720;195;53;6;3859;266;16;2;0;0;2;2982;580;492;59;19;0;5;10;2021;2128;3012;67;278;334;148;310;1824;1525;274;526;569;1151;1256;861;312;1717;276;569;1123;122;342;2;265;1695;13;2174;2943;1200;0;6;20231031
AT1;AT13;AT130;91000;91015;4028;9375;9362;13;3;1508;2368;4737;759;183;1176;1054;6904;58;183;204;1510;6602;876;183;358;1580;5480;1580;194;183;351;2402;1979;671;1143;1169;282;1195;183;186;817;1403;3039;1475;1367;656;249;183;9127;32;27;6;7;87;130;119;776;287;85;280;2392;1765;3447;4575;4800;5639;212;697;1050;382;1395;4555;3767;319;734;1786;2096;1918;2384;1191;4668;540;1786;1233;404;744;6;783;4286;46;4254;7342;1940;90;3;20231031
AT1;AT13;AT130;91000;91016;3681;7865;7845;20;10;1589;2354;3312;600;381;1730;418;5179;157;381;303;1042;5257;882;381;935;1318;2708;1715;808;381;191;1143;1504;652;1089;1292;378;1235;381;196;449;935;1808;1390;1626;657;423;381;7255;202;25;2;4;1;2235;416;819;448;840;607;169;418;1908;3790;4075;5935;181;445;420;241;643;3367;3189;560;749;1142;1512;1929;2152;1130;3461;398;1142;2042;234;588;7;543;3259;30;4026;5647;1948;260;10;20231031
AT1;AT13;AT130;91000;91017;398;935;935;0;0;126;240;525;44;0;198;268;449;20;0;8;53;736;138;0;24;43;251;460;157;0;0;108;186;175;145;119;61;141;0;8;40;26;264;247;165;97;88;0;921;12;0;2;0;66;40;9;116;140;241;75;2;77;169;448;487;824;23;31;20;11;26;406;416;46;67;145;143;214;298;135;503;23;145;185;42;37;8;89;423;1;414;783;152;0;0;20231031
AT1;AT13;AT130;91000;91018;3030;6508;6490;18;0;1198;1796;3262;252;47;835;1764;3801;61;47;66;1059;4827;509;47;169;1036;2742;1974;540;47;38;1113;1510;735;938;1078;232;817;47;18;275;772;1741;1404;1376;558;317;47;6422;33;0;6;6;411;127;276;185;198;51;1820;354;521;2559;3128;3380;4779;209;499;357;153;511;3116;2569;210;613;1089;963;1255;1870;1331;3638;231;1089;895;243;412;8;513;3311;20;2656;5008;1472;28;0;20231031
AT1;AT13;AT130;91000;91019;1768;3557;3547;10;0;772;1158;1401;226;23;1112;670;1645;107;23;59;725;2184;566;23;471;577;997;968;521;23;79;520;680;256;510;660;206;623;23;48;308;327;714;637;821;388;291;23;3444;76;2;12;3;224;135;298;504;98;284;523;84;370;1034;1751;1806;2523;119;366;190;66;293;1536;1500;180;341;433;609;799;1094;622;1810;133;433;786;118;277;13;272;1630;12;1630;2551;994;12;0;20231031
AT1;AT13;AT130;91000;91020;4550;10288;10274;14;14;1895;2654;4454;1271;282;27;3;9844;132;282;269;576;9045;116;282;469;901;7007;1618;11;282;103;2296;2241;1032;1230;1265;325;1514;282;65;938;2178;2524;1962;1025;948;366;282;10006;0;0;0;0;0;0;0;5142;5123;0;0;0;0;23;4755;5533;6986;139;629;732;822;980;4291;3870;1037;1090;1702;3407;2877;1841;461;3469;801;1702;3032;364;920;3;647;3508;47;6083;7686;2320;268;14;20231031
AT1;AT13;AT130;91000;91021;3630;8393;8389;4;4;1297;2348;3891;853;299;210;610;7204;70;299;173;885;6762;274;299;180;834;5061;1958;61;299;85;1697;1837;993;895;1430;242;915;299;35;553;1220;2439;1446;1505;508;388;299;8086;2;4;2;0;0;73;167;142;224;3324;2295;12;32;2124;3984;4409;5923;186;574;581;361;768;3747;3380;446;820;1429;1696;2023;2091;1154;4208;417;1429;1561;291;487;2;666;3882;20;3823;6506;1588;295;4;20231031
AT1;AT13;AT130;91000;91022;3349;7127;7124;3;3;1542;1796;2832;954;44;100;940;5513;530;44;440;1202;5290;151;44;1001;1665;3374;1000;43;44;594;1704;1243;546;770;956;210;1060;44;412;1135;1197;1491;998;1095;508;247;44;6710;370;3;0;0;2381;189;1191;1605;451;265;172;466;145;262;3781;3346;2881;296;1116;850;325;1659;3605;2653;335;534;1036;2176;1155;1654;1106;3258;659;1036;1092;240;842;5;581;3091;49;3401;4623;2460;41;3;20231031
AT1;AT13;AT130;91000;91023;5362;11908;11892;16;16;2381;2600;5658;1253;191;126;670;10567;354;191;959;1979;8601;178;191;1849;2744;5624;1436;64;191;433;3531;3112;873;1161;1381;100;1126;191;385;1633;2530;3493;1556;1410;547;163;191;11286;428;0;3;0;1787;1528;1118;2471;130;25;373;1817;494;2165;5992;5916;6065;288;1235;1483;904;1933;5932;4291;530;1155;2037;4005;2294;2444;1128;5310;1089;2037;1727;417;1328;7;972;5219;50;5660;8442;3295;155;16;20231031
AT1;AT13;AT130;91100;91101;1312;3273;3273;0;0;595;630;1444;604;536;6;510;2221;0;536;32;460;2138;107;536;81;364;1345;936;11;536;19;648;739;233;316;432;21;329;536;0;78;375;872;515;553;203;141;536;2735;2;0;0;0;0;4;2;33;0;0;206;690;797;1541;1668;1605;1769;171;337;237;112;647;2023;994;46;210;554;411;420;1004;884;1703;133;554;216;395;272;1;191;1621;12;1448;2017;737;519;0;20231031
AT1;AT13;AT130;91100;91102;8922;19896;19880;16;4;3861;4772;9421;1838;518;122;1855;16825;576;518;1061;3325;14663;329;518;2467;4464;8994;3248;205;518;659;5354;4886;1421;2075;2679;272;2032;518;521;2487;3647;5492;3083;2651;1067;430;518;18745;590;0;43;0;2341;1667;2847;2670;2016;979;200;408;665;6103;9831;10065;10935;509;2232;2199;1049;2972;9925;7213;870;1888;3590;5673;3933;4257;2443;9127;1614;3590;3059;662;1844;20;1453;8951;94;9378;14231;5280;381;4;20231031
AT1;AT13;AT130;91100;91103;8776;19077;19070;7;4;3858;4554;8852;1809;192;192;2024;15860;809;192;1075;3755;13304;751;192;2961;4530;8187;3040;167;192;943;4798;4494;1429;2109;2635;322;2155;192;832;2435;3467;5125;2942;2730;956;398;192;18149;734;2;0;0;3184;2144;3477;2893;812;2112;983;419;549;2504;9766;9311;9543;516;2327;2534;1159;2998;9402;7101;739;1835;3023;6063;3872;4085;2034;8898;1712;3023;2758;683;2003;6;1633;8599;117;8722;13587;5304;182;4;20231031
AT1;AT13;AT130;91100;91104;3134;6622;6619;3;0;1344;1830;2987;461;3;104;414;5892;209;3;462;1696;4347;114;3;965;1974;2947;690;43;3;392;1653;1660;474;642;1007;120;671;3;230;1044;1207;1696;909;1013;335;185;3;6413;206;0;0;0;694;5;1677;513;747;1060;26;2;9;1889;3396;3226;3199;239;820;879;357;1128;3192;2520;284;626;1074;2166;1474;1326;582;2936;640;1074;1079;168;725;5;501;2877;47;3192;4738;1884;0;0;20231031
AT1;AT13;AT130;91100;91105;6116;12959;12940;19;10;2598;3446;6183;722;24;668;1107;10986;174;24;427;2105;9967;436;24;1049;3380;6459;1741;306;24;278;2996;3041;1158;1485;1989;329;1659;24;225;1305;2246;3893;1840;2251;827;348;24;12788;134;4;9;9;850;1857;1485;2464;676;859;1250;595;579;2335;6376;6583;8493;294;1237;1203;617;1115;6239;4824;596;1300;2156;3494;3163;2878;1268;6093;938;2156;2328;445;999;6;1024;5866;46;6017;9709;3235;5;10;20231031
AT1;AT13;AT130;91100;91106;135;278;278;0;0;49;106;115;8;0;147;6;113;12;0;2;29;244;3;0;21;31;211;14;1;0;0;67;57;3;91;22;4;34;0;0;12;21;113;13;92;9;18;0;268;10;0;0;0;32;46;1;0;11;0;0;0;178;10;147;131;233;0;11;22;5;7;110;132;8;28;30;58;96;74;20;163;10;30;52;13;10;1;21;149;0;107;224;54;0;0;20231031
AT1;AT13;AT130;91100;91107;3155;6900;6883;17;3;1275;1924;3083;615;22;971;405;5403;99;22;307;597;5776;198;22;496;1369;3688;1186;139;22;175;1644;1482;654;948;798;202;975;22;121;696;1405;1789;1106;1013;507;241;22;6754;112;3;9;1;250;177;356;3777;404;176;531;145;580;503;3292;3608;4606;98;540;525;402;729;3026;2690;483;701;1127;1985;1791;1465;532;2838;579;1127;1575;220;561;6;485;2831;21;3557;5276;1621;0;3;20231031
AT1;AT13;AT130;91100;91108;484;946;946;0;0;196;370;360;20;6;230;236;456;18;6;47;55;792;46;6;69;59;538;260;14;6;16;88;133;133;127;208;74;161;6;9;43;40;240;171;288;61;88;6;928;4;0;8;0;3;31;79;23;30;20;696;7;15;42;450;496;804;7;57;33;11;34;355;439;40;112;93;130;300;321;102;521;22;93;224;40;46;0;82;456;5;403;716;227;3;0;20231031
AT1;AT13;AT130;91100;91109;972;2632;2630;2;0;294;550;1345;443;134;604;221;1575;98;134;20;148;1821;509;134;52;228;1096;756;366;134;17;547;623;266;355;304;75;311;134;16;140;444;760;434;365;194;145;134;2463;21;0;14;2;235;66;151;85;200;391;320;684;363;135;1351;1281;1894;60;287;156;54;181;1156;1104;151;221;455;601;611;708;257;1353;99;455;454;92;179;120;200;1113;2;1197;2046;456;130;0;20231031
AT1;AT13;AT130;91100;91110;11452;26905;26886;19;10;4048;6678;13895;2274;175;655;2290;23433;352;175;429;2163;23081;1057;175;740;3205;15462;6979;344;175;273;6114;6270;3191;3117;3786;890;3089;175;150;1902;4969;8388;4191;4394;1701;1035;175;26664;65;1;0;0;278;74;136;1492;7922;1859;9849;560;2812;1923;12956;13949;17735;411;2244;2542;1632;2341;12328;10912;1135;2530;4746;7280;6839;6091;1949;12592;1768;4746;4664;1022;2113;20;2175;11893;91;12726;21640;5100;155;10;20231031
AT1;AT13;AT130;91100;91111;2099;5191;5177;14;2;858;1214;2115;1002;590;472;497;3535;97;590;213;711;3491;186;590;459;858;2197;907;180;590;182;1118;937;464;589;623;123;565;590;152;483;797;1193;752;746;282;196;590;4433;158;6;4;9;966;80;362;165;1524;62;1003;44;201;775;2653;2538;2957;66;483;369;220;1096;2532;1881;249;529;974;1571;1209;1093;344;2080;442;974;812;153;730;10;349;2020;30;2782;3515;1102;572;2;20231031
AT1;AT13;AT130;91100;91112;148;442;441;1;0;42;100;169;131;66;175;33;155;13;66;2;22;265;87;66;21;17;103;154;81;66;25;59;86;32;40;53;14;67;66;27;17;14;106;72;71;36;33;66;334;37;0;5;1;11;56;48;38;32;21;7;65;101;62;248;194;289;5;35;30;3;80;218;173;23;28;63;120;114;112;33;187;23;63;76;7;86;15;39;152;2;234;297;80;65;0;20231031
AT1;AT13;AT130;91100;91113;2489;4993;4993;0;0;1125;1604;2031;233;54;763;412;3615;149;54;231;577;3818;313;54;453;649;2577;999;261;54;76;793;1068;419;657;878;223;825;54;46;336;591;1362;845;975;487;297;54;4875;57;7;0;0;191;113;120;799;483;1425;540;239;446;637;2451;2542;3202;120;535;360;167;609;2128;2117;275;473;688;1035;1245;1401;624;2353;267;688;1191;153;341;6;405;2155;12;2415;3547;1427;19;0;20231031
AT1;AT13;AT130;91200;91201;2504;4778;4777;1;0;1277;1348;1763;390;27;70;598;3842;241;27;232;1117;3321;81;27;563;1318;2195;624;51;27;157;924;1157;315;575;799;104;720;27;117;560;651;1205;763;911;374;170;27;4613;134;0;4;0;1347;195;514;1109;308;147;43;107;118;890;2373;2405;2479;290;481;533;201;794;2646;1583;169;380;596;1151;697;1196;1138;2555;335;596;602;209;481;1;347;2444;22;1964;2959;1793;26;0;20231031
AT1;AT13;AT130;91200;91202;9271;18689;18680;9;8;4551;4896;7595;1639;287;182;1428;16050;742;287;1163;3383;13277;579;287;3528;5098;6966;2680;130;287;799;4036;4000;1383;2384;2912;333;2555;287;720;2489;2960;4743;2729;3296;1001;464;287;17520;882;0;0;0;4428;5794;1828;624;1152;883;1095;629;28;2228;9382;9307;9533;583;2187;2540;874;2972;9385;6422;869;2013;2520;5687;3535;4335;2612;8578;1641;2520;3260;674;2016;13;1319;8567;74;8716;12098;6338;245;8;20231031
AT1;AT13;AT130;91200;91203;2413;4803;4798;5;5;1260;1134;1929;475;92;13;8;4544;146;92;432;1096;3106;77;92;1179;1761;1667;93;11;92;148;1234;1255;288;460;749;68;509;92;178;913;993;1127;603;727;151;19;92;4575;136;0;0;0;0;2076;2640;0;87;0;0;0;0;0;2386;2417;2552;76;434;535;444;762;2371;1486;237;709;694;1895;1102;862;250;1857;581;694;968;116;587;3;307;2052;24;2417;3154;1557;87;5;20231031
AT1;AT13;AT130;91200;91204;4834;10039;10031;8;3;2340;2684;3967;1045;336;199;1337;7381;786;336;702;1997;6647;357;336;1752;2427;3980;1361;183;336;473;2205;2222;649;1251;1401;175;1327;336;402;1350;1633;2272;1601;1495;666;284;336;9251;447;0;5;0;2747;309;1883;1177;714;1048;311;286;161;1403;5021;5018;4768;524;1240;1141;416;1950;5499;3356;357;827;1325;2580;1564;2489;2081;5003;745;1325;1339;517;1110;7;795;4739;38;4460;6327;3444;265;3;20231031
AT1;AT13;AT130;91200;91205;4469;8813;8807;6;6;2158;2550;3354;745;80;99;1024;7194;416;80;603;1378;6434;318;80;1340;2108;3894;1235;156;80;369;1673;1822;720;1040;1471;220;1418;80;290;1018;1371;2134;1426;1514;641;339;80;8318;395;0;20;0;3142;628;963;1728;475;1151;105;150;27;444;4380;4433;4616;390;910;878;399;1620;4435;3094;475;809;1103;2419;1405;2135;1751;4079;752;1103;1601;342;936;6;577;4062;36;4132;5686;3047;74;6;20231031
AT1;AT13;AT130;91200;91206;5060;9980;9964;16;3;2549;2848;3901;679;307;176;1593;7382;522;307;754;1548;6932;439;307;1620;1833;4086;1774;360;307;371;1601;2124;889;1141;1624;298;1625;307;259;983;1233;2231;1768;1871;774;554;307;9169;496;0;8;2;5515;417;375;678;970;295;274;45;323;1086;5018;4962;5256;667;1296;1016;234;1511;5255;3500;431;794;1176;2118;1399;2587;2700;5226;605;1176;1514;461;998;16;710;4966;48;4240;6321;3551;105;3;20231031
AT1;AT13;AT130;91200;91207;3316;6491;6488;3;3;1681;1742;2564;501;104;173;440;5573;201;104;255;833;5046;253;104;919;2250;2350;771;97;104;104;1209;1320;599;802;943;162;1248;104;134;921;1059;1572;826;1221;421;233;104;6242;139;2;4;0;238;2008;2612;788;322;189;136;8;99;91;3094;3397;3979;197;625;563;301;826;3103;2156;423;809;881;1821;1300;1547;942;2707;527;881;1482;241;653;11;379;2756;29;3316;4323;2071;94;3;20231031
AT1;AT13;AT130;91200;91208;2554;5260;5255;5;1;1286;1462;2218;293;190;472;212;4177;209;190;437;797;3647;189;190;880;958;2460;714;58;190;185;1015;1308;379;665;730;103;685;190;163;511;788;1351;967;808;356;126;190;4849;207;8;6;0;1436;688;197;834;225;177;703;45;18;937;2742;2518;2984;164;523;660;191;738;2643;1913;233;471;746;1366;1062;1272;814;2591;407;746;851;184;481;2;435;2455;35;2333;3474;1747;38;1;20231031
AT1;AT13;AT130;91200;91209;3117;8220;8209;11;10;1147;1296;4173;1594;11;605;27;7440;137;11;364;774;6262;809;11;976;442;4600;1813;378;11;168;2702;1999;889;626;1066;144;615;11;131;1307;2000;2235;1212;818;322;184;11;8171;29;4;5;1;0;63;1255;1140;3637;1808;74;41;36;165;4069;4151;4707;99;458;747;662;1547;4170;2944;354;752;1570;3081;1568;1498;503;3025;932;1570;1358;459;876;5;515;3249;44;4407;6713;1497;0;10;20231031
AT1;AT13;AT130;91200;91210;5053;12384;12363;21;4;2320;3218;5793;1049;1560;767;1322;8495;240;1560;288;1243;8620;673;1560;580;1841;5594;2501;308;1560;167;2166;2565;1122;1426;1485;370;1523;1560;94;674;1732;3412;1759;1900;823;430;1560;10606;172;28;18;9;624;1124;1121;1680;212;470;454;1639;2373;2678;5974;6410;7268;326;1326;1530;377;1557;5768;4784;662;1170;1869;2853;2408;3306;1948;6073;743;1869;2155;465;1079;6;930;5727;40;5681;8696;3193;491;4;20231031
AT1;AT13;AT130;91200;91211;5507;11788;11781;7;2;2411;3308;5179;888;566;636;1914;8285;387;566;391;1511;8455;865;566;694;1947;5446;2522;613;566;226;1918;2320;1151;1395;1780;554;1878;566;136;834;1536;2812;2166;2041;966;731;566;10939;247;7;29;0;1668;1611;1396;1150;907;1312;989;241;156;2358;5544;6244;8159;513;989;705;223;1199;5546;4461;712;1069;1739;2088;1975;3333;2653;5614;575;1739;2463;476;921;5;688;5354;53;5688;8316;3074;396;2;20231031
AT1;AT13;AT130;91300;91301;253;539;536;3;0;96;172;236;35;3;6;129;380;21;3;21;43;387;85;3;29;46;202;164;95;3;24;67;86;52;80;88;36;103;3;11;22;63;114;97;116;50;63;3;523;12;0;1;0;227;166;30;59;16;0;0;0;0;41;264;275;364;38;49;28;3;57;247;211;39;42;79;70;73;142;175;253;17;79;120;20;50;1;12;253;1;272;406;133;0;0;20231031
AT1;AT13;AT130;91300;91302;3122;6556;6528;28;0;1392;1612;3212;340;36;964;1392;3787;377;36;202;402;4034;1882;36;287;605;1701;1848;2079;36;127;706;975;667;1099;947;384;1615;36;39;280;505;1200;1116;1546;833;1001;36;6385;134;0;1;2;2660;634;813;968;596;358;110;101;259;55;3036;3520;4605;571;406;169;67;738;2985;2708;372;491;1024;661;477;1730;2664;3122;152;1024;1239;300;719;9;229;3000;22;3296;4787;1761;8;0;20231031
AT1;AT13;AT130;91300;91303;4940;10166;10158;8;0;2419;2692;4042;1013;674;295;2029;6705;463;674;362;1039;7297;794;674;736;1596;3925;2592;643;674;143;1173;1776;1122;1232;1677;473;1896;674;117;587;984;2169;1976;1926;994;739;674;9282;200;0;10;0;1793;593;2188;1421;1219;1466;364;206;546;370;4930;5236;6207;648;1210;501;145;1455;5155;3597;488;926;1316;1460;1378;2978;3034;5097;487;1316;1893;415;958;11;445;5026;51;4633;6529;2979;658;0;20231031
AT1;AT13;AT130;91300;91304;5128;10633;10614;19;2;2349;2840;4778;664;288;1744;2591;5497;513;288;297;795;7321;1932;288;582;1349;3469;2873;2072;288;127;1078;1864;1212;1580;1543;648;2293;288;83;374;942;2332;1956;2311;1165;1182;288;10122;193;20;10;3;1984;758;2071;1482;1488;1206;398;157;419;667;4887;5746;7629;615;854;295;80;1160;4899;4226;673;835;1506;1219;1034;3019;3855;5027;307;1506;2280;541;972;13;366;4866;40;5348;7487;2897;247;2;20231031
AT1;AT13;AT130;91300;91305;2202;4721;4704;17;0;921;1290;2225;285;95;1459;1000;1988;179;95;139;341;3014;1132;95;245;772;1304;1058;1247;95;72;490;764;601;671;706;291;1031;95;30;257;411;967;894;1021;520;526;95;4543;72;6;5;8;302;598;1216;738;529;277;175;146;119;613;2186;2535;3530;241;350;141;28;431;2135;1888;297;401;698;592;512;1339;1580;2160;146;698;1055;231;431;5;181;2088;16;2431;3508;1135;78;0;20231031
AT1;AT13;AT130;91300;91306;1439;2785;2785;0;0;709;778;1131;167;29;482;725;1417;132;29;81;283;1839;553;29;187;341;993;741;494;29;34;220;538;261;402;503;129;669;29;29;79;195;623;527;630;356;317;29;2703;44;0;9;0;334;245;174;408;492;292;284;158;31;367;1261;1524;1935;185;201;100;16;348;1245;1108;177;255;391;288;330;769;1007;1287;75;391;637;104;291;1;99;1240;16;1429;1907;849;29;0;20231031
AT1;AT13;AT130;91300;91307;1591;3336;3334;2;2;720;828;1537;249;4;479;332;2400;121;4;116;285;2470;461;4;190;622;1536;610;374;4;51;631;594;375;414;502;122;643;4;31;350;568;747;497;576;320;243;4;3263;68;1;0;0;308;213;1021;1304;96;53;38;25;182;96;1573;1763;2232;139;284;234;68;379;1631;1216;190;299;563;691;449;882;751;1465;188;563;667;135;318;3;157;1435;23;1718;2426;906;2;2;20231031
AT1;AT13;AT130;91300;91308;3484;7344;7336;8;0;1644;2054;2770;876;526;962;1495;4095;266;526;262;679;4942;935;526;450;1130;2638;1643;957;526;107;861;1240;728;939;1112;372;1459;526;79;388;693;1469;1272;1573;739;605;526;6754;52;9;3;4;748;438;1160;1274;1625;496;546;197;216;640;3399;3945;5274;310;594;286;83;797;3162;2699;603;880;995;1215;1205;2080;1849;3018;363;995;2045;257;666;4;274;3026;32;4008;4816;2010;518;0;20231031
AT1;AT13;AT130;91300;91309;2401;4888;4879;9;2;1113;1432;1977;364;234;168;177;4184;125;234;227;617;3489;321;234;573;1204;2049;658;170;234;99;622;1009;470;604;796;233;821;234;106;447;606;1226;888;889;315;177;234;4466;134;47;7;7;60;2514;988;534;85;165;41;11;1;482;2310;2578;3648;115;348;267;91;419;2208;1717;373;590;666;936;1083;1396;807;2087;288;666;1314;153;380;6;220;2113;13;2536;3273;1388;225;2;20231031
AT1;AT13;AT130;91300;91310;132;281;281;0;0;48;92;121;20;0;63;79;81;58;0;0;57;209;15;0;12;40;138;74;17;0;8;48;83;22;47;43;4;26;0;0;16;28;92;43;67;22;13;0;280;1;0;0;0;39;0;23;4;3;0;6;0;3;203;133;148;235;6;25;8;0;7;123;129;7;22;49;20;52;95;65;163;6;49;43;9;11;1;16;151;1;112;221;60;0;0;20231031
AT1;AT13;AT130;91300;91311;1873;4229;4210;19;0;639;1270;2124;196;26;3410;330;346;117;26;67;49;2231;1856;26;68;141;623;1349;2022;26;37;265;417;494;785;618;424;1163;26;21;76;166;608;677;1109;758;788;26;4106;60;24;13;8;25;1021;427;511;613;431;292;160;208;533;2027;2202;3487;228;157;44;11;302;1559;2053;319;298;542;389;420;1331;1547;1885;74;542;1193;234;301;6;148;1788;14;2273;3404;818;7;0;20231031
AT1;AT13;AT130;91400;91401;5160;9673;9664;9;1;2603;2828;3927;314;18;175;2018;7150;312;18;495;2011;6521;628;18;1344;1937;4346;1766;262;18;243;1595;2238;688;1339;1679;248;1625;18;160;721;1260;2489;1918;1867;806;434;18;9316;309;0;30;0;3003;305;481;499;752;556;250;541;60;3226;4748;4925;5866;488;947;891;221;1260;5190;3347;348;788;1230;1665;1498;2596;2684;5273;459;1230;1479;407;825;4;615;5021;39;3994;6297;3366;9;1;20231031
AT1;AT13;AT130;91400;91402;4457;8721;8718;3;1;2305;2246;3419;750;182;155;605;7465;314;182;817;1750;5576;396;182;2177;2165;2973;1038;186;182;511;1595;2029;615;1033;1297;175;1284;182;461;1096;1323;2137;1357;1426;499;240;182;7807;730;0;2;0;5101;1519;269;94;169;474;221;474;93;307;4563;4158;4303;408;1101;1151;373;1385;4465;3050;336;870;1127;2502;1488;2084;1520;4164;742;1127;1355;329;1004;6;671;4023;63;3958;5367;3174;179;1;20231031
AT1;AT13;AT130;91400;91403;5209;10185;10178;7;2;2485;2992;4161;545;85;422;1985;7178;515;85;497;1396;7296;911;85;1227;1716;3714;2577;866;85;184;1420;2150;1026;1413;1674;414;1819;85;195;656;1082;2421;1972;2109;929;736;85;9672;418;0;10;4;3712;2090;662;910;927;249;299;68;132;1132;4813;5372;6608;632;916;652;182;1195;5444;3356;458;927;1384;1722;1373;2514;3192;5285;452;1384;1716;453;895;10;512;5124;55;4484;6848;3257;78;2;20231031
AT1;AT13;AT130;91400;91404;10597;20912;20888;24;8;5204;5862;8383;1455;419;158;2669;17065;601;419;1452;3231;15224;586;419;3323;4687;9117;3098;268;419;656;3695;4589;1875;2405;3544;555;3174;419;578;2254;2869;5325;3347;3955;1411;754;419;19548;940;0;5;0;5342;2133;2628;1830;1724;2810;1703;339;357;2046;10252;10660;12346;650;2123;2199;705;2889;10034;7594;1102;2182;2777;5143;4091;5411;3490;9681;1457;2777;4365;709;1923;14;1327;9460;82;10029;13781;6764;359;8;20231031
AT1;AT13;AT130;91400;91405;2323;4747;4735;12;2;989;1488;2075;193;71;1366;449;2703;158;71;183;496;3478;519;71;577;649;2073;929;448;71;86;635;837;435;754;857;256;816;71;78;314;477;1187;921;969;423;307;71;4513;124;33;6;3;211;2330;183;225;250;232;129;165;237;782;2306;2441;3671;149;234;254;93;346;2052;1972;254;469;637;761;940;1368;1041;2251;194;637;1129;226;310;4;243;2167;14;2319;3477;1209;59;2;20231031
AT1;AT13;AT130;91400;91406;6601;13098;13092;6;4;3220;3798;4946;1130;557;299;1857;9950;435;557;772;1751;9411;607;557;1617;2653;5625;2281;365;557;242;2086;2644;1188;1640;2128;448;2165;557;223;991;1765;3123;2246;2495;1101;597;557;12061;474;3;3;0;2689;489;1093;2082;1618;1932;1255;98;227;1615;6279;6819;8283;448;1349;1130;285;1603;6102;4626;907;1463;1715;2777;2504;3566;2536;5996;796;1715;3009;422;1160;13;761;5862;44;6418;8540;4014;540;4;20231031
AT1;AT13;AT130;91400;91407;1420;2968;2963;5;5;667;686;1403;207;5;1;2;2867;93;5;177;646;2034;106;5;382;1606;884;77;14;5;106;808;760;226;286;365;48;364;5;122;614;625;784;219;506;81;12;5;2795;168;0;0;0;0;0;2968;0;0;0;0;0;0;0;1464;1504;1823;50;249;336;137;373;1535;951;136;346;507;937;714;621;189;1247;276;507;544;109;285;0;195;1284;13;1476;2109;854;0;5;20231031
AT1;AT13;AT130;91400;91408;2020;4368;4358;10;4;849;1124;2048;343;10;962;491;2768;137;10;143;314;3210;691;10;229;765;1838;1013;513;10;43;748;886;489;593;566;232;801;10;56;446;562;1115;681;794;397;307;10;4239;114;5;0;0;306;226;1213;1042;546;295;76;116;155;393;2094;2274;3192;152;267;252;88;417;2004;1733;251;380;692;815;758;1159;944;1981;237;692;965;204;289;2;210;1963;11;2182;3285;1079;0;4;20231031
AT1;AT13;AT130;91400;91409;162;417;417;0;0;82;106;108;121;122;0;2;293;0;122;16;60;219;0;122;16;37;155;87;0;122;8;25;94;27;64;52;0;25;122;0;8;5;75;100;69;32;6;122;295;0;0;0;0;0;0;0;0;0;0;107;0;0;310;230;187;353;7;17;12;2;26;218;129;10;60;51;83;90;106;87;188;55;51;74;8;41;0;18;223;0;176;223;87;107;0;20231031
AT1;AT13;AT130;91400;91410;4281;8827;8812;15;0;1924;2500;3814;589;245;1195;1781;5298;308;245;398;953;6494;737;245;679;1233;3498;2528;644;245;200;1185;1740;995;1175;1276;477;1534;245;143;554;775;2262;1552;1839;806;651;245;8321;217;29;15;6;1595;473;791;1399;1645;828;363;105;364;1258;4191;4636;6433;388;597;338;80;991;4199;3355;457;816;1356;1158;1317;2483;2513;4206;345;1356;1838;453;629;8;406;4061;30;4322;6321;2276;230;0;20231031
AT1;AT13;AT130;91400;91411;3017;6915;6897;18;0;1004;2076;3367;468;113;5339;657;591;215;113;189;206;4100;2307;113;236;247;1485;2300;2534;113;141;671;860;795;1169;944;564;1658;113;86;184;392;1101;1323;1651;992;1073;113;6458;238;45;61;8;94;1288;838;868;820;726;564;227;550;932;3345;3570;5858;286;301;100;28;342;2683;3273;507;452;956;679;1016;2153;2111;3160;112;956;1929;355;403;10;272;2967;18;3648;5519;1304;92;0;20231031
AT1;AT13;AT130;91400;91412;3034;7038;6999;39;2;1081;1936;3436;583;204;1976;2181;2488;189;204;111;457;4736;1530;204;171;573;1957;2669;1464;204;104;801;1241;895;1062;942;518;1271;204;39;252;531;1687;1286;1581;783;675;204;6606;181;22;25;11;932;346;246;744;922;1245;709;149;309;1425;3437;3601;5399;292;458;201;62;626;3131;3058;313;536;1183;925;952;2008;1970;3240;203;1183;1507;292;613;9;309;3085;20;3615;5490;1384;162;2;20231031
AT1;AT13;AT130;91500;91501;5637;10593;10585;8;4;2964;2974;3951;700;66;100;813;9152;462;66;805;1988;7198;536;66;2151;2882;4380;967;147;66;436;1979;2252;767;1251;1796;219;1827;66;404;1279;1688;2451;1779;1877;752;297;66;9972;555;0;0;0;3422;2719;1580;714;1014;196;485;403;29;31;5257;5336;5539;542;1232;1338;520;1422;5424;3610;489;1070;1256;2792;1851;2591;2103;5103;868;1256;1948;384;1034;11;714;5072;55;4741;6519;4018;52;4;20231031
AT1;AT13;AT130;91500;91502;5181;9839;9833;6;2;2615;2864;3803;555;34;203;747;8284;571;34;937;2210;6250;408;34;2478;2504;3296;1285;242;34;511;2052;2202;575;1298;1474;194;1499;34;446;1361;1382;2253;1651;1739;614;359;34;8944;820;0;41;0;7559;391;33;180;297;262;335;30;459;293;5111;4728;4636;653;1245;1392;362;1551;5446;3233;318;842;1109;2368;1505;2447;2410;5431;698;1109;1212;421;968;5;751;5237;28;3818;5979;3831;27;2;20231031
AT1;AT13;AT130;91500;91503;5921;12685;12668;17;10;2777;3152;5153;1593;620;246;991;10225;603;620;769;2308;8454;534;620;2022;2625;5250;1816;352;620;630;2619;2780;860;1451;1754;236;1735;620;392;1681;1933;2906;1934;1944;805;470;620;11254;771;0;40;0;7550;588;258;503;1085;760;380;126;225;1210;6624;6061;5884;827;1598;1562;470;2344;7239;4119;381;946;1609;3248;1808;3103;2917;6344;1068;1609;1432;733;1499;11;912;6222;61;5479;7642;4430;603;10;20231031
AT1;AT13;AT130;91500;91504;4182;8899;8891;8;8;2048;2254;3332;1257;624;104;661;7145;365;624;743;1950;5281;301;624;1944;1998;2977;1140;216;624;495;1809;2013;594;830;1287;192;1055;624;328;1161;1307;2059;1306;1380;482;252;624;7643;632;0;0;0;4492;459;137;376;857;664;236;0;524;1154;4724;4175;3974;494;1103;1033;355;1940;5037;2893;307;662;1025;2346;1433;2187;1908;4287;831;1025;1122;575;1059;9;613;4260;37;3980;5155;3161;575;8;20231031
AT1;AT13;AT130;91500;91505;5185;11080;11061;19;1;2399;2854;4593;1233;402;241;987;8846;604;402;717;1515;7975;471;402;1600;2320;4648;1891;219;402;469;2217;2400;850;1421;1424;300;1597;402;292;1333;1796;2755;1657;1714;768;363;402;10124;515;0;39;0;4485;418;682;1517;2092;1219;60;133;246;228;5498;5582;5863;537;1060;1294;483;1843;5686;3840;603;951;1433;2954;1844;2697;2152;5053;858;1433;2078;474;1184;10;681;5021;58;5310;7183;3513;383;1;20231031
AT1;AT13;AT130;91500;91506;7291;14540;14528;12;5;3601;3936;5726;1272;454;200;1119;12054;713;454;1381;2641;9603;461;454;3218;3645;5696;1285;242;454;647;2878;3342;1018;1821;2098;248;2034;454;634;1857;2296;3510;2202;2367;866;354;454;12853;1232;0;1;0;8557;683;1191;476;1225;676;562;34;236;900;7446;7094;7132;757;1814;1946;683;2208;7657;5007;618;1258;1754;3966;2541;3360;2919;7225;1240;1754;2267;558;1496;17;1142;7000;80;6301;8899;5194;442;5;20231031
AT1;AT13;AT130;91500;91507;4312;8377;8364;13;6;2338;2382;2836;815;499;314;255;6989;320;499;513;1338;5781;246;499;1516;2427;2939;907;89;499;240;1339;1617;558;1128;1358;206;1432;499;170;1010;1117;1967;1406;1468;511;229;499;7523;354;0;1;0;2144;2788;856;860;537;420;352;52;44;324;4078;4299;4845;319;790;1032;414;977;3997;2790;577;1013;899;2387;1832;2092;1167;3644;644;899;2012;395;783;15;617;3557;36;4152;4947;2995;429;6;20231031
AT1;AT13;AT130;91600;91601;7227;14190;14160;30;30;3564;3986;5372;1238;91;326;1771;11120;882;91;1196;2822;9589;492;91;2880;3530;5721;1689;279;91;803;3049;2998;965;1716;2094;331;2143;91;704;1933;2112;3262;2229;2444;912;503;91;12997;990;0;112;0;7727;460;1326;1536;1291;703;362;18;153;614;7168;7022;6990;1037;1501;1672;634;2356;7851;4648;554;1137;1813;3594;2019;3226;3538;7082;1043;1813;2022;683;1547;13;911;6906;90;6270;8739;5364;57;30;20231031
AT1;AT13;AT130;91600;91602;3892;8273;8270;3;0;1847;2044;3322;1060;245;219;666;6688;455;245;1081;1383;5149;415;245;2179;1888;2776;994;191;245;691;1952;1763;584;951;890;135;1062;245;492;1573;1397;1728;1107;1072;419;240;245;6965;954;0;109;0;6287;268;243;385;280;393;144;66;84;123;4557;3716;3462;457;1113;1290;359;1592;4438;2872;269;694;1078;2626;1238;1741;1590;3949;759;1078;1099;305;1083;8;663;3801;64;3737;5047;2984;242;0;20231031
AT1;AT13;AT130;91600;91603;6485;12867;12860;7;7;3142;3502;5340;876;36;93;836;10989;913;36;1079;2259;9271;222;36;2330;4221;5160;998;122;36;462;2968;3064;1012;1489;1878;258;1700;36;517;1895;2359;3102;1946;1993;757;262;36;12351;480;0;0;0;2467;2588;3844;1306;1307;319;476;81;2;477;6335;6532;7291;308;1198;1747;760;1563;6212;4570;642;1443;1830;3898;2630;2911;1598;5825;961;1830;2487;411;1353;6;766;5828;54;6213;8758;4073;29;7;20231031
AT1;AT13;AT130;91600;91604;4244;8413;8404;9;0;2059;2278;3486;590;19;117;1011;6845;421;19;659;1132;6246;357;19;1322;1695;3879;1341;157;19;341;1520;1937;768;993;1308;203;1324;19;288;893;1221;2146;1484;1432;625;305;19;7920;445;0;29;0;3147;202;424;1166;892;1558;258;435;94;237;4145;4268;4840;363;763;970;382;1095;4194;3073;397;749;1094;2094;1529;2117;1579;4126;503;1094;1485;382;823;4;552;3962;30;3865;5585;2818;10;0;20231031
AT1;AT13;AT130;91600;91605;8325;16248;16246;2;1;4238;4434;6239;1336;428;380;2040;12559;841;428;1435;2776;11044;565;428;3314;3747;6294;2189;276;428;691;3058;3484;1293;1990;2487;350;2467;428;632;1898;2130;3982;2670;2855;1114;539;428;14842;964;0;14;0;7522;1075;992;863;1787;1087;649;639;283;1351;8047;8201;9013;747;1991;2150;467;1880;8059;5852;773;1564;1938;4022;2809;4198;3281;8117;1013;1938;2889;688;1603;18;1294;7584;72;7280;10274;5589;384;1;20231031
AT1;AT13;AT130;91600;91606;5134;10418;10411;7;5;2534;2558;4274;1047;53;188;1018;8788;371;53;717;1790;7340;518;53;2111;1848;4287;1909;210;53;391;2286;2220;886;1170;1734;265;1413;53;404;1287;1766;2407;1905;1562;633;401;53;9990;375;0;0;2;2261;2976;320;2065;118;1581;445;205;278;167;5170;5248;6230;308;884;1146;606;1244;4998;3680;571;1169;1385;2985;1980;2471;1597;4438;769;1385;2258;404;1164;9;684;4385;28;5312;7052;3318;43;5;20231031
AT1;AT13;AT130;91600;91607;6082;12346;12343;3;2;2900;3308;5161;975;231;97;1284;10413;321;231;750;2356;8595;414;231;1994;2855;5102;2023;141;231;448;2530;2769;962;1430;2142;277;1557;231;408;1449;1891;3045;1959;2194;715;454;231;11532;583;0;0;0;4110;610;2094;680;1492;429;321;422;342;1846;6107;6239;7266;428;1031;1280;503;1838;6310;4326;530;1180;1792;3022;2147;3032;2353;5931;869;1792;2092;485;1177;16;733;5825;66;5706;8274;3842;228;2;20231031
AT1;AT13;AT130;91600;91608;1845;3826;3816;10;0;925;1124;1226;551;416;1253;118;1966;73;416;196;387;2547;280;416;468;725;1472;508;237;416;71;522;598;266;487;642;102;722;416;70;234;376;870;608;747;314;191;416;3348;24;31;7;7;43;708;526;1139;500;147;215;61;147;333;1827;1999;2734;71;182;198;112;529;1657;1489;261;419;520;727;883;1072;624;1598;172;520;1004;113;419;3;190;1555;14;2064;2341;1081;404;0;20231031
AT1;AT13;AT130;91600;91609;2685;5796;5770;26;1;1163;1646;2443;543;361;1490;1332;2408;205;361;136;306;4083;910;361;259;610;1825;1635;1106;361;54;534;964;560;894;913;320;1196;361;10;232;365;1185;1068;1318;695;562;361;5374;50;4;7;8;384;442;622;1268;365;853;609;252;361;632;2678;3118;4793;243;269;131;51;309;2389;2427;496;484;770;647;756;1687;1936;2653;125;770;1653;241;354;4;233;2512;18;3029;4056;1404;335;1;20231031
AT1;AT13;AT130;91600;91610;5049;10159;10158;1;1;2413;2742;4063;940;62;224;611;8699;563;62;1444;1839;6406;408;62;3353;2399;3360;793;192;62;654;2471;2366;693;1169;1341;190;1213;62;671;1927;1790;2227;1540;1310;437;195;62;8823;1197;0;77;0;7935;1091;343;0;425;186;91;0;4;84;5340;4819;4239;482;1458;1616;641;1723;5298;3502;417;942;1351;3417;1639;2051;1701;4739;949;1351;1420;379;1321;13;836;4593;59;4658;6348;3749;61;1;20231031
AT1;AT13;AT130;91700;91701;5685;10836;10827;9;2;2880;3076;4273;605;57;385;1267;8584;543;57;1068;1837;7211;663;57;2369;2271;4141;1694;304;57;534;1856;2357;815;1279;1805;302;1831;57;488;1113;1588;2475;1862;2047;759;447;57;9817;901;0;61;0;6399;263;557;349;1099;799;185;298;102;785;5439;5397;5978;663;1249;1206;317;1423;5792;3741;406;897;1354;2395;1546;2725;2816;5656;668;1354;1642;464;1052;16;696;5465;36;4623;6812;3974;48;2;20231031
AT1;AT13;AT130;91700;91702;7250;14661;14643;18;3;3455;3936;6008;1259;154;404;1450;11892;761;154;1094;2615;10072;726;154;2581;3422;6119;1977;408;154;749;3037;3098;1173;1804;2048;328;2270;154;657;1818;2193;3556;2379;2325;1049;530;154;13578;907;5;17;0;6816;878;1419;1196;1567;1453;320;159;90;763;7327;7334;7364;1036;1570;1690;534;2467;8175;4743;569;1174;1960;3596;2194;3463;3448;7167;1024;1960;2105;700;1705;12;922;6958;68;6701;9272;5258;128;3;20231031
AT1;AT13;AT130;91700;91703;8755;17566;17560;6;2;4290;4764;7085;1425;505;319;1948;14064;730;505;1332;2713;12075;941;505;3213;4038;7024;2495;291;505;645;3075;3881;1447;2114;2669;421;2809;505;576;2052;2578;4433;2716;2910;1213;583;505;15929;1078;0;54;0;7399;2448;1217;1765;1395;1368;383;952;56;583;8825;8741;9917;851;1867;2221;554;2156;9022;6025;802;1717;2324;4307;2944;4339;3652;8464;1161;2324;3066;737;1814;9;1186;8171;72;8128;11341;5724;499;2;20231031
AT1;AT13;AT130;91700;91704;1796;4106;4094;12;1;734;1092;1810;469;314;1402;637;1632;121;314;195;320;2534;743;314;274;435;1341;1014;728;314;91;537;783;360;555;520;197;749;314;51;203;330;940;659;807;443;359;314;3678;70;33;11;6;297;254;410;569;260;953;324;175;295;563;1831;2275;3240;205;187;164;36;274;1711;1690;351;354;574;617;613;1062;1240;1793;94;574;1166;177;302;3;163;1699;13;2228;2922;881;302;1;20231031
AT1;AT13;AT130;91700;91705;3074;6612;6602;10;0;1244;1826;3168;374;10;1809;1238;3340;215;10;269;458;4696;1179;10;448;957;2307;1698;1192;10;155;990;1247;661;992;881;358;1318;10;126;456;803;1412;1082;1365;696;662;10;6388;155;45;14;0;642;669;1440;1256;688;439;358;270;251;599;3159;3453;4996;270;400;260;98;588;2980;2731;346;555;1061;940;821;1747;2043;3061;224;1061;1388;350;528;4;281;2952;25;3350;5046;1566;0;0;20231031
AT1;AT13;AT130;91700;91706;1165;2536;2527;9;0;476;694;1210;156;64;901;565;923;83;64;141;217;1611;503;64;208;342;586;738;598;64;76;288;426;347;286;406;176;467;64;70;158;167;481;459;593;281;263;64;2371;71;15;15;1;258;185;572;237;414;252;166;20;156;275;1203;1333;1872;147;142;85;13;277;1156;1036;142;202;420;293;331;653;839;1126;89;420;537;104;260;4;85;1112;9;1326;1898;583;55;0;20231031
AT1;AT13;AT130;91800;91801;1041;2298;2285;13;1;442;544;1122;189;40;334;616;1143;165;40;29;82;1513;634;40;40;140;564;734;780;40;14;229;339;293;341;370;170;502;40;4;61;146;439;396;543;308;361;40;2202;49;0;7;7;861;111;444;374;186;158;74;47;0;36;1036;1262;1542;252;124;33;14;333;1173;841;124;160;394;204;109;554;1037;1071;40;394;339;157;297;2;48;1048;11;1189;1648;622;27;1;20231031
AT1;AT13;AT130;91800;91802;7169;13852;13842;10;7;3584;3884;5593;784;328;431;1982;10407;704;328;553;1435;9939;1597;328;1454;2090;4899;3820;1261;328;254;1530;2262;1546;1889;2359;637;3047;328;199;844;1248;3015;2593;2944;1439;1242;328;12709;809;5;1;0;9866;1101;537;781;649;415;60;153;176;114;6419;7433;9059;1268;953;645;214;1713;7635;4554;635;1028;1736;1717;1269;3754;5376;7194;500;1736;2327;878;1217;15;539;7019;54;6225;8812;4731;302;7;20231031
AT1;AT13;AT130;91800;91803;8143;15147;15139;8;2;4315;4226;5716;888;163;446;1950;11705;883;163;1128;2495;10472;889;163;2656;3610;5804;2340;574;163;504;2497;3071;1126;2094;2412;405;2875;163;411;1544;1891;3479;2756;2959;1249;695;163;13911;1024;2;47;0;8630;1407;1153;787;992;748;199;411;265;555;7212;7935;8772;1265;1499;1175;279;2157;8685;4670;554;1238;1817;2643;1859;3871;4957;7972;833;1817;2164;845;1516;11;800;7792;73;6471;9150;5847;148;2;20231031
AT1;AT13;AT130;91800;91804;5105;9602;9582;20;10;2618;2672;3936;366;30;786;1720;6613;453;30;405;1260;6813;1094;30;1147;1789;3399;2243;994;30;175;1206;1687;1011;1381;1541;444;2127;30;166;612;1060;2100;1814;2059;946;815;30;9225;331;4;12;0;4024;1270;1587;757;641;357;308;143;188;327;4524;5078;6674;668;627;392;118;1123;4877;3275;539;911;1285;1263;1096;2566;3392;4699;358;1285;1878;462;920;14;373;4594;43;4578;6381;3201;10;10;20231031
AT1;AT13;AT130;91800;91805;4488;10561;10522;39;3;1780;2478;5148;1152;669;1906;2640;4884;462;669;187;656;6873;2176;669;369;867;3065;3088;2503;669;138;1227;1776;1287;1408;1416;598;2042;669;58;420;805;2258;1872;2115;1099;1265;669;9746;120;6;20;12;1515;916;1205;1526;1549;1142;749;188;551;1208;4709;5852;7358;732;627;228;80;1536;4947;4174;688;752;1759;1199;900;2622;4081;4644;235;1759;2052;728;1143;15;278;4520;42;5706;7679;2249;630;3;20231031
AT1;AT13;AT130;91900;91901;3139;6549;6521;28;1;1435;1778;2936;399;178;1074;1386;3537;374;178;212;625;4344;1190;178;372;1076;1788;1771;1364;178;125;753;1198;638;918;999;352;1388;178;83;338;576;1348;1147;1413;697;769;178;6205;151;8;7;15;1280;263;1251;794;1099;510;271;130;329;607;3050;3499;4442;441;476;228;81;881;3049;2520;409;571;987;863;742;1799;2158;2980;216;987;1332;289;745;24;215;2909;31;3370;4648;1806;94;1;20231031
AT1;AT13;AT130;91900;91902;4967;9758;9744;14;8;2539;2794;3442;975;462;70;607;8173;446;462;587;1282;7077;350;462;1249;2851;4069;1008;119;462;248;1560;2010;764;1307;1450;224;1733;462;214;961;1549;2323;1399;1823;680;347;462;9012;284;0;0;0;1217;2685;2241;915;1343;829;310;0;76;142;4623;5135;5744;357;978;676;306;1697;4590;3251;768;1149;1201;2276;2025;2571;1685;4073;640;1201;2436;318;1090;7;503;4075;44;5129;6000;3302;448;8;20231031
AT1;AT13;AT130;91900;91903;331;876;876;0;0;377;184;78;237;448;6;40;346;36;448;145;136;143;4;448;192;92;109;33;2;448;9;38;169;18;16;120;4;54;448;6;31;12;120;93;115;28;23;448;428;0;0;0;0;0;120;0;1;51;0;159;0;0;545;441;435;237;69;116;66;19;369;606;160;22;88;32;141;74;360;269;464;49;32;65;160;106;0;36;471;5;364;192;454;230;0;20231031
AT1;AT13;AT130;91900;91904;7304;14329;14315;14;9;3661;3932;5621;1106;349;419;2105;10713;743;349;778;1825;9955;1422;349;1592;2408;5387;3194;1399;349;301;2041;2684;1450;1883;2303;561;2757;349;173;1087;1611;3067;2656;2958;1385;1043;349;13457;523;0;0;0;4793;1686;3030;1676;971;906;520;189;292;266;6770;7559;8810;1016;1173;689;253;2388;7545;4733;695;1356;1835;2339;1791;3899;4465;6804;710;1835;2519;887;1574;26;553;6796;57;6897;9202;4783;335;9;20231031
AT1;AT13;AT130;91900;91905;3664;7743;7740;3;1;1727;1956;3240;819;357;640;1525;4937;284;357;383;774;4928;1301;357;656;1410;2204;1683;1433;357;128;976;1505;789;978;1153;371;1486;357;83;544;804;1580;1432;1463;699;781;357;7264;121;0;1;0;989;572;2909;712;694;243;259;220;386;759;3632;4111;4953;524;626;270;103;1267;3726;2781;496;740;1201;1186;909;2063;2384;3288;306;1201;1556;377;1015;11;271;3244;30;4187;5227;2168;347;1;20231031
AT1;AT13;AT130;91900;91906;2423;5558;5527;31;0;991;1270;2742;555;122;1285;1180;2624;347;122;135;262;3484;1555;122;205;350;1417;1563;1901;122;101;631;831;664;844;801;354;1210;122;51;203;377;1050;993;1213;645;904;122;5375;52;3;6;23;719;552;717;1726;499;284;173;35;287;543;2671;2887;3767;389;341;118;41;902;2501;2313;336;408;931;557;497;1534;2039;2382;95;931;1044;298;808;14;175;2247;28;3094;4174;1295;89;0;20231031
AT1;AT13;AT130;91900;91907;1438;3111;3101;10;0;622;788;1425;276;20;752;818;1325;196;20;100;142;2022;827;20;136;231;935;797;992;20;40;379;504;346;490;434;203;695;20;21;112;257;655;503;701;371;471;20;3029;53;3;6;8;606;126;181;833;352;230;284;37;221;233;1440;1671;2111;193;228;54;25;500;1402;1234;210;265;479;384;249;874;1125;1398;74;479;547;179;434;5;96;1343;12;1655;2304;799;8;0;20231031
AT1;AT13;AT130;91900;91908;6597;13086;13078;8;8;3346;3574;4944;1214;633;312;1756;9853;532;633;657;1469;9441;886;633;1400;2190;5687;2517;659;633;192;1656;2595;1330;1558;2205;470;2447;633;192;777;1543;3141;2389;2543;1115;753;633;12191;255;0;7;0;1957;1118;1896;3021;1094;2220;407;784;318;271;6009;7077;8612;653;1067;582;219;1953;6147;4602;923;1414;1662;2160;2101;3775;3388;5641;653;1662;3156;578;1396;17;515;5622;49;6883;8378;4076;624;8;20231031
AT1;AT13;AT130;91900;91909;1981;4739;4730;9;0;844;1038;2158;699;511;404;1043;2543;238;511;98;283;2773;1074;511;162;382;1060;1256;1368;511;19;446;799;522;590;670;285;897;511;10;161;289;871;902;844;526;625;511;4181;47;0;0;0;1475;288;722;768;375;123;103;54;262;569;2219;2520;2704;410;393;155;73;1004;2574;1630;227;308;668;487;325;1300;1959;2201;127;668;632;475;636;3;137;2145;22;2432;3088;1149;502;0;20231031
AT1;AT13;AT130;91900;91910;4305;9442;9408;34;2;1805;2474;4399;762;307;1942;1814;5026;353;307;208;613;6558;1756;307;317;1176;3164;2408;2070;307;132;1159;1639;1061;1399;1328;536;1881;307;66;433;920;2038;1713;1958;991;1016;307;9036;74;13;12;15;555;855;598;2539;1174;1003;728;379;474;1122;4338;5104;6700;491;635;199;101;1316;4021;3849;747;825;1363;1199;1199;2654;3027;4117;237;1363;2199;486;1040;14;317;3963;39;5109;6951;2220;269;2;20231031
AT1;AT13;AT130;92000;92001;3972;8323;8315;8;8;1785;2118;3791;621;16;10;844;7255;198;16;548;1728;5900;131;16;1485;2663;2807;1344;8;16;338;2176;1854;669;955;1294;113;908;16;323;1310;1464;2212;1115;1352;327;204;16;8171;136;0;0;0;667;2542;2695;542;230;0;712;620;315;0;4074;4249;4840;147;684;945;647;1060;3999;2976;421;927;1305;2717;1660;1722;919;3637;734;1305;1500;318;829;6;549;3710;41;4017;6038;2269;8;8;20231031
AT1;AT13;AT130;92000;92002;7911;15674;15663;11;11;3950;4230;6168;1315;283;101;1284;13351;655;283;1553;3552;9874;412;283;3865;3956;5696;1737;137;283;934;3503;3628;836;1771;2489;265;1965;283;813;2225;2393;3630;2688;2360;909;373;283;14297;1094;0;0;0;5409;2365;1486;1346;1191;417;1122;94;1086;1158;8099;7575;7412;664;1671;1752;891;3284;7959;5393;728;1594;2021;4619;2764;3619;2651;7169;1367;2021;2593;586;1938;16;1108;7076;86;7388;9887;5504;272;11;20231031
AT1;AT13;AT130;92000;92003;6834;13599;13594;5;5;3381;3750;5117;1346;199;274;1766;10459;901;199;1025;2437;9438;500;199;2525;3298;5455;1876;246;199;782;2800;2826;911;1582;2012;379;2108;199;606;1931;1932;3076;1957;2425;891;582;199;12347;1031;0;22;0;7325;306;1120;934;1367;1390;198;18;352;589;6853;6746;7104;913;1324;1392;638;2228;7199;4557;680;1163;1751;3414;2098;3097;3239;6441;1013;1751;2280;599;1515;14;894;6290;76;6325;8496;4910;188;5;20231031
AT1;AT13;AT130;92000;92004;3961;9317;9311;6;6;1799;2158;3628;1726;1122;26;1010;6973;186;1122;457;1233;6352;153;1122;959;1735;3967;1469;65;1122;284;1802;1876;685;1029;1204;203;1112;1122;191;937;1527;1998;1483;1207;613;239;1122;8042;153;0;0;0;926;178;1202;2256;2472;490;1452;241;0;100;4637;4680;4768;367;783;936;692;1771;4849;3158;444;866;1205;2377;1649;2587;1499;4004;699;1205;1616;890;903;5;490;4079;39;4704;5899;2296;1116;6;20231031
AT1;AT13;AT130;92000;92005;5376;10541;10515;26;8;2682;2976;3936;939;139;195;889;8742;576;139;943;1754;7384;321;139;2348;2464;4368;1052;170;139;602;2192;2137;682;1318;1517;232;1722;139;536;1498;1578;2357;1721;1598;773;341;139;9414;965;3;20;0;6959;439;709;1563;392;123;297;20;30;9;5436;5105;5092;690;1232;1006;538;1983;5755;3449;460;877;1319;2778;1589;2426;2429;5051;988;1319;1499;471;1213;20;732;5002;64;4723;6410;4010;113;8;20231031
AT1;AT13;AT130;92000;92006;4107;8920;8915;5;5;1899;2064;3945;1007;143;20;631;7673;453;143;525;1221;6819;212;143;1151;2763;4254;576;33;143;348;2383;1963;651;1035;1026;168;1203;143;400;1624;1808;1968;1174;1087;514;202;143;8357;420;0;0;0;1223;507;1841;4417;184;337;228;90;93;0;4418;4502;4659;253;715;848;733;1712;4490;3080;526;824;1515;2942;1632;1785;1046;3427;867;1515;1647;354;1110;3;575;3516;40;4786;6175;2602;138;5;20231031
AT1;AT13;AT130;92000;92007;6649;13831;13820;11;11;3133;3662;5651;1374;286;62;941;12165;377;286;769;2482;10083;211;286;1919;4039;5892;1619;76;286;597;3224;2956;968;1765;1985;234;1816;286;478;2051;2260;3368;2046;2217;802;323;286;13157;388;0;0;0;1782;2391;1197;2537;1603;604;1358;533;749;1077;6712;7119;7493;434;1262;1474;922;2246;6804;4864;777;1386;2051;3917;2762;3072;2029;6023;1061;2051;2651;609;1436;7;877;6016;47;6884;9431;4114;275;11;20231031
AT1;AT13;AT130;92000;92008;2854;6218;6218;0;0;1399;1600;2267;952;531;29;828;4552;278;531;409;931;4186;161;531;965;1125;2865;672;60;531;282;1258;1123;439;565;1061;114;845;531;257;728;889;1302;863;1022;384;242;531;5413;274;0;0;0;2006;161;1;1192;1288;437;34;0;83;1016;3085;3133;2845;343;741;700;344;1245;3279;2148;272;519;751;1474;1128;1752;1113;2804;400;751;1106;466;691;1;411;2691;33;3082;3743;2006;469;0;20231031
AT1;AT13;AT130;92100;92101;706;1598;1573;25;2;246;484;762;104;28;859;340;340;31;28;39;131;1051;349;28;30;126;410;614;390;28;46;174;267;203;217;209;132;322;28;15;72;89;306;301;379;214;194;28;1526;31;4;9;3;302;69;130;91;78;112;253;51;86;423;765;833;1391;34;57;50;8;58;668;705;94;131;217;259;334;470;318;816;53;217;376;52;84;25;121;715;3;734;1274;322;0;2;20231031
AT1;AT13;AT130;92100;92102;4092;8967;8956;11;4;1559;2510;4330;564;116;1095;1326;6323;107;116;253;997;6637;964;116;353;923;3817;3123;635;116;89;1399;1958;1063;1353;1412;350;1227;116;39;340;980;2466;1798;1877;854;497;116;8765;71;6;9;4;520;266;172;246;162;454;3819;137;774;2413;4314;4653;6609;227;672;535;127;797;4174;3611;305;877;1490;1534;2056;2494;1393;4730;425;1490;1379;340;603;15;677;4371;40;3864;6986;1878;99;4;20231031
AT1;AT13;AT130;92100;92103;3751;8434;8425;9;0;1275;2500;4178;481;31;800;333;7208;62;31;72;949;6419;963;31;174;657;3454;3603;515;31;89;1300;1865;1041;1167;1445;381;1115;31;56;225;856;2275;1834;1860;808;489;31;8385;14;4;0;0;3;46;74;96;56;2797;1791;29;57;3485;4082;4352;6434;158;577;388;149;728;3815;3518;284;817;1532;1486;2004;2314;1098;4213;330;1532;1570;282;507;8;613;3859;23;3931;6849;1576;9;0;20231031
AT1;AT13;AT130;92100;92104;1911;4434;4426;8;3;642;1314;1989;486;8;1969;522;1864;71;8;127;152;3160;987;8;158;309;1577;1638;744;8;69;755;745;485;611;594;372;795;8;62;399;528;835;778;990;447;387;8;4357;53;13;3;2;12;284;159;1673;409;252;376;260;291;716;2117;2317;3410;90;270;176;42;446;1792;1989;311;342;712;874;1060;1165;623;1811;173;712;1203;207;328;7;257;1679;14;2477;3592;839;0;3;20231031
AT1;AT13;AT130;92100;92105;7729;19325;19297;28;19;2703;4604;8790;3209;441;1437;646;16526;275;441;398;826;15995;1665;441;570;1421;11091;5104;698;441;197;4773;3977;2082;2095;2290;969;2501;441;104;2264;4094;4609;2803;2746;1352;912;441;18835;45;4;0;0;63;117;189;7050;8526;1635;262;337;350;796;9143;10182;12643;273;1170;1258;959;3022;8570;7335;1496;1924;3358;6294;4725;3722;1226;6937;1548;3358;4706;833;1943;12;1187;7016;100;11010;15266;3629;411;19;20231031
AT1;AT13;AT130;92100;92106;1621;3590;3580;10;1;651;918;1812;208;47;405;711;2384;43;47;135;935;2291;182;47;223;415;1525;1164;216;47;86;938;1002;251;396;550;46;274;47;33;166;473;1105;700;565;356;145;47;3507;31;5;0;4;284;33;55;142;183;5;68;90;65;2661;1751;1839;1898;145;309;177;43;1018;1799;1412;124;255;651;651;545;938;805;1845;189;651;362;135;408;10;217;1753;19;1591;2724;861;4;1;20231031
AT1;AT13;AT130;92100;92107;3903;8604;8597;7;3;1570;2122;4282;627;39;612;1060;6792;101;39;413;2006;5870;276;39;806;1719;4173;1569;298;39;269;2488;2313;590;904;1187;107;707;39;177;829;1608;2458;1327;1442;467;257;39;8488;74;2;1;2;440;169;299;522;527;124;583;65;560;5313;4274;4330;5128;204;912;707;283;1370;4544;3097;223;740;1737;1864;1819;1977;1207;4361;584;1737;925;241;756;4;703;4143;26;3728;6536;2045;20;3;20231031
AT1;AT13;AT130;92100;92108;2519;5590;5583;7;4;1014;1436;2780;356;47;635;290;4555;63;47;198;926;4300;119;47;341;1163;2990;1013;36;47;121;1495;1453;350;830;645;120;529;47;77;493;1026;1809;837;878;289;134;47;5523;10;10;0;0;76;0;27;95;1147;302;592;17;381;2953;2699;2891;3777;95;481;387;184;666;2896;2012;219;463;1153;1222;1275;1369;571;2716;382;1153;795;165;379;2;445;2591;15;2537;4330;1256;0;4;20231031
AT1;AT13;AT130;92100;92109;3290;7192;7163;29;14;1276;2088;3308;506;29;1493;477;5023;170;29;313;519;5324;1007;29;296;983;2156;2894;834;29;151;1184;1454;838;788;1262;282;1204;29;83;465;955;1590;1170;1637;689;574;29;7048;95;12;8;8;129;622;201;1830;593;3134;95;40;72;468;3394;3798;5138;159;589;341;140;825;3092;2834;453;813;1161;1721;1804;1750;756;2858;478;1161;1849;199;647;4;444;2813;27;3904;5550;1628;0;14;20231031
AT1;AT13;AT130;92100;92110;3223;5717;5708;9;7;1937;1292;2226;255;9;373;101;5045;189;9;928;1533;3108;139;9;1934;1042;2155;498;79;9;357;1162;1565;357;436;1059;122;650;9;283;632;1082;1194;1385;666;335;131;9;5577;111;10;10;1;190;616;2808;339;656;75;60;45;153;774;3041;2676;3609;103;520;471;194;820;2925;1681;240;871;804;1789;1681;1061;382;2354;642;804;1108;145;664;1;431;2485;19;2781;3432;2278;0;7;20231031
AT1;AT13;AT130;92100;92111;2393;5296;5285;11;4;1035;1474;2066;717;327;285;841;3723;120;327;122;663;3811;373;327;295;676;2571;1171;256;327;89;875;999;536;633;892;201;744;327;70;486;544;1219;918;1047;432;253;327;4936;22;4;7;3;345;75;308;183;247;697;2172;202;426;638;2540;2756;3415;117;536;315;103;810;2361;1960;368;607;723;1293;1261;1348;671;2587;328;723;1032;183;443;11;382;2442;24;2437;3608;1368;316;4;20231031
AT1;AT13;AT130;92100;92112;3589;9452;9444;8;6;1048;1940;5299;1159;51;1203;370;7681;147;51;130;644;8175;452;51;261;694;5624;2185;637;51;83;2819;2388;1078;845;1041;280;867;51;53;994;2358;2543;1480;1167;528;278;51;9328;25;17;31;1;263;460;51;717;4158;127;408;376;674;2217;4556;4896;6243;120;583;700;593;1213;4682;3646;355;769;2107;2848;1963;1772;762;3985;707;2107;1355;392;906;4;687;3889;35;4837;8040;1364;42;6;20231031
AT1;AT13;AT130;92100;92113;2799;6307;6286;21;0;1010;1708;3254;335;82;1190;1415;3544;76;82;47;696;4619;863;82;134;601;2284;2370;836;82;37;854;1530;719;1070;934;247;834;82;16;184;459;1703;1441;1427;568;427;82;6173;47;1;4;11;306;116;73;201;345;196;447;348;2373;1891;3042;3265;4911;227;404;222;73;470;2987;2503;214;603;1110;919;1236;1803;1239;3399;205;1110;899;274;420;6;440;3120;18;2723;5015;1242;50;0;20231031
AT1;AT13;AT130;92100;92114;2645;5261;5252;9;9;1325;1330;2185;412;10;308;158;4598;187;10;259;602;4176;214;10;550;1657;2616;268;160;10;79;1019;1220;517;695;658;136;927;10;81;751;1041;1362;634;924;331;127;10;4922;327;0;2;0;48;74;1650;1499;1703;118;30;14;32;93;2607;2654;3590;83;407;343;149;689;2611;1644;383;623;868;1598;1471;977;347;1994;516;868;1201;145;537;11;345;2065;24;2816;3636;1616;0;9;20231031
AT1;AT13;AT130;92100;92115;2453;5272;5261;11;6;1003;1488;2435;340;24;327;254;4594;73;24;133;608;4148;359;24;178;898;2809;1190;173;24;96;1056;1186;520;677;681;180;852;24;43;537;727;1531;789;915;465;241;24;5207;41;0;0;0;94;90;179;2105;74;106;154;358;1196;916;2520;2752;3614;120;459;299;146;634;2463;1965;282;562;920;1131;1197;1364;660;2478;312;920;1006;175;381;4;348;2378;18;2524;3979;1274;13;6;20231031
AT1;AT13;AT130;92100;92116;1576;3279;3262;17;1;569;1236;1357;116;17;1916;304;943;99;17;47;79;2339;797;17;64;107;1039;1265;787;17;17;269;387;401;381;637;362;808;17;15;106;193;534;530;932;413;539;17;3162;74;8;18;13;81;413;234;278;538;855;268;134;180;285;1551;1728;2778;97;175;36;17;176;1063;1622;282;312;275;413;822;1177;592;1424;78;275;1178;133;191;6;179;1303;8;1783;2564;714;0;1;20231031
AT1;AT13;AT130;92100;92117;3605;6962;6945;17;9;1838;1896;2746;473;17;363;166;6206;210;17;498;1118;5227;102;17;1229;2572;2795;309;40;17;216;1499;1744;423;872;1001;86;1104;17;202;1153;1281;1768;863;1184;381;113;17;6773;152;7;13;0;159;1931;2288;1797;96;103;156;35;60;337;3428;3534;4393;92;578;543;321;1035;3478;2190;355;939;1104;2336;1811;1300;411;2813;739;1104;1383;173;750;6;482;2955;29;3490;4650;2303;0;9;20231031
AT1;AT13;AT130;92100;92118;3827;7821;7808;13;6;1842;2034;3271;668;133;217;1140;5988;343;133;510;1204;5675;299;133;1252;1686;3444;1084;222;133;310;1610;1674;656;822;1207;248;1161;133;284;1019;1238;1698;1302;1265;583;299;133;7426;255;0;7;0;2015;545;1208;1493;431;789;176;98;459;607;4015;3806;4539;207;807;662;293;1313;3725;2853;351;892;1196;2093;1704;1823;1005;3456;611;1196;1507;248;803;6;594;3324;28;3869;5303;2392;120;6;20231031
AT1;AT13;AT130;92100;92119;2676;5930;5924;6;3;1139;1586;2622;580;141;608;273;4832;76;141;175;1163;4319;132;141;402;1052;3040;1198;97;141;175;1577;1432;374;652;835;112;632;141;78;504;1029;1751;858;980;377;212;141;5766;12;7;4;3;292;198;45;367;115;1487;20;47;503;2853;2942;2988;3577;140;535;586;139;953;2941;2235;221;533;1063;1437;1353;1401;676;2940;377;1063;835;183;532;4;486;2755;24;2661;4478;1440;9;3;20231031
AT1;AT13;AT130;92100;92120;1135;2469;2468;1;1;481;574;1273;140;4;18;242;2158;47;4;94;568;1773;30;4;214;362;1344;514;31;4;92;674;659;210;256;331;10;233;4;75;171;352;823;433;320;225;66;4;2438;27;0;0;0;635;6;13;177;0;0;438;0;481;719;1239;1230;1411;48;326;294;85;305;1194;939;78;258;466;587;592;578;246;1312;137;466;284;66;204;2;241;1179;15;1032;1804;661;3;1;20231031
AT1;AT13;AT130;92100;92121;3625;7002;6996;6;4;1932;1726;2708;632;31;71;582;6033;285;31;464;1491;4884;132;31;1505;1706;3050;655;55;31;284;1666;1612;420;778;1056;110;1045;31;301;1004;1206;1506;1253;1069;462;170;31;6698;251;0;22;0;1478;1981;1024;1103;325;85;52;0;74;880;3693;3309;3759;162;843;743;227;1268;3455;2307;362;878;1054;2190;1628;1460;670;3043;657;1054;1257;209;782;6;565;2999;33;3399;4430;2543;25;4;20231031
AT1;AT13;AT130;92100;92122;5115;10174;10165;9;5;2407;2998;3944;820;79;333;1273;8072;417;79;429;1834;7521;311;79;962;2174;4565;2147;247;79;268;1952;2279;885;1115;1742;287;1567;79;207;897;1429;2535;1749;2026;734;518;79;9918;160;13;4;0;1304;203;1428;1655;1698;1806;79;261;295;1445;4972;5202;5707;346;1079;820;254;1968;4851;3753;541;1029;1434;2400;2097;2618;1625;4729;656;1434;1996;383;976;9;701;4534;42;4888;6921;3178;70;5;20231031
AT1;AT13;AT130;92100;92123;5515;11099;11093;6;5;2699;3120;4337;938;301;191;2224;7829;554;301;580;1558;8279;381;301;1238;2464;5419;1470;207;301;339;2258;2226;759;1299;1730;284;1903;301;289;1128;1826;2420;1793;1904;947;491;301;10459;301;0;38;0;1796;211;1511;2481;2186;663;552;298;693;708;5484;5615;6139;364;1349;1004;281;1962;5286;4042;624;1147;1689;2789;2229;2753;1639;4757;780;1689;2278;418;1177;16;738;4586;48;5711;7301;3548;245;5;20231031
AT1;AT13;AT130;92100;92124;2908;6543;6535;8;4;1104;1762;3201;472;152;569;1526;4239;57;152;126;919;5095;251;152;251;892;3445;1567;236;152;101;1493;1653;461;933;847;137;766;152;55;379;920;2046;1120;1074;495;302;152;6359;30;2;0;3;135;116;70;58;759;1215;241;155;487;3304;3059;3484;4312;191;627;429;169;815;3029;2539;384;591;1211;1221;1336;1629;1146;3118;303;1211;1192;228;491;3;441;2920;27;3152;4998;1405;136;4;20231031
AT1;AT13;AT130;92100;92125;3291;7260;7251;9;2;1297;2012;3571;378;134;544;1286;5225;71;134;225;1144;5368;389;134;333;937;3481;2051;324;134;108;1298;1986;742;933;1179;196;684;134;29;292;796;2434;1291;1473;523;288;134;7066;43;11;6;3;75;295;118;26;25;76;2228;354;805;3255;3487;3773;4775;242;715;487;137;904;3603;2755;218;684;1288;1202;1493;1935;1342;3985;312;1288;892;282;501;8;532;3712;21;2987;5533;1678;47;2;20231031
AT1;AT13;AT130;92100;92126;4223;8586;8578;8;6;1986;2388;3563;643;320;90;1372;6646;158;320;271;1148;6462;385;320;791;1878;3774;1660;163;320;158;1312;1846;792;1109;1369;266;1414;320;191;543;1001;2341;1490;1753;625;322;320;8158;108;0;0;0;344;1814;228;735;503;929;1188;1037;180;1628;4012;4574;5750;309;760;468;220;1079;4204;2970;390;1022;1246;1732;1687;2200;1721;4123;486;1246;1643;390;698;11;545;3981;31;4018;5832;2436;312;6;20231031
AT1;AT13;AT130;92100;92127;748;1863;1853;10;0;235;428;1049;151;20;1308;319;155;61;20;11;50;1228;554;20;20;53;305;676;789;20;16;176;304;308;298;245;117;379;20;7;34;135;344;420;425;224;254;20;1781;45;6;11;7;16;185;149;175;155;144;144;117;164;607;925;938;1291;95;115;25;15;322;750;868;122;123;312;245;329;503;474;797;32;312;387;89;246;2;108;713;3;1037;1500;353;10;0;20231031
AT1;AT13;AT130;92100;92128;135;304;302;2;0;104;86;86;28;46;27;4;226;1;46;27;76;150;5;46;107;56;80;15;0;46;36;59;39;0;41;35;5;43;46;41;46;22;34;48;42;23;2;46;232;26;0;0;0;116;96;0;0;0;20;0;0;13;59;177;127;141;11;18;39;17;78;118;119;24;43;24;112;83;69;16;124;41;24;82;4;29;0;24;119;4;157;159;145;0;0;20231031
AT1;AT13;AT130;92100;92129;544;1309;1309;0;0;169;344;699;97;0;230;108;967;4;0;60;267;972;10;0;90;188;821;210;0;0;31;516;342;40;196;135;0;49;0;11;136;267;477;163;195;41;19;0;1292;0;9;8;0;0;2;10;12;9;0;0;65;72;1139;641;668;856;37;88;104;54;170;686;502;25;96;305;240;298;286;180;683;74;305;127;40;80;0;101;644;4;560;1073;236;0;0;20231031
AT1;AT13;AT130;92100;92130;8;19;18;1;0;5;0;14;0;1;15;0;1;2;1;0;0;17;1;1;0;0;17;1;0;1;0;0;8;6;0;0;0;4;1;0;0;8;6;0;0;3;1;1;18;0;0;0;0;16;0;0;0;0;3;0;0;0;0;12;7;7;0;0;0;0;12;8;7;1;3;5;10;2;1;1;7;1;5;2;1;3;0;1;7;0;11;14;5;0;0;20231031
AT1;AT13;AT130;92200;92201;957;2277;2269;8;0;288;666;1151;172;8;1062;545;627;35;8;54;96;1667;452;8;40;199;370;1206;454;8;55;283;381;305;325;328;211;381;8;40;105;129;516;400;618;264;197;8;2180;73;3;13;2;86;192;76;152;97;242;482;210;402;336;1134;1143;1693;65;171;74;39;235;930;1100;92;155;321;332;470;782;372;1120;75;321;484;94;183;14;147;1025;7;1084;1867;410;0;0;20231031
AT1;AT13;AT130;92200;92202;2853;7269;7251;18;2;739;1748;4227;553;98;2200;1164;3756;51;98;99;589;5416;1067;98;218;478;2828;2719;928;98;72;1247;1913;938;1184;927;242;648;98;21;271;574;2520;1546;1486;471;282;98;7089;76;5;1;4;142;67;107;64;109;308;463;640;2346;3019;3506;3763;5422;177;459;329;107;775;3494;3125;182;468;1408;1141;1485;2124;1111;4060;226;1408;711;368;496;26;556;3672;25;2990;6199;990;78;2;20231031
AT1;AT13;AT130;92200;92203;697;1674;1662;12;0;210;506;839;119;28;1177;347;79;43;28;22;55;1131;438;28;28;101;347;658;512;28;13;186;272;209;242;230;161;333;28;13;48;149;328;316;375;181;236;28;1586;53;5;2;6;10;50;109;141;190;221;343;111;82;411;845;829;1294;40;91;72;13;164;594;857;115;108;230;280;422;507;235;771;46;230;470;65;92;17;101;692;6;858;1398;265;11;0;20231031
AT1;AT13;AT130;92200;92204;1942;4430;4415;15;1;664;1292;2187;286;26;2286;837;1227;54;26;67;209;3252;876;26;104;199;1393;1929;779;26;47;563;686;587;683;678;344;816;26;34;135;325;1071;834;1063;525;417;26;4303;87;9;5;8;8;163;144;226;289;493;1465;438;284;912;2206;2224;3496;98;277;136;46;377;1796;2059;232;343;713;633;1159;1289;636;2194;137;713;938;168;280;27;349;1935;10;2109;3588;830;11;1;20231031
AT1;AT13;AT130;92200;92205;7478;17105;17099;6;2;2906;4566;8554;1077;746;2122;1852;12290;95;746;423;3231;11980;725;746;847;2386;8623;3837;666;746;213;3846;4532;1269;2312;2336;478;1373;746;70;891;2518;5211;3060;2935;1154;520;746;16312;45;2;0;2;14;228;53;136;197;505;2627;341;237;12765;8302;8803;10728;620;1794;883;297;2783;8913;6340;417;1435;3284;2581;3111;4736;3393;9124;744;3284;1738;913;1302;28;1172;8532;58;7315;13067;3748;288;2;20231031
AT1;AT13;AT130;92200;92206;5200;12655;12646;9;8;1692;3244;6287;1424;25;1466;542;10441;181;25;201;773;10626;1030;25;385;851;6883;3991;520;25;200;2873;2436;1590;1445;1705;827;1554;25;128;1074;2219;3307;1953;2382;833;734;25;12510;116;2;2;1;25;475;875;183;5134;2730;425;834;315;1658;6077;6578;8963;211;777;704;392;1608;5907;4983;594;1171;2340;3367;3150;2743;1055;5421;848;2340;2427;532;1087;13;892;5211;56;6483;10432;2199;16;8;20231031
AT1;AT13;AT130;92200;92207;2166;4900;4892;8;1;699;1546;2312;342;21;1309;1597;1878;95;21;34;150;3498;1197;21;22;300;1542;2151;864;21;31;460;755;739;754;723;387;1030;21;0;187;310;1027;1046;1096;756;457;21;4760;110;0;9;0;17;243;151;362;545;320;1836;165;566;695;2353;2547;3684;127;348;160;30;551;1935;2291;227;447;710;692;1127;1550;821;2440;113;710;1052;179;406;2;331;2197;14;2356;3950;939;10;1;20231031
AT1;AT13;AT130;92200;92208;10370;24259;24214;45;7;3901;6240;11901;2210;409;1117;2235;20211;287;409;480;3698;18556;1116;409;1036;3370;13071;5734;639;409;461;5867;5997;2305;2749;3734;584;2153;409;195;1770;4169;7530;3382;4672;1167;965;409;23787;47;4;12;0;170;162;249;849;7962;3468;493;349;1093;9464;11722;12537;14328;545;2221;1905;800;4460;11955;9308;849;2147;4440;5831;5066;5754;3168;11683;1502;4440;3475;926;2233;15;1655;11251;98;11240;19011;5110;131;7;20231031
AT1;AT13;AT130;92200;92209;6727;15233;15225;8;7;2703;3794;7149;1580;258;914;1294;12527;240;258;421;1395;12307;852;258;688;2010;9109;2537;631;258;282;3493;3037;1716;1678;2234;460;2075;258;138;1636;2570;3957;2362;2476;1279;557;258;14898;67;0;10;0;208;102;320;3670;4493;1969;1928;166;391;1986;7206;8027;9652;341;1197;832;549;2662;7204;5850;725;1454;2631;3737;3296;3671;1898;6481;986;2631;2943;692;1500;14;952;6300;72;7895;11598;3378;250;7;20231031
AT1;AT13;AT130;92200;92210;4797;10343;10340;3;1;2092;2692;4715;843;441;432;1168;7669;633;441;163;1642;6937;1160;441;668;1326;4904;2564;440;441;68;1630;2226;1049;1335;1844;256;1494;441;57;492;1092;3054;1947;1991;875;394;441;9878;21;0;3;0;8;161;483;524;760;208;1219;2225;1610;3145;4946;5397;6257;434;964;594;186;1908;5281;3797;392;873;1581;1657;1751;2877;2477;5319;457;1581;1431;568;987;6;622;5045;61;4609;7306;2640;396;1;20231031
AT1;AT13;AT130;92200;92211;6488;12059;12052;7;3;3274;3734;4531;517;66;339;1446;9815;393;66;663;1819;8908;603;66;1695;3056;5229;1727;286;66;358;1600;2522;1133;1453;2191;364;2372;66;315;926;1572;2963;2077;2634;996;510;66;11803;185;0;5;1;1170;2374;1278;1349;1504;844;1653;443;164;1279;5767;6292;7509;417;1184;707;191;2051;5524;4497;731;1307;1498;2439;2458;3170;2494;5332;681;1498;2729;446;1373;13;623;5265;45;6113;7995;4002;59;3;20231031
AT1;AT13;AT130;92200;92212;1820;4012;4000;12;1;704;1130;1849;328;12;906;261;2753;80;12;89;425;3065;421;12;231;346;1457;1529;437;12;48;652;866;516;437;727;176;578;12;24;171;501;1064;681;948;277;334;12;3954;41;3;2;4;457;129;84;109;1519;95;257;73;206;1079;1922;2090;2408;142;313;204;168;777;1737;1697;210;368;523;806;788;1104;791;1802;202;523;801;190;494;0;229;1738;19;2026;3106;905;0;1;20231031
AT1;AT13;AT130;92200;92213;3728;7441;7438;3;3;1748;2060;3184;446;3;22;1142;6107;167;3;216;1108;5926;188;3;653;1401;4218;1105;61;3;104;1422;1740;703;979;1193;144;1153;3;91;669;1156;1991;1391;1214;641;285;3;7387;40;0;11;0;285;665;172;2858;1046;412;224;355;393;1031;3525;3916;4506;184;665;530;173;1383;3525;2696;409;811;1057;1784;1707;1816;1077;3256;499;1057;1518;290;821;4;417;3254;30;3736;5260;2178;0;3;20231031
AT1;AT13;AT130;92200;92214;2346;4917;4914;3;2;880;1634;2273;128;15;102;163;4583;54;15;56;293;4166;387;15;99;759;2895;1035;114;15;43;529;877;666;648;860;389;890;15;20;334;715;1298;939;892;488;216;15;4772;109;21;0;0;11;2383;680;674;49;313;46;92;661;8;2341;2576;4113;104;253;139;53;255;2116;1939;331;531;704;829;1428;1387;569;2315;219;704;1200;164;315;9;324;2184;11;2389;3741;1164;10;2;20231031
AT1;AT13;AT130;92200;92215;4154;8895;8886;9;6;1812;2202;4274;601;9;432;286;7947;221;9;316;536;7616;418;9;522;1193;6113;730;328;9;112;1890;2040;986;877;1309;167;1505;9;89;787;1689;2364;1399;1275;1019;264;9;8758;126;2;0;0;191;490;387;6039;626;398;271;46;175;272;4168;4727;5816;173;653;610;370;1273;4034;3294;639;928;1511;2507;2075;2032;770;3586;660;1511;1984;306;848;7;559;3558;43;4728;6639;2250;0;6;20231031
AT1;AT13;AT130;92200;92216;1101;2496;2487;9;3;435;614;1255;189;104;94;40;2222;36;104;19;381;1932;60;104;85;453;1342;446;66;104;25;505;624;269;286;388;22;273;104;6;161;425;769;384;408;172;67;104;2369;21;0;2;0;17;24;53;507;275;71;201;19;131;1198;1252;1244;1707;45;194;163;80;307;1221;928;115;232;454;620;695;509;218;1175;135;454;420;76;236;2;191;1107;6;1190;1843;555;95;3;20231031
AT1;AT13;AT130;92200;92217;1152;2724;2710;14;0;439;788;1123;374;319;1646;264;468;27;319;125;356;1680;244;319;330;136;774;816;349;319;76;369;538;245;311;360;137;369;319;14;147;232;512;484;568;230;218;319;2301;80;9;15;11;28;230;229;113;61;77;81;143;327;1424;1315;1409;1827;128;189;75;46;459;1329;1080;138;177;322;261;451;1007;683;1174;51;322;535;366;276;0;120;1092;9;1503;1845;574;305;0;20231031
AT1;AT13;AT130;92200;92218;3729;7559;7554;5;4;1646;2170;3476;263;7;135;675;6665;77;7;184;1093;6106;169;7;427;1292;3965;1729;139;7;113;1249;1888;807;1000;1198;238;1059;7;56;452;998;2166;1214;1727;606;333;7;7487;61;0;4;0;16;10;111;2107;35;1200;662;162;927;2329;3593;3966;5605;168;536;379;152;719;3786;2694;285;794;1265;1376;1718;1898;1302;3882;387;1265;1274;261;490;5;556;3659;20;3319;5564;1991;0;4;20231031
AT1;AT13;AT130;92200;92219;3492;7060;7047;13;3;1628;1928;3038;463;35;155;920;5677;273;35;366;1325;5095;239;35;982;1612;3285;975;171;35;206;1591;1609;547;859;1054;200;959;35;160;839;1083;1887;1155;1179;475;247;35;6848;174;0;3;6;1441;378;504;1877;315;316;220;2;634;1367;3528;3532;4165;211;781;586;196;1121;3591;2424;298;747;1115;1849;1534;1577;985;3457;512;1115;1065;234;677;7;548;3280;35;3190;4862;2173;22;3;20231031
AT1;AT13;AT130;92200;92220;1655;3886;3877;9;2;619;966;1828;471;36;155;329;3290;76;36;108;428;2815;499;36;183;354;2054;1077;182;36;85;752;1001;411;446;531;141;483;36;58;247;788;1021;680;538;366;152;36;3840;6;3;1;1;146;60;45;1896;35;411;30;54;231;977;1900;1986;2528;113;280;184;148;633;1931;1429;169;357;677;995;901;877;436;1708;263;677;618;197;423;3;245;1688;14;1936;3079;778;27;2;20231031
AT1;AT13;AT130;92200;92221;1618;3566;3555;11;1;655;944;1787;179;57;805;488;2192;24;57;115;705;2303;386;57;244;401;1341;1102;421;57;80;596;1027;329;459;550;102;366;57;17;165;327;1057;697;717;303;226;57;3472;31;6;0;5;2;145;139;174;102;97;101;24;1309;1468;1727;1839;2397;161;297;154;37;520;1903;1284;112;267;667;487;604;943;865;1964;114;667;422;136;263;6;247;1806;9;1498;2706;853;6;1;20231031
AT1;AT13;AT130;92200;92222;2865;6426;6419;7;0;1101;1974;2607;744;478;91;149;5639;69;478;162;652;4773;361;478;150;681;3200;1807;110;478;83;898;1052;753;789;1183;388;802;478;17;277;714;1552;1275;1330;505;278;478;5889;55;4;0;0;124;959;1223;242;218;94;2442;12;6;1106;2907;3519;4713;123;708;264;88;530;2747;2467;446;766;744;1197;1653;1952;880;3184;266;744;1519;245;468;4;417;3004;21;2980;4579;1376;471;0;20231031
AT1;AT13;AT130;92200;92223;3303;7131;7122;9;1;1303;1916;3552;359;19;707;2001;4316;88;19;124;1092;5234;662;19;311;913;2890;2412;586;19;99;1080;1744;881;964;1108;328;908;19;58;269;775;2052;1384;1528;649;397;19;7046;54;8;4;1;370;129;353;171;74;574;1863;128;293;3175;3447;3684;4982;228;582;341;88;910;3560;2752;220;599;1260;1071;1343;2022;1435;3718;280;1260;1000;260;613;7;507;3424;25;3168;5479;1641;10;1;20231031
AT1;AT13;AT130;92200;92224;2575;5767;5766;1;1;894;1842;2598;432;123;488;1115;4003;38;123;39;325;4626;654;123;66;336;2338;2448;456;123;52;706;972;769;825;970;441;909;123;15;146;479;1467;1146;1419;545;427;123;5566;57;15;6;0;12;291;86;98;375;704;2750;43;572;836;2779;2988;4531;131;431;187;50;437;2517;2414;253;583;823;872;1300;1779;993;2881;191;823;1215;234;423;9;386;2650;17;2705;4529;1115;122;1;20231031
AT1;AT13;AT130;92200;92225;979;2282;2281;1;0;305;648;1251;78;6;1153;430;663;30;6;22;80;1676;498;6;41;131;459;1016;629;6;11;184;474;383;293;331;175;425;6;6;45;104;514;476;624;292;215;6;2226;44;1;5;0;3;130;105;104;224;167;307;138;377;727;1090;1192;1937;68;95;41;6;135;937;1043;139;163;389;266;379;671;577;1085;42;389;501;107;158;0;128;993;6;1155;1888;389;5;0;20231031
AT1;AT13;AT130;92200;92226;1984;4631;4597;34;3;615;1370;2407;236;36;2540;1391;598;66;36;59;191;3314;1031;36;100;165;814;2321;1195;36;55;431;794;619;740;666;433;857;36;38;100;217;860;1013;1224;638;505;36;4423;141;12;19;5;10;203;344;281;275;360;870;255;440;1588;2258;2373;3680;187;265;93;8;398;1910;2131;258;332;746;593;920;1271;1101;2209;103;746;1024;200;349;4;295;1990;18;2324;3790;838;0;3;20231031
AT1;AT13;AT130;92200;92227;4164;9970;9952;18;2;1247;2660;5503;558;47;2820;2133;4887;83;47;160;831;7552;1380;47;258;649;2999;4603;1414;47;149;1325;2193;1562;1480;1371;677;1166;47;70;304;840;2798;2216;2163;940;592;47;9849;70;4;0;6;43;180;219;304;453;864;2134;506;1086;4175;4833;5137;7491;304;679;321;129;1046;4612;4229;328;801;1911;1421;2103;2823;1712;5043;353;1911;1493;457;713;9;741;4574;34;4612;8347;1616;5;2;20231031
AT1;AT13;AT130;92200;92228;2277;5305;5287;18;0;797;1324;2831;353;79;930;1240;2992;64;79;96;543;3997;590;79;152;527;1785;2103;659;79;86;663;1214;778;867;726;250;642;79;31;177;483;1541;1165;1095;420;314;79;5188;30;5;3;6;43;222;220;157;226;298;912;438;863;1920;2602;2703;3955;155;342;207;79;567;2647;2013;162;483;1005;806;1158;1518;818;2805;180;1005;698;226;391;15;405;2534;19;2332;4281;963;61;0;20231031
AT1;AT13;AT130;92200;92229;1623;3904;3885;19;0;487;1130;1932;355;19;1961;1139;717;68;19;24;115;2695;1051;19;37;122;817;1871;1038;19;51;379;618;628;524;550;411;724;19;33;129;238;858;726;956;558;387;19;3783;90;4;8;12;44;271;162;322;441;535;899;200;236;782;1891;2013;2832;106;230;154;63;519;1504;1838;229;333;608;664;886;1166;580;1790;111;608;898;158;339;14;250;1625;7;2008;3266;638;0;0;20231031
AT1;AT13;AT130;92200;92230;7;17;17;0;0;2;4;11;0;0;10;0;6;1;0;0;1;9;7;0;1;0;3;4;9;0;0;0;0;8;3;1;2;3;0;0;0;0;3;8;1;4;1;0;17;0;0;0;0;2;0;1;0;0;0;0;14;0;0;12;5;10;0;1;3;0;3;8;9;0;0;0;7;5;4;1;13;0;0;1;1;2;0;1;12;0;4;9;8;0;0;20231031
AT1;AT13;AT130;92200;92231;1561;3889;3889;0;0;634;866;1854;535;463;131;348;2943;4;463;85;841;2500;0;463;410;477;1592;876;71;463;64;890;1104;237;454;494;14;169;463;28;186;430;1253;650;673;145;61;463;3426;0;0;0;0;0;15;2;21;11;16;0;5;9;3810;1883;2006;2273;134;392;222;97;771;2273;1253;111;252;750;601;625;1146;767;2083;198;750;310;298;250;5;262;1979;12;1631;2673;783;433;0;20231031
AT1;AT13;AT130;92200;92232;2730;5000;4997;3;1;1434;1428;1945;192;3;49;1525;3379;44;3;229;1053;3577;138;3;317;786;2675;1098;121;3;50;654;1238;536;599;1093;122;705;3;18;140;440;1420;892;1323;446;318;3;4993;4;0;0;0;193;123;2;322;3;11;3259;7;20;1060;2410;2590;2378;247;562;330;58;1425;2542;1916;128;414;539;632;677;1628;1524;2469;149;539;629;391;823;1;248;2347;14;2390;3216;1783;0;1;20231031
AT1;AT13;AT130;92300;92301;1447;3153;3140;13;2;602;752;1598;199;20;212;886;1932;103;20;129;342;2469;193;20;177;443;1303;1047;163;20;101;664;671;338;367;477;83;432;20;57;161;382;952;551;573;294;163;20;3076;49;0;8;0;400;40;297;523;72;361;169;107;419;765;1605;1548;2072;76;302;259;77;367;1517;1231;110;295;547;673;646;880;407;1592;193;547;473;114;234;10;286;1455;13;1389;2344;800;7;2;20231031
AT1;AT13;AT130;92300;92302;2723;6121;6072;49;5;1128;1532;2798;658;198;775;1412;3567;169;198;188;905;4322;508;198;401;808;2694;1538;482;198;128;1236;1435;549;721;893;202;759;198;67;451;757;1741;1022;1092;475;318;198;5719;178;3;23;10;739;270;658;411;657;614;378;353;355;1676;3193;2928;3824;140;698;679;136;644;2846;2494;230;551;985;1357;1274;1585;920;3141;305;985;972;228;490;2;614;2773;25;2707;4494;1477;145;5;20231031
AT1;AT13;AT130;92300;92303;1756;3811;3798;13;0;703;1172;1595;341;73;2096;205;1307;130;73;120;255;2460;903;73;188;505;1019;1146;880;73;92;404;597;408;633;516;291;797;73;78;200;331;762;632;928;412;395;73;3636;67;34;1;6;17;338;884;970;347;334;244;151;145;375;1893;1918;2900;98;211;223;61;318;1519;1671;289;332;502;683;858;1131;637;1647;144;502;1071;142;305;6;252;1501;24;2028;2815;936;60;0;20231031
AT1;AT13;AT130;92300;92304;6338;14455;14445;10;6;2476;3298;7725;950;221;484;2362;11280;108;221;307;1999;11186;742;221;493;2822;8055;2653;211;221;173;3540;3693;1292;1887;1893;222;1534;221;99;1148;2676;4680;2330;2200;806;295;221;14187;43;0;4;2;438;60;139;2882;133;108;1781;1719;82;7111;6881;7574;9493;237;1267;1424;568;1466;7341;5368;535;1211;2972;3032;2786;3452;2213;7559;736;2972;1727;525;936;9;1148;7024;47;6227;11201;3040;208;6;20231031
AT1;AT13;AT130;92300;92305;4367;9783;9747;36;5;1676;2638;4661;803;56;873;1404;7273;177;56;130;820;7941;836;56;253;1081;5162;2654;577;56;117;1878;1873;1250;1134;1549;386;1540;56;61;753;1425;2480;1756;1773;941;538;56;9542;138;0;47;0;303;185;378;1486;3591;953;714;595;459;1119;4765;5018;6657;224;804;718;366;1014;4343;4009;499;932;1518;2245;2110;2692;1218;4535;547;1518;2055;390;738;6;700;4278;39;4760;7582;2177;19;5;20231031
AT1;AT13;AT130;92300;92306;808;1671;1656;15;0;340;512;729;90;15;266;291;1060;39;15;35;262;1223;136;15;113;260;767;396;120;15;25;263;436;138;269;236;32;257;15;21;67;195;510;351;282;146;84;15;1625;30;1;0;0;86;62;140;187;52;32;212;27;40;833;794;877;1215;45;138;133;20;120;801;641;71;158;271;250;335;475;340;926;68;271;253;48;105;0;110;876;3;682;1254;417;0;0;20231031
AT1;AT13;AT130;92300;92307;5384;11991;11952;39;6;2211;2930;5920;924;225;793;2278;8474;221;225;346;1498;9059;863;225;916;1857;5318;3152;523;225;170;2356;2860;1273;1498;1820;335;1454;225;145;979;1817;3268;2217;2098;801;441;225;11495;242;0;29;5;2011;339;1040;1448;846;1065;742;519;334;3642;5847;6144;7898;332;1122;1040;347;1252;5747;4538;520;1186;2142;2671;2448;3006;1724;5801;699;2142;1965;493;891;6;910;5469;47;5559;8984;2815;186;6;20231031
AT1;AT13;AT130;92300;92308;4992;11677;11664;13;2;1806;2840;6101;928;406;835;1523;8835;78;406;115;2034;8649;473;406;164;2242;6181;2245;439;406;87;2689;3470;849;1600;1442;189;945;406;49;657;2055;3857;1927;1750;667;309;406;11211;56;3;1;1;137;304;136;1463;228;497;298;649;353;7611;5545;6132;7753;325;1140;1021;406;1032;5918;4362;504;893;2391;2197;2249;2973;1867;6162;612;2391;1466;341;705;8;987;5694;36;4952;8984;2298;393;2;20231031
AT1;AT13;AT130;92300;92309;3350;7625;7609;16;3;1362;2110;3192;958;550;1999;1373;3542;161;550;185;532;5186;1172;550;323;985;2945;1739;1083;550;102;947;1403;716;1078;1060;422;1347;550;107;431;799;1686;1148;1600;746;558;550;6935;120;18;2;3;122;290;810;2495;1482;922;214;94;289;904;3582;4043;5449;277;679;408;134;678;3170;3134;571;750;1058;1504;1480;2072;1511;3292;370;1058;2054;284;567;8;425;3168;26;3998;5460;1628;534;3;20231031
AT1;AT13;AT130;92300;92310;2526;5400;5399;1;1;1086;1516;2378;419;64;342;634;4235;125;64;86;336;4431;483;64;161;817;3041;944;373;64;26;960;968;590;709;853;230;1000;64;29;462;865;1278;874;1001;538;289;64;5305;31;0;0;0;229;105;126;2001;1987;685;70;17;8;172;2571;2829;3853;126;411;300;110;600;2341;2153;373;533;923;1280;1216;1220;761;2106;328;923;1405;179;459;5;316;2055;13;3011;4090;1305;4;1;20231031
AT1;AT13;AT130;92300;92311;4257;8755;8748;7;6;1929;2516;3654;650;331;227;1872;6060;265;331;409;1048;6500;467;331;656;1324;3916;2140;388;331;82;1398;1860;903;1143;1441;273;1324;331;40;575;870;2414;1546;1736;745;498;331;8302;89;1;32;0;591;223;750;1052;1498;1016;628;102;1464;1431;4166;4589;6026;323;782;533;181;910;4102;3146;562;945;1293;1610;1762;2354;1736;4151;414;1293;1888;355;654;4;541;3938;30;4242;6074;2353;322;6;20231031
AT1;AT13;AT130;92300;92312;2688;5887;5873;14;2;1101;1672;2517;595;121;864;1063;3652;187;121;139;432;4429;766;121;408;648;2397;1649;664;121;40;994;1095;599;721;888;356;1073;121;40;527;713;1366;1018;1079;574;449;121;5652;92;10;12;0;455;205;1448;588;662;1492;349;55;83;550;2842;3045;4206;193;399;313;117;659;2671;2245;360;611;921;1260;1034;1542;1130;2514;308;921;1352;219;573;7;340;2416;16;3108;4392;1393;100;2;20231031
AT1;AT13;AT130;92300;92313;2032;4157;4145;12;0;879;1284;1714;280;29;1612;559;1776;181;29;73;188;2670;1197;29;99;484;1326;1005;1214;29;29;360;531;455;569;739;292;1153;29;27;187;254;779;803;900;629;549;29;4065;49;4;10;4;261;280;600;1589;502;399;153;119;68;182;1967;2190;3418;164;209;100;18;248;1682;1824;310;341;531;531;652;1274;1169;1780;116;531;1223;190;317;4;199;1670;17;2267;3119;1021;17;0;20231031
AT1;AT13;AT130;92300;92314;2380;5053;5025;28;1;1010;1406;2307;329;95;1212;1169;2365;212;95;134;357;3516;951;95;253;585;1599;1505;1016;95;62;550;829;584;817;713;341;1062;95;65;255;445;1020;905;1103;589;576;95;4879;72;7;0;1;604;251;860;869;528;573;531;114;326;396;2391;2662;3931;236;319;151;47;369;2180;2053;333;487;770;708;630;1455;1490;2307;184;770;1185;223;384;18;224;2206;24;2581;3769;1216;67;1;20231031
AT1;AT13;AT130;92300;92315;1114;2315;2312;3;1;470;688;1076;80;8;1052;441;706;108;8;76;133;1286;812;8;104;171;534;572;926;8;22;155;329;242;406;363;180;610;8;4;36;113;355;472;581;338;408;8;2278;29;0;0;1;153;127;230;676;341;198;130;72;168;219;1104;1211;1867;117;134;52;15;130;927;973;168;247;312;247;272;698;786;1008;56;312;630;136;173;5;101;952;4;1253;1753;556;5;1;20231031
AT1;AT13;AT130;92300;92316;1608;3635;3623;12;1;632;920;1803;279;96;658;673;2106;102;96;38;316;2712;473;96;57;373;1170;1458;481;96;45;556;760;384;534;550;155;555;96;0;145;314;914;730;835;338;263;96;3465;72;0;2;0;308;116;197;489;440;120;220;43;163;1539;1711;1924;2723;128;343;117;39;285;1634;1418;229;354;683;523;628;1046;755;1691;112;683;745;152;252;4;221;1557;15;1838;2753;798;83;1;20231031
AT1;AT13;AT130;92300;92317;125;317;313;4;0;33;100;165;19;12;188;85;23;9;12;3;6;207;89;12;8;6;50;122;119;12;11;28;38;46;51;37;29;65;12;0;28;9;44;69;70;49;36;12;293;10;0;2;0;2;25;33;37;31;24;43;17;15;90;167;150;204;8;28;28;17;32;121;157;23;16;38;60;76;95;48;160;10;38;66;18;25;0;38;131;1;147;256;53;8;0;20231031
AT1;AT13;AT130;92300;92318;2624;5710;5689;21;5;968;1816;2566;355;29;596;510;4475;100;29;151;320;4587;623;29;232;543;2960;1629;317;29;55;845;1095;664;679;1041;392;910;29;39;290;795;1421;1086;1178;529;343;29;5657;18;5;1;4;2;130;194;570;68;3198;958;14;26;546;2786;2924;4259;99;403;309;190;450;2327;2549;302;532;845;1183;1518;1560;604;2488;326;845;1469;175;407;4;395;2362;15;2934;4517;1180;8;5;20231031
AT1;AT13;AT130;92300;92319;4872;9239;9236;3;3;2247;3204;3466;319;3;116;46;9007;67;3;336;557;7897;446;3;257;1018;4181;3597;183;3;56;817;1659;1052;1375;1981;564;1732;3;53;306;831;1985;1639;2638;1024;760;3;9189;47;0;0;0;132;96;558;1544;3496;2490;0;0;837;86;4238;5001;7128;201;677;380;174;679;3505;3908;716;1110;1075;1544;2207;2966;1447;3936;352;1075;2980;315;581;5;491;3733;32;4978;6633;2603;0;3;20231031
