Hauptwohnsitzbevoelkerung nach Wohnungen in den 250 Zaehlbezirken in Wien - Registerzaehlung 2011 | Population with main resisidence by housing in 250 sub-districts in Vienna - Census 2011;;;;;;;;;;;;;;;;;;;;;;;;;;;;;;;;;;;;;;;;;;;;;;;;;;;;;;;;;;;;;;;;;;;;;;;;;;;;;;;;;;;;;;;;;;;;;;
NUTS1;NUTS2;NUTS3;DISTRICT_CODE;SUB_DISTRICT_CODE;WHG_WSA_TOTAL;WHG_POP_TOTAL;HAR_1;HAR_2;WHG_NOC_0;WHG_NOC_1;WHG_NOC_2;WHG_NOC_3;WHG_NOC_4;WHG_RECHTSVERH_0;WHG_RECHTSVERH_1;WHG_RECHTSVERH_2;WHG_RECHTSVERH_3;WHG_RECHTSVERH_4;WHG_NOR_0;WHG_NOR_1;WHG_NOR_2;WHG_NOR_3;WHG_NOR_4;WHG_NTZFL_0;WHG_NTZFL_1;WHG_NTZFL_2;WHG_NTZFL_3;WHG_NTZFL_4;WHG_NTZFL_5;WHG_DRM_0;WHG_DRM_1;WHG_DRM_2;WHG_DRM_3;WHG_DRM_4;WHG_DRM_5;WHG_DRM_6;WHG_DRM_7;WHG_DRM_8;WHG_DFS_0;WHG_DFS_1;WHG_DFS_2;WHG_DFS_3;WHG_DFS_4;WHG_DFS_5;WHG_DFS_6;WHG_DFS_7;WHG_DFS_8;WHG_AUSST_0;WHG_AUSST_1;WHG_AUSST_2;WHG_AUSST_3;WHG_AUSST_4;OBJ_BAUP_1;OBJ_BAUP_2;OBJ_BAUP_3;OBJ_BAUP_4;OBJ_BAUP_5;OBJ_BAUP_6;OBJ_BAUP_7;OBJ_BAUP_8;OBJ_BAUP_9;DEM_GESCHL_1;DEM_GESCHL_2;DEM_GEBSTAAT_1;DEM_GEBSTAAT_2;DEM_GEBSTAAT_3;DEM_GEBSTAAT_4;DEM_GEBSTAAT_5;DEM_GEBSTAAT_6;DEM_FAMST_1;DEM_FAMST_2;DEM_FAMST_3;DEM_FAMST_4;EDU_HAB_NAT_1;EDU_HAB_NAT_2;EDU_HAB_NAT_3;EDU_HAB_NAT_0;ERW_STATUS_1;ERW_STATUS_2;ERW_STATUS_3;ERW_STATUS_4;ERW_STATUS_5;ERW_STATUS_6;AST_OENACE_1;AST_OENACE_2;AST_OENACE_3;AST_OENACE_4;AST_OENACE_5;HST_1;HST_2;HST_3;HST_4;HST_5;REFDAT
AT1;AT13;AT130;90100;90101;2148;3861;3853;8;4;1178;1124;1366;189;50;53;344;3054;360;50;195;431;2463;722;50;326;461;1114;1047;863;50;81;342;621;336;447;613;283;1088;50;47;160;249;617;644;855;557;682;50;3552;114;42;103;2920;323;322;219;10;34;22;11;0;1848;2013;2675;326;289;155;16;400;1642;1477;321;421;507;1610;1375;369;1795;82;369;899;190;526;5;89;1762;21;1984;2298;1509;42;4;8;20111031
AT1;AT13;AT130;90100;90102;781;1550;1548;2;2;377;410;668;93;2;39;155;1220;134;2;37;124;894;493;2;81;131;259;391;686;2;23;133;202;143;270;267;96;414;2;15;33;69;226;276;368;235;326;2;1466;44;14;24;1143;202;111;70;0;3;3;5;13;730;820;1030;113;144;55;3;205;635;604;145;166;213;569;572;196;675;28;196;316;71;264;4;25;669;5;847;1010;530;0;2;8;20111031
AT1;AT13;AT130;90100;90103;1023;2082;2070;12;7;476;574;875;150;29;41;234;1552;226;29;54;106;1285;608;29;79;104;362;634;874;29;23;213;283;193;295;337;172;537;29;20;35;118;288;335;499;311;447;29;1943;67;18;25;1644;22;312;0;4;7;90;1;2;1012;1070;1316;190;120;137;21;298;836;911;161;174;289;820;732;241;899;28;241;426;109;379;4;39;874;10;1155;1417;635;17;7;6;20111031
AT1;AT13;AT130;90100;90104;722;1540;1537;3;0;309;444;655;132;44;23;64;1253;156;44;15;77;879;525;44;28;87;273;374;734;44;8;131;209;161;225;218;126;418;44;0;36;68;249;236;303;251;353;44;1386;59;20;31;1467;19;32;5;0;0;2;0;15;725;815;1092;137;92;62;12;145;645;620;138;137;178;609;582;171;700;23;171;324;107;215;3;26;683;10;818;1025;471;41;0;3;20111031
AT1;AT13;AT130;90100;90105;1064;2091;2086;5;2;494;600;894;101;5;18;204;1698;166;5;58;179;1415;434;5;92;215;524;600;655;5;44;181;312;234;303;361;119;532;5;38;49;126;376;331;492;336;338;5;1933;85;35;33;1626;25;278;97;0;13;7;0;45;1003;1088;1493;162;138;82;16;200;929;797;141;224;271;863;708;249;1020;47;249;386;120;269;5;45;1006;10;1025;1416;668;0;2;5;20111031
AT1;AT13;AT130;90100;90106;1463;2635;2625;10;9;827;666;968;165;24;31;228;2157;195;24;126;244;1698;543;24;201;393;652;651;714;24;29;243;432;239;367;420;141;740;24;9;112;182;431;459;600;354;464;24;2453;70;22;66;1694;216;531;87;24;43;16;15;9;1238;1397;1905;203;159;104;15;249;1183;949;221;282;381;1126;884;244;1195;60;244;626;147;363;7;65;1165;18;1380;1567;1043;14;9;2;20111031
AT1;AT13;AT130;90100;90107;1434;2615;2614;1;1;779;736;947;152;30;23;444;1842;276;30;114;253;1639;579;30;181;291;614;687;812;30;53;213;412;194;361;406;169;777;30;50;82;128;401;437;568;382;537;30;2440;61;41;43;1731;63;522;271;28;0;0;0;0;1283;1332;1731;245;198;121;23;297;1120;1002;236;257;351;1135;891;238;1188;48;238;624;147;370;15;56;1156;8;1380;1608;975;29;1;2;20111031
AT1;AT13;AT130;90200;90201;4851;10348;10323;25;8;2139;2724;4602;875;302;54;781;8936;275;302;425;1323;8130;168;302;778;1775;5550;1871;72;302;169;2015;2317;1118;1261;1672;194;1300;302;96;833;1583;2851;1763;1815;715;390;302;9663;67;82;234;1226;675;1305;1092;1522;285;1390;479;2374;5062;5286;6965;274;676;849;529;1055;4898;3811;569;1070;2599;4417;1477;1855;4875;483;1855;1713;426;996;3;611;4640;84;5010;7458;2602;277;8;3;20111031
AT1;AT13;AT130;90200;90202;5437;11209;11139;70;63;2498;2976;4828;844;102;167;1457;8782;701;102;746;1761;8126;474;102;2059;2714;4389;1626;319;102;637;2449;2164;905;1466;1434;265;1787;102;651;1612;1557;2571;1646;1828;753;489;102;8658;613;247;1589;7863;319;1203;942;195;413;151;55;68;5589;5620;6326;489;910;1651;662;1171;5402;4153;603;1051;3224;4556;1742;1687;5066;698;1687;1840;552;1366;17;742;4899;85;5466;7601;3511;32;63;2;20111031
AT1;AT13;AT130;90200;90203;6281;12300;12291;9;9;3160;3336;4830;965;405;176;1481;9497;741;405;517;1563;8745;1070;405;1417;2476;4595;2864;543;405;369;1615;2026;1290;1774;2030;367;2424;405;278;1023;1316;2775;2203;2435;1087;778;405;10307;554;245;789;7048;870;1141;844;545;397;679;627;149;5939;6361;8263;760;834;1008;321;1114;6190;4121;824;1165;2493;5241;2950;1616;5877;554;1616;2309;698;1246;14;528;5794;85;5879;7784;4108;396;9;3;20111031
AT1;AT13;AT130;90200;90204;6831;16154;14281;1873;1873;3103;3956;5629;1593;2030;212;1835;10898;1179;2030;520;1607;10677;1320;2030;1180;2577;5666;3337;1364;2030;627;2545;2502;1291;1992;1985;566;2616;2030;358;1496;1782;3203;2411;2598;1324;952;2030;12390;683;215;836;10730;315;1716;1589;812;571;225;149;47;8387;7767;9385;867;1213;1321;455;2913;8364;5400;951;1439;4346;6458;2952;2398;6593;864;2398;2653;817;2829;10;745;6532;113;8754;9837;4272;157;1873;15;20111031
AT1;AT13;AT130;90200;90205;4466;8964;8948;16;5;2119;2598;3470;772;168;231;1647;6309;609;168;349;994;6678;775;168;706;1684;3574;2089;743;168;271;1425;1512;830;1282;1334;388;1754;168;183;793;981;1951;1697;1670;877;644;168;7873;365;97;461;5174;75;1083;1570;368;356;206;49;83;4323;4641;5574;512;802;735;202;1139;4183;3378;595;808;1974;3932;1880;1178;3921;334;1178;1888;542;1101;11;445;3745;47;4716;5870;2927;150;5;12;20111031
AT1;AT13;AT130;90200;90206;3336;6451;6434;17;3;1585;2028;2489;346;109;581;863;4580;318;109;316;776;4783;467;109;738;1389;2339;1348;528;109;147;822;1206;618;934;1036;363;1216;109;125;485;697;1484;1189;1274;604;484;109;5767;252;80;243;2477;332;1925;682;207;494;51;94;189;3067;3384;4641;271;520;446;156;417;2728;2418;547;758;1489;3037;1129;796;2790;293;796;1565;322;685;1;348;2700;34;3368;4346;2011;91;3;0;20111031
AT1;AT13;AT130;90200;90207;6682;12714;12686;28;28;3371;3634;4997;684;28;203;1224;10510;749;28;834;2160;9228;464;28;2839;3371;4784;1484;208;28;538;2416;2506;918;1827;1874;310;2297;28;600;1746;1720;3056;1911;2272;877;504;28;10010;606;362;1708;7701;1937;914;1219;368;0;16;70;489;6309;6405;6947;626;1274;1939;615;1313;6041;4540;830;1303;3650;5521;1833;1710;5554;744;1710;2346;766;1594;11;867;5326;76;6434;8140;4535;0;28;11;20111031
AT1;AT13;AT130;90200;90208;914;2009;1999;10;1;371;680;683;274;168;509;32;1203;97;168;168;216;1364;93;168;280;457;898;157;49;168;72;351;331;136;315;304;68;264;168;62;258;294;392;313;338;118;66;168;1688;64;52;37;105;335;54;698;91;137;47;67;475;924;1085;1526;55;116;138;36;138;730;825;215;239;538;1074;147;250;781;102;250;650;62;164;2;103;763;11;1130;1380;470;158;1;0;20111031
AT1;AT13;AT130;90200;90209;7038;15962;15935;27;27;2787;4170;7181;1797;468;158;915;13969;452;468;823;1875;12444;352;468;1762;3249;7123;3231;129;468;496;3527;3574;1642;1850;2314;334;1757;468;425;1809;2637;4365;2374;2587;747;550;468;14153;267;190;884;3266;1570;1982;2110;3605;907;539;511;1472;7597;8365;10322;349;1154;1591;1009;1537;7046;6041;1186;1689;4904;6807;1484;2767;6346;932;2767;3450;702;1765;8;955;6155;139;8705;11774;3719;441;27;1;20111031
AT1;AT13;AT130;90200;90210;1;2;2;0;0;0;2;0;0;0;2;0;0;0;0;0;0;2;0;0;0;0;2;0;0;0;0;0;0;0;0;2;0;0;0;0;0;0;0;2;0;0;0;0;2;0;0;0;0;0;0;0;0;0;0;0;2;2;0;0;0;2;0;0;0;0;1;1;0;0;1;1;0;2;0;0;0;0;0;0;0;2;0;0;0;2;0;0;0;20111031
AT1;AT13;AT130;90300;90301;5620;10874;10867;7;5;2637;3378;4412;442;55;195;1264;8820;540;55;502;1212;8028;1077;55;1179;1719;3704;3076;1141;55;291;1275;1861;1094;1667;1896;614;2121;55;236;650;1019;2308;2166;2432;1136;872;55;9369;471;186;793;8379;493;499;537;334;486;84;57;5;5220;5654;7547;708;803;817;200;799;5259;3971;601;1043;1952;4832;2764;1326;5375;435;1326;2030;612;1096;8;522;5207;69;5068;7253;3561;48;5;7;20111031
AT1;AT13;AT130;90300;90302;4321;8495;8488;7;5;2022;2556;3421;491;120;158;927;6779;511;120;246;627;6206;1296;120;443;1006;2809;2680;1437;120;119;820;1346;909;1307;1407;549;1918;120;65;292;643;1710;1673;1988;962;1042;120;7696;376;114;189;5841;420;473;567;679;222;174;1;118;3995;4500;6294;601;491;445;70;594;3927;3256;547;765;1250;3896;2342;1007;4067;258;1007;1751;516;896;9;354;3912;44;4176;5755;2614;113;5;8;20111031
AT1;AT13;AT130;90300;90303;2942;5934;5930;4;4;1397;1550;2585;398;84;109;556;4779;406;84;217;470;3917;1246;84;401;781;1754;1543;1371;84;89;576;985;679;917;911;342;1351;84;48;307;392;1301;1099;1274;699;730;84;5495;198;49;108;3242;819;1197;246;224;41;10;70;85;2739;3195;4072;505;408;272;56;621;2742;2219;392;581;905;2511;1753;765;2607;173;765;1201;350;838;13;209;2530;25;3157;4016;1825;80;4;9;20111031
AT1;AT13;AT130;90300;90304;5585;10488;10470;18;13;2841;3130;3967;537;151;134;2463;6799;941;151;678;1628;7395;636;151;1882;2419;3837;1669;530;151;408;1555;2007;739;1590;1611;350;2077;151;379;1103;1199;2298;1743;1992;1017;606;151;8642;556;185;954;5185;780;2344;1329;570;109;78;93;0;5041;5447;6116;581;1137;1269;301;1084;5121;3667;716;984;2467;4706;2093;1222;4719;547;1222;1984;712;1304;6;684;4479;77;5242;6406;3932;133;13;4;20111031
AT1;AT13;AT130;90300;90305;4078;7950;7927;23;7;1938;2394;3249;362;112;104;1111;6122;501;112;370;814;6191;463;112;769;1368;3284;2130;287;112;159;991;1488;899;1116;1350;322;1513;112;149;536;815;1927;1520;1633;751;507;112;6963;262;90;523;3902;139;397;651;545;439;1173;192;512;3758;4192;5408;443;672;613;172;642;3753;2979;457;761;1430;3615;1896;1009;3820;299;1009;1479;536;807;8;436;3622;44;3840;5322;2530;89;7;2;20111031
AT1;AT13;AT130;90300;90306;8127;14934;14901;33;33;4303;4338;5582;678;165;172;1502;12305;790;165;1029;2776;10467;497;165;3003;3782;5630;2020;334;165;450;2240;3139;1309;2023;2608;419;2581;165;430;1479;1967;3543;2731;2986;1097;536;165;12909;443;306;1111;6816;2695;2087;1139;410;713;387;261;426;7005;7929;10157;604;1074;1360;582;1157;6994;5300;1001;1639;3648;6846;2597;1843;6955;810;1843;3023;707;1596;11;861;6791;84;7187;9415;5349;132;33;5;20111031
AT1;AT13;AT130;90300;90307;2441;5223;5211;12;8;1148;1364;2059;644;416;39;283;4275;210;416;404;727;3589;87;416;872;1315;1960;559;101;416;201;871;1168;447;663;710;74;673;416;162;594;716;1345;748;850;287;105;416;4368;125;19;295;1003;38;1558;732;123;9;527;334;899;2416;2807;3433;129;487;486;250;438;2319;1812;511;581;1497;2306;669;751;2205;292;751;1213;233;529;4;285;2164;34;2736;3330;1481;404;8;0;20111031
AT1;AT13;AT130;90300;90308;779;1717;1716;1;0;358;546;492;321;261;79;1;1304;72;261;14;46;1240;156;261;35;72;698;430;221;261;10;120;164;146;197;349;101;369;261;10;46;68;228;397;306;254;147;261;1439;13;3;1;493;0;118;486;11;574;7;8;20;870;847;1395;82;98;32;7;103;659;657;167;234;373;847;346;151;644;153;151;556;63;150;3;49;723;19;923;1018;439;260;0;0;20111031
AT1;AT13;AT130;90300;90309;4357;8558;8548;10;5;2010;2564;3639;340;10;183;1006;6925;434;10;252;788;5809;1699;10;607;1193;2819;2156;1773;10;113;849;1353;950;1337;1501;506;1939;10;109;389;612;1699;1734;2107;1025;873;10;7803;341;70;334;5502;321;726;478;303;576;85;440;127;4002;4556;6100;616;601;458;105;678;3955;3298;547;758;1251;3648;2509;1150;4125;232;1150;1633;504;914;16;348;3941;49;4204;5964;2586;0;5;3;20111031
AT1;AT13;AT130;90300;90310;3784;7687;7667;20;18;1845;1974;3151;699;162;71;629;6450;375;162;465;1312;5525;223;162;1497;2041;2800;1085;102;162;301;1536;1688;638;995;1082;120;1165;162;311;892;1240;2037;1072;1349;461;163;162;6412;274;319;520;2588;2546;321;176;153;1639;75;183;6;3819;3868;4724;270;583;844;498;768;3706;2671;413;897;2382;3212;938;1155;3324;589;1155;1332;422;865;3;503;3318;73;3790;5135;2386;142;18;6;20111031
AT1;AT13;AT130;90300;90311;1438;2667;2659;8;8;748;762;1014;135;8;6;143;2434;76;8;229;491;1897;42;8;685;700;1129;132;13;8;124;448;589;246;378;431;22;421;8;118;336;327;800;356;480;179;63;8;2496;26;136;1;0;1283;676;234;0;155;16;0;303;1250;1417;1799;39;202;275;139;213;1135;888;250;394;854;1234;179;400;1103;204;400;619;79;262;1;156;1117;30;1363;1732;924;0;8;3;20111031
AT1;AT13;AT130;90400;90401;1203;2254;2250;4;4;615;664;852;119;4;26;201;1885;138;4;149;236;1388;477;4;234;378;609;524;505;4;48;259;361;154;335;407;146;540;4;31;154;159;385;408;551;271;291;4;2063;58;33;96;1391;571;117;76;60;0;0;39;0;1081;1173;1411;186;234;119;31;273;1090;790;160;214;306;948;764;236;1056;74;236;428;157;303;4;73;1039;12;1126;1414;830;0;4;6;20111031
AT1;AT13;AT130;90400;90402;5100;9709;9603;106;88;2552;2826;3850;393;128;163;1413;7456;549;128;381;986;6720;1494;128;936;1534;3178;2395;1538;128;153;1042;1594;941;1358;1589;555;2349;128;148;518;851;2079;1578;2139;1130;1138;128;8674;363;187;357;6003;642;1253;654;228;317;144;360;108;4630;5079;6221;900;759;579;207;1043;4781;3417;592;919;1584;4152;2823;1150;4556;379;1150;1695;638;1291;23;426;4421;58;4781;6260;3334;21;88;6;20111031
AT1;AT13;AT130;90400;90403;6116;12009;11997;12;5;2977;3602;4498;927;474;147;1815;8859;714;474;479;1075;8318;1663;474;848;1798;3830;3198;1861;474;232;1192;1792;1150;1789;1971;700;2709;474;174;576;868;2233;2311;2763;1399;1211;474;10397;488;155;495;8117;104;1093;1099;657;775;73;55;36;5616;6393;8182;948;857;743;176;1103;5892;4082;894;1141;1905;5167;3607;1330;5694;370;1330;2408;919;1288;25;480;5493;56;5955;7552;3980;462;5;10;20111031
AT1;AT13;AT130;90400;90404;3456;6728;6724;4;4;1662;1946;2750;366;77;55;1192;4985;419;77;263;688;4985;715;77;548;1113;2504;1864;622;77;139;857;1127;665;959;1103;381;1420;77;100;444;720;1465;1251;1390;675;606;77;6178;280;71;122;3236;186;1872;843;237;236;73;24;21;3134;3594;4602;435;443;459;162;627;3320;2320;497;591;1281;2921;1652;874;3015;292;874;1389;503;655;3;294;2959;42;3430;4434;2213;73;4;4;20111031
AT1;AT13;AT130;90500;90501;6176;11207;11194;13;13;3275;3404;4083;432;124;203;1536;8567;777;124;639;1525;8125;794;124;1491;2058;4596;2196;742;124;285;1407;1978;971;1459;2090;451;2442;124;231;745;1218;2273;2049;2540;1169;858;124;9415;487;194;987;6803;467;244;1020;1078;840;405;145;205;5416;5791;7729;750;792;845;291;800;5781;3780;578;1068;2062;4966;2918;1261;5688;449;1261;2030;633;1146;19;594;5453;67;5074;6872;4202;111;13;9;20111031
AT1;AT13;AT130;90500;90502;9947;19211;19168;43;43;4965;5324;7793;1086;51;237;2415;15426;1082;51;1470;3490;13593;607;51;3897;5565;7434;1992;272;51;819;3967;4254;1394;2449;2794;405;3078;51;737;2666;3046;4689;2987;3143;1228;664;51;16377;887;446;1450;6676;4462;4721;1401;650;290;528;402;81;9417;9794;11376;715;1597;2353;1108;2062;9090;6851;1189;2081;5590;8331;2653;2637;8531;1228;2637;3578;1009;2228;14;1188;8402;121;9486;12659;6498;8;43;3;20111031
AT1;AT13;AT130;90500;90503;8149;16051;16012;39;30;4086;4390;6280;1265;564;258;2423;11780;1026;564;1420;2598;10862;607;564;3562;3786;5889;1903;347;564;686;3011;3187;1241;1907;2410;446;2599;564;643;2178;2245;3488;2602;2626;1114;591;564;12217;754;299;2217;9230;2252;1072;941;1268;391;395;120;382;7891;8160;9328;748;1417;2241;909;1408;7800;5630;993;1628;4526;6736;2697;2092;7379;862;2092;2877;926;1915;18;1084;7030;86;7833;10066;5419;525;30;11;20111031
AT1;AT13;AT130;90500;90504;3331;6126;6119;7;6;1690;1958;2189;283;7;110;757;4882;370;7;344;886;4442;447;7;891;1278;2418;1245;287;7;165;875;1108;470;865;1127;226;1283;7;146;495;732;1246;1164;1392;583;361;7;5305;264;64;486;4381;182;242;303;159;379;244;81;155;2974;3152;3867;411;504;603;164;577;3282;2036;295;513;1181;2784;1504;657;3180;300;657;970;390;629;6;352;3087;25;2656;3775;2343;0;6;2;20111031
AT1;AT13;AT130;90600;90601;3749;7316;7226;90;88;1798;2240;2782;408;220;115;541;5958;482;220;234;713;4904;1245;220;533;966;2243;1983;1371;220;124;725;1050;683;1073;1253;403;1785;220;114;347;465;1345;1287;1720;810;1008;220;6261;361;102;372;5948;158;104;375;148;338;140;75;30;3527;3789;5128;552;490;394;110;642;3713;2517;439;647;1099;3197;2242;778;3573;295;778;1327;535;808;13;250;3562;37;3454;4637;2457;130;88;4;20111031
AT1;AT13;AT130;90600;90602;4854;9004;8995;9;9;2500;2760;3196;539;100;181;1436;6640;647;100;543;1392;6441;528;100;1217;2144;3437;1702;404;100;267;1272;1731;776;1274;1551;278;1755;100;216;827;917;2071;1586;1925;787;575;100;7790;388;127;599;4351;915;1009;643;730;691;276;91;298;4385;4619;5745;597;687;732;270;973;4759;2916;484;845;1732;3985;2244;1043;4444;444;1043;1457;616;1000;4;486;4332;54;4128;5489;3406;91;9;9;20111031
AT1;AT13;AT130;90600;90603;6739;13055;12910;145;142;3446;3824;4618;1025;711;170;2232;9052;890;711;529;1499;9215;1101;711;1117;2012;4713;3399;1103;711;234;1370;2085;1258;1651;2375;615;2756;711;154;652;1156;2603;2232;2975;1396;1176;711;11319;418;123;484;7458;338;495;555;1402;1796;643;205;163;6166;6889;9018;896;883;865;265;1128;6743;4248;834;1230;2261;5942;3523;1329;6603;525;1329;2430;836;1332;11;553;6485;72;5934;7853;4481;566;142;13;20111031
AT1;AT13;AT130;90700;90701;2961;5427;5422;5;5;1509;1676;2093;144;17;95;343;4629;343;17;203;559;3998;650;17;423;804;1921;1593;669;17;94;551;839;556;785;964;308;1313;17;62;233;423;1091;982;1362;620;637;17;4861;217;89;243;4570;68;196;55;153;200;11;59;115;2576;2851;3748;496;286;355;94;448;2841;1812;268;506;866;2209;1732;620;2867;180;620;887;348;525;7;217;2790;29;2384;3394;2009;12;5;7;20111031
AT1;AT13;AT130;90700;90702;1571;2860;2858;2;1;810;880;1075;94;3;53;263;2407;134;3;95;255;2128;379;3;181;355;1156;686;479;3;21;284;398;331;419;535;147;722;3;24;113;200;520;613;643;381;363;3;2694;71;28;64;2248;64;0;64;0;29;190;27;238;1345;1515;2009;286;187;129;33;216;1552;910;158;240;322;1155;1060;323;1524;71;323;425;188;329;1;101;1482;10;1266;1793;1063;0;1;3;20111031
AT1;AT13;AT130;90700;90703;2487;4495;4492;3;3;1308;1382;1623;179;49;70;364;3671;341;49;163;546;3227;510;49;402;681;1743;989;631;49;52;427;683;467;673;908;182;1054;49;45;207;262;929;844;1160;578;421;49;4138;136;51;121;2783;218;271;425;101;262;155;50;230;2112;2383;3177;330;284;288;71;345;2376;1448;254;417;631;1941;1442;481;2419;159;481;749;264;423;4;188;2357;29;1917;2692;1754;46;3;0;20111031
AT1;AT13;AT130;90700;90704;4984;9677;9668;9;7;2593;2658;3580;839;544;127;1220;7209;577;544;429;958;6944;802;544;930;1362;3195;2960;686;544;137;1026;1588;1009;1228;1553;454;2138;544;155;488;771;2006;1634;2201;911;967;544;8143;317;117;556;6722;284;36;231;494;1163;421;119;207;4546;5131;6644;743;576;737;247;730;5061;3180;652;784;1645;4394;2650;988;4901;316;988;1733;797;942;4;462;4694;46;4471;5745;3387;535;7;3;20111031
AT1;AT13;AT130;90700;90705;4254;7560;7551;9;9;2290;2290;2760;211;22;130;1230;5716;462;22;428;983;5549;578;22;1090;1275;3096;1611;466;22;163;845;1328;755;1002;1373;297;1775;22;188;431;664;1644;1494;1656;864;597;22;6443;268;104;723;5537;312;256;243;319;467;198;138;90;3584;3976;4939;588;600;672;180;581;4173;2386;370;631;1249;3360;2151;800;3936;294;800;1095;583;852;7;371;3813;34;3335;4458;3075;13;9;5;20111031
AT1;AT13;AT130;90800;90801;2330;5343;5342;1;0;1149;1290;1816;1088;913;79;272;3794;285;913;160;459;2933;878;913;349;684;1344;1156;897;913;58;461;721;431;651;833;199;1076;913;45;230;299;902;805;1096;528;525;913;4049;132;40;209;4281;289;178;219;142;71;113;14;36;2900;2443;3410;436;449;389;66;593;3008;1654;233;448;779;2388;1657;519;2302;152;519;742;412;1216;5;195;2222;25;2896;2918;1507;912;0;6;20111031
AT1;AT13;AT130;90800;90802;5570;10839;10833;6;5;2778;3214;4024;818;514;242;1378;7973;732;514;395;1005;7242;1683;514;752;1278;3457;3203;1635;514;112;879;1652;1136;1565;1850;627;2504;514;117;351;624;2059;2110;2558;1280;1226;514;9557;342;127;299;8240;285;478;621;444;390;219;94;68;4958;5881;7807;938;638;485;159;812;5750;3563;621;905;1335;4721;3638;1145;5364;278;1145;1883;1094;1075;10;375;5216;37;5201;6644;3680;508;5;2;20111031
AT1;AT13;AT130;90800;90803;4018;7347;7324;23;23;2153;2236;2525;410;206;75;1231;5327;508;206;302;840;5424;575;206;643;1224;2850;1868;556;206;132;794;1137;665;1052;1291;352;1718;206;95;436;532;1444;1389;1704;867;674;206;6471;218;138;314;4999;542;590;230;487;249;123;32;95;3508;3839;5185;511;437;456;119;639;3932;2417;424;574;1076;3222;2264;785;3632;242;785;1318;568;802;7;249;3581;34;3476;4306;2829;183;23;6;20111031
AT1;AT13;AT130;90900;90901;4638;8150;8138;12;9;2580;2494;2741;326;98;119;775;6708;450;98;517;1302;5705;528;98;1303;1849;3046;1455;399;98;145;922;1609;674;1033;1582;359;1728;98;120;560;915;1776;1574;1848;755;504;98;7129;353;195;375;4557;940;747;726;353;497;209;54;67;3862;4288;5590;530;535;628;185;682;4388;2470;475;817;1524;3825;1999;802;3945;328;802;1554;685;836;4;353;3865;44;3884;4719;3333;86;9;3;20111031
AT1;AT13;AT130;90900;90902;5397;10814;10804;10;9;2675;3168;3878;1084;885;131;956;8317;525;885;415;1137;7260;1117;885;937;1635;3328;2877;1152;885;145;932;1639;1033;1549;1794;618;2219;885;87;443;800;2132;1950;2442;1058;1017;885;8837;461;208;423;8204;1036;355;135;152;539;290;93;10;5155;5659;7408;826;715;723;149;993;5471;3561;785;997;1768;4801;3100;1145;5005;378;1145;2182;805;1299;8;424;4891;55;5436;6421;3504;875;9;5;20111031
AT1;AT13;AT130;90900;90903;2235;4040;4028;12;12;1218;1162;1466;182;16;66;380;3278;300;16;328;561;2767;368;16;616;739;1495;800;374;16;95;630;715;303;582;702;150;847;16;92;351;394;855;706;890;406;330;16;3564;157;83;220;2278;627;560;120;126;21;176;70;62;1901;2139;2643;298;320;347;111;321;2190;1248;242;360;690;1708;1187;455;2055;165;455;663;286;416;2;185;2000;28;1825;2474;1542;4;12;8;20111031
AT1;AT13;AT130;90900;90904;4929;9055;9052;3;3;2680;2710;2956;706;360;165;945;6877;708;360;459;1247;6321;668;360;1089;1845;3316;1942;503;360;170;1110;1529;668;1259;1580;354;2025;360;158;629;784;1841;1586;2027;938;732;360;7486;420;171;618;6691;613;289;474;346;342;106;41;153;4321;4734;5864;752;653;816;199;771;5091;2693;488;783;1509;4099;2566;881;4378;332;881;1477;981;1006;8;409;4236;45;4357;5162;3524;357;3;9;20111031
AT1;AT13;AT130;90900;90905;2612;5216;5215;1;1;1224;1428;2279;284;40;93;543;4226;314;40;166;331;3457;1222;40;278;378;1362;1595;1563;40;37;449;810;563;819;883;364;1251;40;20;179;308;872;979;1332;713;773;40;4782;196;62;136;4501;137;320;39;1;61;57;37;63;2418;2798;3638;593;282;170;48;485;2629;1886;306;395;573;2143;1854;646;2435;106;646;920;458;651;8;122;2395;16;2675;3503;1669;39;1;4;20111031
AT1;AT13;AT130;90900;90906;988;2016;2015;1;1;485;502;853;175;90;38;183;1557;148;90;40;163;1257;466;90;85;142;423;673;603;90;9;164;328;211;287;354;92;481;90;5;53;69;294;415;502;284;304;90;1718;148;25;35;1528;13;59;77;0;75;0;0;264;934;1082;1407;195;112;88;13;201;1043;695;127;151;204;803;766;243;921;40;243;330;233;249;7;54;887;12;1056;1270;655;89;1;1;20111031
AT1;AT13;AT130;91000;91001;361;899;899;0;0;114;168;557;60;0;7;122;741;29;0;22;92;770;15;0;59;55;646;130;9;0;32;299;269;40;128;63;4;64;0;25;47;206;337;130;84;53;17;0;810;10;5;74;175;0;29;26;0;0;3;6;660;449;450;487;14;90;168;84;56;442;372;20;65;271;358;64;206;468;51;206;54;31;89;0;81;432;4;382;724;175;0;0;0;20111031
AT1;AT13;AT130;91000;91002;8885;18755;18706;49;43;4074;4712;8179;1747;277;239;2878;14288;1073;277;2015;3338;12665;460;277;4344;4507;7629;1843;155;277;1212;4675;4117;1440;2009;2560;268;2197;277;1048;3111;3310;4459;2792;2441;935;382;277;15504;690;470;1814;4496;3155;4529;1434;723;3311;577;228;302;9350;9405;10419;390;1678;2905;1827;1536;8015;7493;1194;2053;6886;7649;1163;3057;7571;1439;3057;3478;695;2515;26;1542;7227;156;9804;13090;5383;228;43;11;20111031
AT1;AT13;AT130;91000;91003;3452;6856;6846;10;9;1612;1990;2857;388;10;109;611;5754;372;10;586;1042;4992;226;10;1254;2004;2899;628;61;10;334;1277;1544;620;822;1009;176;1064;10;300;954;1071;1792;1118;1001;437;173;10;5883;289;56;618;1876;66;2260;958;427;793;143;227;106;3311;3545;4290;145;518;1028;530;345;2747;2834;532;743;2215;3191;498;952;2837;411;952;1631;261;764;3;602;2584;49;3618;4789;2056;0;9;2;20111031
AT1;AT13;AT130;91000;91004;3925;7995;7977;18;16;1838;2146;3378;617;83;198;1295;5820;599;83;875;1377;5453;207;83;1788;2193;2982;859;90;83;539;1839;1750;516;974;989;157;1148;83;473;1360;1299;1723;1205;1133;476;243;83;6132;282;117;1381;4308;660;920;937;420;353;267;63;67;3994;4001;4113;224;740;1498;714;706;3399;3289;495;812;2773;3262;711;1249;3303;581;1249;1510;334;1018;16;688;3092;75;4124;5453;2455;65;16;6;20111031
AT1;AT13;AT130;91000;91005;7849;17185;17165;20;19;3312;4246;8158;1450;137;285;2713;13215;835;137;1463;2337;12172;1076;137;3087;3254;7451;3045;211;137;861;4034;3684;1614;1936;2361;368;2190;137;791;2348;2899;4704;2524;2324;1011;447;137;14297;343;198;2210;6167;1218;885;522;1939;2877;1634;1630;313;8542;8643;9713;325;1403;2856;1661;1227;7645;7190;747;1603;5520;7113;1476;3076;7551;1050;3076;2674;748;2086;30;1588;6828;119;8620;12741;4304;116;19;5;20111031
AT1;AT13;AT130;91000;91006;5490;11765;11743;22;20;2424;2930;5438;953;151;193;1482;9340;599;151;1419;2057;7753;385;151;2922;2734;4852;1008;98;151;875;3052;2610;834;1280;1407;214;1342;151;774;1996;2073;2860;1636;1409;628;238;151;8836;455;162;2161;5890;577;786;938;556;481;1129;738;670;5950;5815;5696;239;1149;2320;1381;980;5257;4778;546;1184;4216;4663;852;2034;4962;841;2034;1729;546;1653;18;1040;4620;84;6003;8369;3238;129;20;9;20111031
AT1;AT13;AT130;91000;91007;5993;11891;11881;10;10;2762;3556;4916;647;57;86;3139;7897;712;57;827;1410;9128;469;57;1520;2701;6111;1428;74;57;416;2076;2371;1173;1580;1928;313;1977;57;421;1166;1706;3162;1954;2094;941;390;57;10941;229;89;575;1661;501;1431;3707;1796;693;1027;479;596;5713;6178;7642;245;928;1558;700;818;4636;5228;840;1187;3304;5876;1103;1608;5074;611;1608;2997;419;1182;8;915;4670;71;6227;8380;3452;47;10;2;20111031
AT1;AT13;AT130;91000;91008;4406;9472;9448;24;21;1906;2472;4304;769;236;102;1470;7203;461;236;768;1461;6795;212;236;1664;2211;4028;1240;93;236;456;2213;2117;720;1033;1404;154;1139;236;411;1298;1694;2188;1476;1391;541;237;236;7960;210;149;917;2709;1427;368;1805;1115;475;293;139;1141;4713;4759;5142;197;902;1612;874;745;4042;4020;488;922;3069;4088;791;1524;4025;598;1524;1758;373;1194;8;818;3696;76;4874;6680;2552;212;21;7;20111031
AT1;AT13;AT130;91000;91009;2191;4732;4722;10;10;907;1324;2137;354;160;12;53;4167;340;160;206;505;3738;123;160;610;1131;2003;780;48;160;69;786;1145;519;696;646;115;596;160;93;532;666;1386;635;867;256;137;160;4321;69;144;38;86;1476;739;0;0;568;921;300;642;2248;2484;3322;63;274;527;267;279;2096;1797;314;525;1388;2196;350;798;2152;282;798;1002;133;365;5;350;2044;26;2307;3450;1122;150;10;0;20111031
AT1;AT13;AT130;91000;91010;8387;16190;16149;41;40;4154;4854;6055;1087;193;71;1324;14003;599;193;1457;2670;11689;181;193;3383;4792;6647;1090;85;193;580;3327;3551;1139;2231;2550;336;2283;193;664;2251;2632;3774;3106;2247;1099;224;193;14899;277;343;478;1272;3181;4208;4830;1087;927;151;262;272;7690;8500;10976;269;878;1873;1272;922;6350;6293;1506;2041;5627;7519;804;2240;5932;1131;2240;4645;447;1795;18;1039;5826;139;9168;10953;5044;152;40;1;20111031
AT1;AT13;AT130;91000;91011;4131;8940;8919;21;21;1786;2328;3928;877;93;816;48;7722;261;93;557;1077;6705;508;93;1381;1195;3942;2185;144;93;283;1894;1971;894;914;1533;276;1082;93;181;880;1705;2244;1605;1441;491;300;93;8406;160;259;22;4;2299;74;1874;577;3488;460;63;101;4350;4590;6500;115;357;584;751;633;3693;3569;658;1020;2755;4087;500;1598;3256;621;1598;2235;318;912;3;538;3245;78;5076;6702;2145;72;21;0;20111031
AT1;AT13;AT130;91000;91012;1152;2462;2462;0;0;467;626;1291;78;0;1;462;1999;0;0;16;99;1974;373;0;43;163;1292;942;22;0;0;170;432;498;367;499;42;454;0;0;66;255;701;438;640;240;122;0;2462;0;0;0;0;0;0;0;0;0;21;2406;35;1228;1234;1713;77;170;173;66;263;1273;960;26;203;312;1094;546;510;1464;75;510;150;94;169;3;181;1331;24;923;1891;571;0;0;0;20111031
AT1;AT13;AT130;91000;91013;2882;5136;5127;9;9;1442;1912;1615;158;9;421;52;4514;140;9;219;945;3826;137;9;650;1936;2215;286;40;9;123;552;978;480;694;1231;134;935;9;130;377;716;1500;912;1022;376;94;9;4893;189;42;3;0;987;1053;2212;760;29;11;62;22;2344;2792;4220;70;188;389;149;120;1800;2090;601;645;1364;2985;250;537;2033;235;537;1845;140;346;2;339;1892;32;2871;3456;1670;0;9;1;20111031
AT1;AT13;AT130;91000;91014;2099;4045;4038;7;7;934;1412;1498;194;7;58;2;3902;76;7;121;506;3324;87;7;379;2111;1259;277;12;7;37;582;705;523;512;911;92;676;7;52;421;792;1190;619;734;191;39;7;3750;262;19;7;2;2;2972;552;451;50;14;0;2;1896;2149;3332;78;147;255;112;121;1535;1600;391;519;1100;2237;231;477;1621;192;477;1325;123;307;2;254;1530;22;2237;2850;1188;0;7;0;20111031
AT1;AT13;AT130;91000;91015;2771;5978;5971;7;5;1022;1774;3001;176;16;853;304;4690;115;16;119;374;4574;895;16;301;807;3758;944;152;16;81;713;1087;798;946;1062;258;1017;16;62;278;756;2046;1227;937;508;148;16;5875;32;41;14;86;202;242;800;286;150;269;2169;1774;2849;3129;4546;95;303;571;228;235;2688;2559;211;520;1191;3045;595;1147;3156;246;1147;902;193;334;5;488;2873;35;2577;4762;1201;9;5;1;20111031
AT1;AT13;AT130;91000;91016;2872;5930;5913;17;12;1213;1948;2333;424;257;1644;74;3769;186;257;278;608;3917;870;257;904;1006;1615;1510;638;257;124;567;906;648;820;1130;399;1079;257;136;409;593;1178;1135;1366;545;311;257;5275;178;212;8;1;2347;372;878;253;856;687;306;230;2848;3082;5039;106;258;203;109;215;2103;2597;594;636;1253;3403;596;678;2430;260;678;1917;241;404;0;384;2267;33;3246;4228;1450;240;12;0;20111031
AT1;AT13;AT130;91000;91017;364;894;894;0;0;89;252;504;49;0;351;117;381;45;0;2;33;689;170;0;12;58;256;407;161;0;6;61;191;138;172;126;85;115;0;0;32;43;266;186;218;87;62;0;860;16;1;17;84;49;17;123;183;254;93;7;84;442;452;818;17;18;22;6;13;336;456;43;59;138;513;94;149;463;22;149;183;37;40;17;86;378;4;409;777;117;0;0;0;20111031
AT1;AT13;AT130;91000;91018;2017;4356;4350;6;0;780;1162;2283;131;31;915;381;2884;145;31;135;347;3354;489;31;177;436;1879;1438;395;31;26;484;783;801;740;711;129;651;31;21;112;402;1310;991;824;434;231;31;4265;46;2;12;187;134;275;145;147;47;1651;920;850;2096;2260;3720;102;199;164;34;137;1985;1746;172;453;697;2275;562;822;2396;124;822;599;188;227;14;329;2129;40;1844;3401;932;21;0;2;20111031
AT1;AT13;AT130;91000;91019;1267;2668;2653;15;1;492;866;1164;145;24;1025;519;858;242;24;78;143;1882;541;24;125;363;706;992;458;24;36;218;418;333;403;470;195;571;24;19;121;224;516;554;647;324;239;24;2514;71;10;49;290;125;324;563;107;264;579;146;270;1267;1401;2187;76;164;127;32;82;974;1266;185;243;471;1527;349;321;1278;49;321;708;128;184;10;185;1120;11;1342;2042;617;8;1;0;20111031
AT1;AT13;AT130;91000;91020;4635;9511;9492;19;19;1905;3424;3406;757;250;24;4;9090;143;250;284;574;8309;94;250;483;888;6389;1491;10;250;50;1369;1735;922;1529;1743;412;1501;250;24;550;1380;2174;2423;1405;977;328;250;9249;0;3;9;0;0;0;4652;4859;0;0;0;0;4327;5184;7653;136;432;444;557;289;3060;4176;1162;1113;2910;5151;309;1141;2991;513;1141;3896;264;706;2;507;2930;52;6020;6975;2286;231;19;0;20111031
AT1;AT13;AT130;91000;91021;2652;6564;6553;11;11;748;1720;3567;518;344;245;318;5574;83;344;141;333;5458;288;344;167;323;4013;1682;35;344;40;683;1453;1366;790;1123;185;580;344;10;174;768;2390;1206;1113;322;237;344;6212;2;4;2;0;1;1;20;23;2634;3544;117;224;2980;3584;5413;91;275;252;198;335;2797;2608;419;740;1550;3586;458;970;3487;285;970;1043;404;375;6;504;3194;55;2805;5306;911;332;11;4;20111031
AT1;AT13;AT130;91000;91022;3214;6443;6435;8;8;1491;1868;2615;461;53;98;1651;4007;634;53;492;993;4730;175;53;1016;1523;2905;878;68;53;363;1281;1190;530;806;957;213;1050;53;316;853;938;1369;1113;1040;515;246;53;5532;159;44;655;2280;185;1098;1382;405;254;195;531;113;3141;3302;3515;208;755;1007;397;561;2743;2704;416;580;1838;2955;755;895;2853;356;895;1302;283;754;11;522;2617;43;3250;4368;2018;45;8;4;20111031
AT1;AT13;AT130;91000;91023;4409;9322;9294;28;28;2104;2330;3871;989;384;124;980;7484;350;384;745;1415;6566;212;384;1644;2276;3953;987;78;384;312;2082;2161;737;986;1366;124;1170;384;312;1178;1653;2468;1395;1225;517;190;384;7937;193;229;579;1516;1616;966;2240;119;18;536;1527;784;4517;4805;5898;162;731;1209;726;596;4195;3335;750;1042;2989;4067;620;1646;3850;627;1646;1913;351;935;9;805;3576;60;4872;6296;2637;356;28;5;20111031
AT1;AT13;AT130;91100;91101;967;1744;1743;1;1;587;442;521;193;156;36;173;1362;17;156;38;194;1257;99;156;90;302;782;410;4;156;8;114;230;206;221;382;20;407;156;8;63;85;339;298;443;219;133;156;1583;5;0;0;2;6;4;0;0;0;347;651;734;884;860;1195;117;123;91;81;137;1135;456;34;119;182;887;467;208;1019;39;208;87;238;153;1;108;929;19;687;866;713;155;1;9;20111031
AT1;AT13;AT130;91100;91102;6448;13220;13179;41;33;2887;3820;5545;935;146;152;1302;11054;566;146;928;1821;10021;304;146;2179;3560;5778;1447;110;146;511;2559;2957;1243;1526;2102;329;1847;146;493;1744;2306;3275;2239;1947;774;296;146;11715;338;145;876;2490;1776;2566;2453;1953;782;231;362;607;6436;6784;8588;279;941;1690;832;890;5438;5370;933;1479;4346;5991;854;2029;5485;879;2029;3001;431;1395;20;966;5256;97;6881;9449;3630;105;33;3;20111031
AT1;AT13;AT130;91100;91103;7657;16090;16045;45;43;3492;4186;7030;1339;251;210;2091;12725;813;251;1192;2723;11155;769;251;2959;3742;6449;2522;167;251;790;3451;3598;1304;1896;2331;321;2148;251;756;1967;2629;4200;2643;2313;941;390;251;13809;411;391;1228;3188;2264;2680;2589;732;2021;1208;901;507;7986;8104;9858;333;1194;2331;1219;1155;7152;6228;907;1803;5066;7221;1135;2668;7151;1068;2668;2766;637;1800;4;1409;6651;116;7910;11439;4398;206;43;4;20111031
AT1;AT13;AT130;91100;91104;2170;4464;4454;10;6;865;1478;1910;205;10;81;466;3675;232;10;291;604;3452;107;10;637;994;2266;524;33;10;160;717;965;483;580;825;136;588;10;144;519;706;1105;740;825;268;147;10;4053;139;26;236;668;1;1632;561;675;868;30;9;20;2220;2244;3035;69;286;557;243;274;1623;2043;296;502;1476;2157;220;611;1854;261;611;1137;119;482;1;348;1740;21;2354;3388;1068;0;6;2;20111031
AT1;AT13;AT130;91100;91105;5346;10767;10743;24;19;2348;3250;4622;528;25;627;328;9551;236;25;384;1402;8579;377;25;919;3066;5240;1288;229;25;244;1672;2337;1176;1558;1777;380;1598;25;228;975;1561;3138;1836;1932;753;319;25;10393;95;216;38;235;1915;1496;2250;694;858;1482;786;1051;5170;5597;8248;180;591;806;472;470;4625;4122;722;1298;2999;5359;719;1690;5073;649;1690;2207;309;839;5;842;4762;97;5061;7915;2832;1;19;0;20111031
AT1;AT13;AT130;91100;91106;133;321;321;0;0;41;76;173;31;0;182;0;116;23;0;4;20;257;40;0;28;55;93;120;25;0;0;72;36;55;62;49;10;37;0;11;45;17;77;67;79;15;10;0;301;9;4;7;59;56;11;0;0;1;162;0;32;166;155;264;2;12;24;14;5;121;158;15;27;84;171;10;56;172;5;56;51;15;22;0;26;150;0;145;261;60;0;0;0;20111031
AT1;AT13;AT130;91100;91107;3141;6592;6579;13;13;1242;2126;2778;433;13;1030;92;5325;132;13;348;529;5450;252;13;548;1491;3334;1093;113;13;167;1178;1299;737;1046;949;240;963;13;116;681;1007;1723;1347;1056;463;186;13;6406;76;14;83;520;253;428;3612;445;131;556;151;496;3041;3551;5097;117;379;450;308;241;2523;2776;528;765;1867;3445;311;969;2579;350;969;1922;230;542;11;471;2402;36;3672;5046;1533;0;13;0;20111031
AT1;AT13;AT130;91100;91108;356;778;778;0;0;118;240;405;15;8;0;2;750;18;8;35;36;666;33;8;44;24;424;267;11;8;0;50;145;183;122;143;44;83;8;0;7;30;302;154;192;38;47;8;770;0;0;0;4;1;1;0;8;0;725;11;28;375;403;676;7;21;42;6;26;363;305;18;92;117;442;87;132;473;27;132;61;49;36;1;85;404;10;278;628;142;8;0;0;20111031
AT1;AT13;AT130;91100;91109;924;2416;2414;2;2;295;520;1211;388;115;645;163;1399;94;115;16;121;1615;549;115;49;276;911;664;401;115;16;361;470;334;380;353;87;300;115;26;90;373;637;464;376;208;127;115;2264;26;0;11;201;50;134;65;204;361;360;154;887;1169;1247;1963;73;191;115;18;56;1024;1035;175;182;529;1273;205;409;1310;68;409;408;82;139;179;148;1038;12;1039;1881;420;113;2;0;20111031
AT1;AT13;AT130;91100;91110;10715;25208;25165;43;34;3647;6670;12872;1985;530;674;1484;22097;423;530;370;1671;21585;1052;530;687;2971;13988;6728;304;530;236;4340;5539;3688;3273;3907;831;2864;530;116;1477;3949;8075;4314;4348;1554;845;530;24563;61;6;48;187;83;90;1417;7909;1872;9134;1025;3491;12056;13152;18928;448;1532;1850;1329;1121;11300;10054;1209;2645;6389;12429;1349;5041;11881;1321;5041;4275;903;1787;23;2072;10899;175;12039;20195;4487;487;34;5;20111031
AT1;AT13;AT130;91100;91111;1843;4682;4658;24;4;730;1144;1856;948;707;479;214;3094;188;707;223;606;2940;206;707;499;858;1691;759;168;707;156;731;869;471;496;634;144;474;707;132;428;595;1106;680;671;215;148;707;3723;133;35;84;960;195;381;168;1538;32;873;293;242;2486;2196;2778;83;511;326;152;832;2113;1857;261;451;1521;2090;272;799;1835;315;799;860;143;730;17;364;1713;38;2550;2995;1001;681;4;1;20111031
AT1;AT13;AT130;91100;91112;137;437;436;1;0;42;118;102;175;123;147;20;112;35;123;3;34;190;87;123;11;18;97;121;67;123;26;40;39;20;59;50;29;51;123;6;21;22;49;84;72;34;26;123;265;29;1;19;22;41;53;38;17;33;7;126;100;271;166;254;4;33;22;7;117;223;152;26;36;130;234;42;31;169;10;31;75;15;137;27;19;128;5;258;248;67;122;0;0;20111031
AT1;AT13;AT130;91100;91113;2263;4368;4368;0;0;974;1612;1625;157;9;683;488;3017;171;9;212;350;3494;303;9;363;562;2341;871;222;9;59;484;731;524;617;907;257;780;9;44;225;353;1165;938;946;443;245;9;4238;65;15;41;156;92;165;818;479;1465;594;187;412;2117;2251;3321;125;349;265;111;197;1663;1976;259;470;797;2654;428;489;2155;147;489;1096;161;320;4;370;1896;30;2068;3209;1150;9;0;0;20111031
AT1;AT13;AT130;91200;91201;1943;3995;3988;7;6;917;1076;1622;374;117;78;613;2818;369;117;258;587;2933;100;117;580;982;1725;529;62;117;181;760;873;330;439;594;91;610;117;139;510;642;918;653;575;288;153;117;3456;83;45;294;1676;186;414;1070;285;143;59;35;127;1992;2003;2280;131;326;575;219;464;1843;1560;236;356;1094;1842;488;571;1772;236;571;715;207;494;1;291;1673;32;1998;2582;1294;110;6;3;20111031
AT1;AT13;AT130;91200;91202;8485;17185;17125;60;58;4032;4662;7107;1326;374;242;2020;13730;819;374;1334;2996;11919;562;374;3906;4697;5603;2502;103;374;788;3328;3752;1401;2228;2596;343;2375;374;814;2383;2582;4293;2479;2933;906;421;374;14171;463;747;1430;4523;6080;1535;416;1096;829;1614;854;238;8280;8905;10254;415;1567;2566;1001;1382;7647;6323;1122;2093;5532;7527;1671;2455;7505;1222;2455;3259;757;1987;10;1273;7281;134;8487;11585;5221;314;58;7;20111031
AT1;AT13;AT130;91200;91203;2496;5045;5015;30;30;1275;1268;1963;509;155;22;5;4694;169;155;489;1201;3135;65;155;1357;1818;1601;108;6;155;215;1305;1161;280;575;812;50;492;155;218;1007;941;1167;689;695;155;18;155;4545;109;223;13;125;2380;2511;0;0;0;0;29;0;2452;2593;3226;71;251;560;450;487;2251;1681;383;730;1989;2003;144;909;1772;505;909;1131;120;608;4;311;1908;49;2773;3358;1531;125;30;1;20111031
AT1;AT13;AT130;91200;91204;4128;8266;8235;31;26;2002;2280;3310;648;234;225;1803;5300;704;234;753;1361;5593;325;234;1629;1899;3254;1105;145;234;394;1551;1742;603;1091;1217;166;1268;234;373;1006;1284;1758;1503;1240;627;241;234;6954;202;68;808;2699;322;1720;1054;615;960;462;246;188;4083;4183;4875;276;821;1153;460;681;3810;3136;480;840;2303;3758;1022;1183;3718;446;1183;1522;474;923;7;650;3446;44;4119;5390;2643;203;26;4;20111031
AT1;AT13;AT130;91200;91205;4222;8132;8120;12;11;2082;2288;3333;418;12;110;1358;6170;482;12;595;1142;6089;294;12;1324;1951;3517;1170;158;12;293;1442;1593;841;971;1305;229;1446;12;305;912;1103;2068;1329;1428;642;333;12;7002;208;116;794;3067;619;944;1616;423;1154;132;107;70;3884;4248;5232;261;604;1012;461;562;3537;3137;589;869;2292;3829;1010;1001;3663;453;1001;1789;385;841;6;572;3484;42;4028;5473;2645;0;11;3;20111031
AT1;AT13;AT130;91200;91206;4393;8532;8519;13;9;2154;2384;3501;484;88;232;1437;6208;567;88;700;1134;6147;463;88;1549;1544;3587;1466;298;88;316;1508;1711;776;1002;1279;302;1550;88;320;905;1132;1874;1433;1607;660;513;88;7041;244;91;1068;5291;353;284;618;891;296;345;84;370;4143;4389;5206;471;762;1211;295;587;3898;3277;519;838;2049;3784;1600;1099;4106;423;1099;1583;475;846;4;651;3803;62;4012;5628;2810;75;9;10;20111031
AT1;AT13;AT130;91200;91207;3323;6507;6486;21;20;1620;1926;2471;470;167;191;646;5242;261;167;286;875;4978;201;167;1024;2248;2267;694;107;167;130;1072;1297;559;952;994;162;1174;167;187;834;965;1640;872;1209;411;222;167;5935;102;240;63;263;2152;2544;759;298;174;156;12;149;2967;3540;4797;155;380;500;319;356;2662;2409;626;810;1711;3126;736;934;2535;373;934;1841;217;607;2;378;2482;40;3605;4391;1947;146;20;3;20111031
AT1;AT13;AT130;91200;91208;2233;4278;4273;5;4;1086;1298;1666;224;15;377;231;3415;240;15;399;675;3032;157;15;878;942;1961;433;49;15;166;796;914;363;564;705;98;657;15;106;525;712;1035;807;665;302;111;15;3504;125;83;551;1264;570;219;1006;220;131;716;78;74;2075;2203;2760;86;347;628;246;211;1831;1691;277;479;1217;2112;385;564;1984;247;564;920;157;406;2;389;1800;29;2058;2922;1341;10;4;1;20111031
AT1;AT13;AT130;91200;91209;3076;7961;7938;23;21;1093;1550;3780;1517;23;445;31;7309;153;23;356;789;6078;715;23;1015;447;4406;1751;319;23;194;2537;1874;845;549;1159;193;587;23;140;1138;1965;2185;1233;803;291;183;23;7801;26;104;7;0;82;1322;961;3567;1837;95;59;38;3873;4088;5327;83;296;693;661;901;3750;3036;411;764;2718;3013;301;1929;2755;662;1929;1411;343;861;6;470;2837;78;4570;6522;1417;0;21;1;20111031
AT1;AT13;AT130;91200;91210;4434;9449;9425;24;12;1912;2572;4278;675;334;697;937;7213;268;334;302;1105;6926;782;334;895;1736;4137;1998;349;334;236;1256;1847;1149;1441;1381;298;1507;334;325;631;1144;2557;1715;1623;759;361;334;8800;156;41;118;601;790;1130;1637;169;501;407;1928;2286;4491;4958;6775;223;517;805;516;613;4162;3621;714;952;2041;4677;1248;1483;4291;366;1483;2001;579;729;3;671;3916;53;4806;6566;2560;310;12;1;20111031
AT1;AT13;AT130;91200;91211;4542;9153;9137;16;9;2107;2708;3660;669;365;652;1812;5837;487;365;341;769;6838;840;365;611;1319;4132;2185;541;365;168;947;1483;1044;1251;1506;571;1818;365;116;515;959;2048;1797;1736;961;656;365;8412;173;50;153;1513;1748;1185;948;825;1315;1103;334;182;4143;5010;7438;320;489;420;137;349;3674;3647;861;971;1643;4708;1578;1224;4090;306;1224;2433;411;689;4;484;3846;50;4769;6297;2495;349;9;3;20111031
AT1;AT13;AT130;91300;91301;246;464;459;5;1;122;142;193;6;5;2;31;382;44;5;17;22;324;96;5;25;50;149;140;95;5;0;38;76;37;61;99;32;116;5;0;17;18;103;82;110;58;71;5;434;11;2;12;296;107;4;33;0;0;10;0;14;213;251;359;34;21;34;1;15;166;183;61;54;76;217;122;49;198;13;49;138;19;47;1;11;199;0;253;315;146;0;1;2;20111031
AT1;AT13;AT130;91300;91302;2943;6015;6004;11;2;1338;1642;2698;335;50;810;1622;2976;557;50;192;309;3517;1947;50;289;573;1396;1604;2103;50;85;532;837;501;944;975;462;1629;50;40;216;442;945;1084;1295;872;1071;50;5800;96;21;48;2599;622;733;852;505;330;140;141;93;2717;3298;4584;527;323;175;49;357;2509;2521;493;492;688;2370;2069;888;2666;117;888;1349;348;647;5;197;2549;32;3232;4346;1617;39;2;11;20111031
AT1;AT13;AT130;91300;91303;4573;8770;8762;8;8;2278;2682;3189;613;315;316;2059;5498;582;315;333;764;6555;803;315;667;1296;3559;2366;567;315;107;787;1356;933;1227;1651;471;1923;315;80;422;721;1881;1737;1926;963;725;315;8156;159;42;98;1676;469;2001;1288;951;1438;404;203;340;3968;4802;6720;530;541;381;82;516;4011;3235;644;880;1278;4143;2262;1087;4140;323;1087;2011;452;757;7;399;3997;54;4313;5798;2653;307;8;4;20111031
AT1;AT13;AT130;91300;91304;4831;9995;9979;16;8;2239;2772;4169;807;421;1666;2749;4451;708;421;301;705;6670;1898;421;574;1299;3148;2641;1912;421;119;874;1514;1222;1333;1573;664;2275;421;60;453;809;2023;1766;2206;1172;1085;421;9317;148;31;78;1949;891;2033;1485;1337;1303;521;221;255;4480;5515;8011;538;585;285;71;505;4136;4105;913;841;1302;4328;2946;1419;4181;235;1419;2709;546;905;11;343;4003;53;5585;6919;2655;405;8;8;20111031
AT1;AT13;AT130;91300;91305;2032;4226;4221;5;3;863;1266;1894;200;110;1331;897;1649;239;110;142;309;2578;1087;110;261;741;1102;1002;1010;110;67;297;655;447;649;719;307;975;110;37;200;363;847;732;971;495;471;110;4002;78;20;16;310;596;1152;803;562;246;197;187;173;1923;2303;3387;218;249;154;14;204;1723;1766;397;340;597;1836;1179;614;1743;116;614;1156;222;375;0;157;1681;20;2368;3103;1012;105;3;3;20111031
AT1;AT13;AT130;91300;91306;1295;2500;2490;10;1;619;756;1015;109;10;491;759;1059;181;10;65;234;1622;569;10;157;318;862;672;481;10;42;184;386;245;361;477;153;642;10;18;97;139;561;479;575;348;273;10;2424;50;0;16;377;252;180;364;498;297;290;159;83;1131;1369;1964;164;137;90;7;138;1047;1023;191;239;311;1109;753;327;1184;53;327;594;129;213;1;105;1115;14;1265;1769;730;0;1;0;20111031
AT1;AT13;AT130;91300;91307;1601;3148;3143;5;5;745;988;1202;208;42;520;246;2193;147;42;137;232;2262;475;42;196;607;1412;542;349;42;57;343;544;271;458;569;160;704;42;39;275;284;738;559;631;346;234;42;3014;74;11;7;327;249;972;1214;87;35;57;40;167;1400;1748;2439;113;191;187;61;157;1301;1204;309;334;653;1491;561;443;1223;120;443;928;147;287;6;143;1173;18;1808;2210;894;37;5;2;20111031
AT1;AT13;AT130;91300;91308;3252;6306;6289;17;8;1569;1966;2384;379;190;1011;1201;3577;327;190;234;565;4418;899;190;436;1027;2449;1356;848;190;69;579;974;645;902;1224;357;1366;190;51;281;515;1279;1290;1486;695;519;190;5944;59;36;77;841;483;1118;882;1435;445;599;216;287;2823;3483;5114;259;367;209;56;301;2453;2550;584;719;1009;3158;1375;764;2682;210;764;1884;249;517;1;266;2597;23;3419;4315;1805;173;8;5;20111031
AT1;AT13;AT130;91300;91309;2189;4797;4790;7;7;1030;1340;1645;775;622;155;149;3647;224;622;320;459;3065;331;622;645;1055;1798;529;148;622;60;521;923;394;558;805;210;704;622;101;366;614;1048;899;740;272;135;622;3957;121;87;10;47;2448;992;495;103;259;38;6;409;2158;2639;3940;103;252;194;67;241;1845;1670;639;643;1154;2674;478;491;1800;198;491;1703;183;422;3;174;1795;25;2800;2944;1231;615;7;0;20111031
AT1;AT13;AT130;91300;91310;32;80;76;4;0;9;20;51;0;4;1;0;13;62;4;0;3;56;17;4;0;6;29;28;13;4;0;0;10;19;13;22;4;8;4;0;0;7;22;25;14;3;5;4;74;2;0;0;56;0;23;0;0;0;0;1;0;48;32;66;2;1;7;4;0;39;33;0;8;17;47;8;8;58;1;8;1;7;5;0;9;50;0;21;65;15;0;0;0;20111031
AT1;AT13;AT130;91300;91311;1909;4325;4310;15;1;643;1270;2189;222;15;3287;224;500;299;15;76;60;2317;1857;15;71;190;732;1521;1796;15;57;194;468;532;856;644;437;1122;15;34;66;177;666;808;1222;678;659;15;4169;90;24;27;21;1251;485;622;628;439;419;282;178;2070;2255;3758;193;157;43;7;167;1581;2127;360;257;468;2006;1257;594;1767;76;594;1287;287;314;1;173;1648;20;2483;3540;779;0;1;5;20111031
AT1;AT13;AT130;91400;91401;3524;6618;6608;10;8;1706;2120;2581;203;10;223;1573;4429;383;10;423;755;4742;688;10;986;1213;3028;1161;220;10;107;951;1093;614;1042;1159;274;1368;10;112;588;754;1595;1313;1311;637;298;10;5684;161;72;691;2968;328;486;480;744;569;360;567;116;3209;3409;4622;255;447;770;171;353;2984;2623;366;645;1435;3204;1193;786;3196;274;786;1434;369;559;5;433;2982;40;3158;4493;2110;0;8;7;20111031
AT1;AT13;AT130;91400;91402;4209;8283;8266;17;13;2091;2214;3442;523;111;191;621;6999;361;111;895;1444;5445;388;111;2253;2054;2735;969;161;111;412;1735;1816;564;1043;1194;207;1201;111;411;1239;1254;1919;1347;1285;500;217;111;6121;348;253;1450;5111;1606;246;82;113;446;241;421;17;4092;4191;4629;287;790;1463;535;579;3850;3127;395;911;2632;3403;981;1267;3768;546;1267;1335;370;997;8;703;3532;60;3980;5540;2634;94;13;2;20111031
AT1;AT13;AT130;91400;91403;4476;8610;8603;7;5;2198;2514;3468;425;63;406;1649;5846;646;63;548;983;6123;893;63;1232;1428;3017;2120;750;63;252;1050;1689;801;1232;1380;413;1730;63;247;541;934;2025;1602;1642;820;736;63;7726;287;260;274;3354;2196;595;790;882;205;435;59;94;4021;4589;6235;481;563;682;167;482;4033;3106;554;917;1597;3822;1961;1230;3937;415;1230;1823;405;800;4;438;3840;61;4267;5838;2708;56;5;3;20111031
AT1;AT13;AT130;91400;91404;9787;18920;18889;31;29;4706;5738;7571;876;304;190;2453;15248;725;304;1561;2663;13838;554;304;3469;4334;8086;2571;156;304;663;2820;3978;1909;2380;3334;524;3008;304;679;1921;2315;5022;3190;3529;1287;673;304;16312;523;282;1499;5185;2307;2224;1819;1926;2821;1636;633;369;8933;9987;13114;458;1396;2226;663;1063;8140;7206;1311;2263;4849;9430;2200;2441;8790;1035;2441;4244;787;1623;16;1282;8354;141;9127;12861;5752;273;29;5;20111031
AT1;AT13;AT130;91400;91405;2067;4112;4104;8;5;891;1318;1764;134;8;985;96;2793;230;8;214;413;3025;452;8;621;650;1729;789;315;8;90;465;754;490;558;758;270;719;8;78;327;463;1055;863;745;313;260;8;3820;91;110;83;253;2393;148;204;241;222;178;151;322;1964;2148;3417;105;178;203;102;107;1589;1763;281;479;813;2182;558;559;1842;140;559;1086;203;282;3;217;1734;25;2133;3079;1024;0;5;4;20111031
AT1;AT13;AT130;91400;91406;5971;11837;11828;9;6;2875;3542;4498;916;531;327;2021;8444;514;531;771;1375;8530;630;531;1635;2402;4836;2105;328;531;352;1505;2111;1290;1566;2033;404;2045;531;321;906;1282;2846;2204;2246;962;539;531;10216;271;87;732;2687;517;995;1968;1562;2109;1417;129;453;5464;6373;8777;370;819;977;284;610;4822;4556;1076;1383;2631;6027;1738;1441;5284;516;1441;3131;507;958;8;694;5024;63;6048;7878;3425;522;6;6;20111031
AT1;AT13;AT130;91400;91407;1486;2927;2922;5;5;710;818;1215;179;5;3;4;2809;106;5;197;624;2000;101;5;440;1578;811;74;19;5;101;671;666;229;375;440;39;401;5;124;487;539;853;278;547;85;9;5;2712;160;41;9;0;0;2927;0;0;0;0;0;0;1366;1561;2177;43;118;335;116;138;1342;968;228;389;865;1423;129;510;1128;231;510;693;85;280;0;173;1150;30;1574;2062;860;0;5;0;20111031
AT1;AT13;AT130;91400;91408;1899;3849;3842;7;6;834;1184;1632;193;7;851;373;2443;175;7;146;240;2806;650;7;218;709;1507;923;485;7;92;378;646;437;620;619;248;802;7;92;254;357;940;697;837;407;258;7;3709;110;4;19;238;264;1136;980;507;260;110;173;181;1783;2066;3202;118;158;176;43;152;1525;1620;329;375;693;1938;662;556;1641;132;556;1088;160;272;7;162;1583;18;2079;2828;1015;0;6;0;20111031
AT1;AT13;AT130;91400;91409;11;279;278;1;1;6;2;18;252;258;6;0;11;4;258;0;2;14;5;258;0;5;10;6;0;258;0;0;7;3;0;5;0;6;258;0;0;7;3;3;2;4;2;258;21;0;0;0;9;0;3;0;0;0;170;0;97;170;109;234;9;13;15;1;7;156;22;49;52;154;122;3;0;25;83;0;93;2;76;0;10;88;10;171;15;6;257;1;0;20111031
AT1;AT13;AT130;91400;91410;3732;7235;7224;11;3;1727;2250;2995;260;57;912;1354;4505;407;57;399;691;5341;747;57;622;1091;2765;2155;545;57;172;690;1169;953;1004;1289;472;1429;57;102;350;648;1686;1466;1635;732;559;57;6838;182;64;94;1345;565;731;1333;1541;797;399;169;355;3403;3832;5903;284;324;304;86;334;3024;2933;529;749;1125;3608;1593;909;3284;214;909;1864;441;523;3;341;3115;36;3740;5148;2039;44;3;1;20111031
AT1;AT13;AT130;91400;91411;2803;6448;6440;8;1;909;1906;3194;438;121;4697;440;713;477;121;236;190;3704;2197;121;295;250;1316;2411;2055;121;178;477;750;743;1108;997;593;1481;121;130;217;316;1049;1122;1632;1032;829;121;5888;278;85;76;52;1486;975;860;819;679;741;359;477;3043;3405;5628;251;283;59;16;211;2314;3121;557;456;785;3268;1499;896;2735;123;896;1908;363;423;2;277;2557;20;3592;5199;1142;105;1;1;20111031
AT1;AT13;AT130;91400;91412;2561;5753;5727;26;3;952;1666;2681;451;168;1875;1299;2097;314;168;90;266;3719;1510;168;175;462;1503;2265;1180;168;102;398;836;676;1063;812;503;1195;168;65;185;309;1318;1111;1297;686;614;168;5327;157;33;68;1012;313;285;719;828;1206;822;287;281;2815;2938;4924;211;226;161;44;187;2342;2594;303;514;872;2847;1190;844;2634;175;844;1325;308;467;14;289;2473;33;2944;4466;1140;142;3;2;20111031
AT1;AT13;AT130;91500;91501;5530;10365;10343;22;19;2858;2914;4059;515;22;102;1094;8622;525;22;860;1935;6909;639;22;2312;2689;4218;991;133;22;382;1879;2262;741;1347;1784;239;1709;22;348;1367;1562;2499;1815;1728;733;291;22;9108;341;283;611;3541;2594;1474;638;913;194;390;621;0;5026;5339;6542;345;810;1406;571;691;4804;3720;683;1158;2900;4633;1446;1386;4711;645;1386;2118;492;1013;7;707;4556;69;5026;6689;3653;0;19;4;20111031
AT1;AT13;AT130;91500;91502;4699;9354;9343;11;9;2257;2598;3828;662;112;255;826;7533;628;112;983;1855;5976;428;112;2590;2269;2960;1187;236;112;616;2049;1909;659;1123;1336;171;1379;112;581;1530;1273;2002;1482;1515;521;338;112;6589;300;131;2222;7715;380;6;149;249;258;413;43;141;4825;4529;4825;367;931;1783;603;845;4570;3494;404;886;2763;3910;1382;1299;4596;608;1299;1257;492;1102;8;773;4327;68;4178;6044;3196;101;9;4;20111031
AT1;AT13;AT130;91500;91503;5370;11400;11380;20;16;2494;2796;4948;1146;308;236;993;9112;751;308;776;1832;7968;516;308;2039;2390;4859;1484;320;308;545;2558;2388;944;1226;1562;222;1647;308;486;1689;1911;2485;1689;1658;732;442;308;8616;369;118;1989;7457;617;264;340;979;592;494;281;376;5679;5721;5810;484;1152;2199;730;1025;5782;4100;501;1017;3417;4609;1633;1741;5193;702;1741;1545;718;1501;11;911;4868;73;5537;7496;3590;288;16;10;20111031
AT1;AT13;AT130;91500;91504;3672;7347;7332;15;10;1778;1912;3094;553;28;124;768;6009;418;28;647;1292;5088;292;28;1688;1649;2863;945;174;28;391;1603;1511;591;879;1082;173;1089;28;346;1093;1196;1636;1175;1125;484;264;28;5618;326;101;1274;4501;597;133;370;821;321;245;0;359;3767;3580;3849;242;694;1240;488;834;3500;2776;334;737;2328;3144;826;1049;3166;478;1049;1204;480;970;3;587;2980;56;3721;4760;2550;13;10;14;20111031
AT1;AT13;AT130;91500;91505;4973;10630;10610;20;18;2261;2846;4309;1196;418;190;1277;8082;663;418;683;1385;7655;489;418;1602;2210;4341;1848;211;418;365;2120;2178;884;1321;1486;312;1546;418;344;1294;1669;2444;1697;1653;743;368;418;8638;279;87;1208;4556;347;583;1364;2074;1210;134;142;220;5078;5552;6501;379;866;1473;583;828;4760;4072;789;1009;3087;4712;1325;1506;4491;661;1506;2272;560;1140;4;713;4359;55;5499;7136;3075;398;18;3;20111031
AT1;AT13;AT130;91500;91506;7046;13860;13839;21;19;3441;3692;5935;773;36;266;1463;11273;822;36;1659;2417;9233;515;36;3604;3544;5278;1152;246;36;868;2986;3022;1077;1600;2015;267;1989;36;863;2123;2287;3090;2171;2154;780;356;36;10082;610;182;2950;8795;743;1185;506;1147;677;515;140;152;6930;6930;7572;407;1333;2705;886;957;6395;5280;757;1428;4347;5811;1666;2036;6353;890;2036;2275;648;1658;14;1206;5898;96;6646;9179;4639;15;19;8;20111031
AT1;AT13;AT130;91500;91507;4324;8330;8312;18;16;2208;2492;2929;685;365;165;289;7185;326;365;556;1426;5742;241;365;1718;2484;2749;904;110;365;294;1290;1630;610;1187;1353;189;1412;365;307;878;1171;2022;1457;1396;514;220;365;6909;187;234;635;2231;2930;835;838;552;399;471;27;47;3887;4443;5696;213;555;1016;443;407;3424;2992;846;1068;2417;4124;783;1006;3448;502;1006;2259;347;768;5;559;3319;54;4393;5226;2740;347;16;1;20111031
AT1;AT13;AT130;91600;91601;6787;13398;13349;49;45;3381;3520;5480;972;128;328;2563;9372;1007;128;1266;2363;9162;479;128;2946;3255;5241;1579;249;128;892;2835;2651;952;1540;1923;307;2170;128;821;2010;1890;2896;1997;2199;919;538;128;10521;449;138;2162;7814;512;1205;1455;1252;712;297;66;85;6623;6775;7483;525;1062;2221;1081;1026;6431;4990;718;1259;4016;5501;2080;1801;6031;821;1801;2340;732;1673;9;884;5839;94;6572;8792;4479;76;45;6;20111031
AT1;AT13;AT130;91600;91602;3883;8074;8067;7;7;1818;2106;3377;766;67;241;697;6551;518;67;1159;1369;5035;444;67;2371;1898;2573;917;248;67;710;2005;1746;516;845;941;152;1092;67;714;1434;1308;1691;1140;1043;449;228;67;5266;381;123;2237;6335;195;200;249;208;358;260;147;122;4085;3989;3888;265;902;1648;700;671;3859;3054;359;802;2756;3090;1010;1218;3543;538;1218;1166;493;1116;9;690;3325;44;4006;5382;2618;60;7;7;20111031
AT1;AT13;AT130;91600;91603;6240;12161;12143;18;17;3044;3562;4682;856;26;81;725;10492;837;26;1017;2104;8675;339;26;2278;3960;4734;930;233;26;511;2441;2668;1048;1651;1887;235;1694;26;514;1730;1823;3128;2065;1906;722;247;26;10886;284;262;703;2322;2643;3730;1074;1009;297;862;107;117;5887;6274;8137;238;707;1540;862;677;5295;4542;882;1442;3668;5757;988;1748;5147;742;1748;2804;537;1183;6;729;5052;80;6294;8291;3841;8;17;4;20111031
AT1;AT13;AT130;91600;91604;4089;8026;8011;15;9;1972;2268;3346;431;15;142;1310;6130;429;15;670;1058;5951;332;15;1366;1678;3633;1161;173;15;270;1536;1784;653;1001;1263;226;1278;15;266;880;1153;2062;1366;1375;613;296;15;6962;168;62;819;3017;69;432;1041;882;1414;521;331;319;3844;4182;5296;242;583;1019;420;466;3638;3078;516;794;2085;3661;1082;1198;3770;376;1198;1546;369;767;6;615;3472;42;3891;5508;2507;0;9;2;20111031
AT1;AT13;AT130;91600;91605;7693;15265;15252;13;12;3759;4184;6263;1047;404;399;2178;11216;1068;404;1688;2111;10522;540;404;3393;3530;5810;1838;290;404;824;2750;3135;1337;1868;2316;309;2322;404;784;1890;2148;3525;2529;2493;975;517;404;11660;424;212;2565;7628;1234;840;792;1777;998;582;1143;271;7408;7857;9496;441;1314;2537;639;838;6916;5906;889;1554;4080;6931;2121;2133;7342;763;2133;2773;705;1549;13;1264;6719;88;7181;10113;4738;390;12;12;20111031
AT1;AT13;AT130;91600;91606;5137;10245;10228;17;16;2497;2762;4223;747;74;183;1216;8273;499;74;731;1787;7084;569;74;2129;1896;4083;1856;207;74;389;1904;2220;875;1240;1846;267;1430;74;339;1047;1750;2417;2065;1581;616;356;74;9057;161;234;719;2366;2955;313;1881;129;1628;443;287;243;4910;5335;7067;248;560;1173;627;570;4489;3837;722;1197;2918;4629;1147;1551;4351;586;1551;2276;445;1036;3;673;4177;70;5322;7085;3084;57;16;3;20111031
AT1;AT13;AT130;91600;91607;5155;9871;9856;15;11;2495;3054;3855;456;73;124;813;8570;291;73;735;1455;7230;378;73;1743;2266;4014;1671;104;73;299;1634;1966;967;1306;1786;304;1536;73;334;1055;1228;2537;1738;1838;650;418;73;8427;240;158;973;3298;776;1932;591;1448;431;419;291;685;4761;5110;6836;252;604;1150;511;518;4299;3799;642;1131;2594;4569;1314;1394;4534;463;1394;2136;415;929;5;652;4273;57;4884;6789;3012;58;11;1;20111031
AT1;AT13;AT130;91600;91608;1722;3430;3421;9;4;791;1162;1161;312;228;982;86;2015;119;228;231;335;2372;264;228;534;754;1269;446;199;228;94;362;457;356;501;671;121;640;228;69;250;333;795;612;731;277;135;228;3123;26;40;13;46;834;573;928;464;141;112;77;255;1511;1919;2959;76;134;124;69;68;1236;1395;434;365;741;1983;365;341;1435;117;341;1223;131;183;3;186;1343;16;1882;2292;915;219;4;0;20111031
AT1;AT13;AT130;91600;91609;2581;5102;5087;15;2;1135;1674;2116;175;71;1382;910;2399;340;71;149;269;3708;905;71;263;615;1755;1448;950;71;60;353;626;612;830;1016;369;1165;71;5;163;313;1028;1101;1261;660;500;71;4938;66;8;19;477;464;739;1215;393;493;677;324;320;2377;2725;4511;188;181;85;11;126;1964;2336;396;406;454;2533;1434;681;2319;70;681;1461;231;340;5;209;2147;26;2715;3727;1317;54;2;2;20111031
AT1;AT13;AT130;91600;91610;4968;10122;10104;18;17;2344;2576;4481;704;18;243;726;8556;579;18;1685;1785;6276;358;18;3610;2508;3059;754;173;18;856;2592;2317;706;1025;1238;190;1180;18;868;2030;1828;2158;1369;1231;429;191;18;6302;399;158;3245;8018;1145;283;0;371;173;109;23;0;5188;4934;4825;297;912;2322;1045;721;4662;3851;520;1089;3758;3751;1022;1591;4440;691;1591;1545;432;1423;6;891;4151;63;5011;6841;3251;0;17;13;20111031
AT1;AT13;AT130;91700;91701;5248;10142;10126;16;7;2560;2938;4108;529;41;431;1373;7695;602;41;1046;1591;6778;686;41;2459;2098;3815;1441;288;41;515;1784;2075;809;1349;1496;299;1774;41;583;1260;1359;2326;1751;1677;677;468;41;7611;380;107;2003;6378;323;545;369;1070;891;219;256;91;4939;5203;6112;361;980;1571;437;681;4748;3914;503;977;2658;4412;1706;1366;4976;504;1366;1674;549;1073;9;798;4606;51;4678;6727;3381;25;7;2;20111031
AT1;AT13;AT130;91700;91702;6808;13605;13567;38;33;3270;3706;5649;947;229;363;2063;10142;808;229;1094;2214;9334;734;229;2454;3159;5639;1741;383;229;636;2513;2946;1000;1659;2158;336;2128;229;557;1689;1974;3143;2235;2288;964;526;229;11137;483;187;1569;6695;789;1297;1017;1463;1447;430;343;124;6645;6960;8070;532;1157;2160;636;1050;6491;4971;768;1375;3708;6004;2031;1862;6186;729;1862;2412;764;1652;14;967;5827;85;6712;8954;4420;191;33;7;20111031
AT1;AT13;AT130;91700;91703;8447;16861;16825;36;28;4077;4670;6864;1222;421;340;2113;13157;830;421;1370;2401;11716;953;421;3241;3858;6789;2254;298;421;656;2979;3340;1543;2049;2643;493;2737;421;652;2039;2377;4064;2800;2768;1185;555;421;13549;498;309;2084;7464;2469;1152;1558;1321;1281;443;933;240;8312;8549;10842;560;1277;2518;683;981;7771;6218;987;1885;4674;7395;2451;2341;7598;977;2341;3295;912;1738;11;1270;7169;99;8312;11269;5177;385;28;2;20111031
AT1;AT13;AT130;91700;91704;1642;3648;3627;21;0;674;1090;1452;432;289;1130;371;1617;241;289;209;281;2198;671;289;286;388;1135;952;598;289;101;346;575;362;533;546;213;683;289;58;194;272;707;679;755;390;304;289;3252;52;27;28;282;389;444;449;247;904;350;251;332;1587;2061;3031;168;153;133;21;142;1369;1572;377;330;592;1715;849;492;1521;95;492;1074;171;295;0;143;1454;15;2036;2572;805;268;0;3;20111031
AT1;AT13;AT130;91700;91705;2820;5880;5867;13;4;1183;1676;2706;311;18;1508;1245;2792;317;18;242;417;3976;1227;18;461;925;1908;1524;1044;18;123;677;939;612;997;970;336;1208;18;133;361;483;1380;1040;1301;630;534;18;5617;152;44;49;683;695;1377;1083;650;384;463;322;223;2735;3145;4802;225;272;247;76;258;2446;2508;422;504;866;2506;1548;960;2527;183;960;1431;263;516;4;241;2440;24;3171;4443;1423;5;4;5;20111031
AT1;AT13;AT130;91700;91706;1135;2385;2383;2;0;482;678;1109;116;58;782;620;765;160;58;171;203;1472;481;58;234;338;572;707;476;58;81;170;452;274;325;418;159;448;58;44;131;165;467;461;599;261;199;58;2199;100;12;16;283;202;515;258;424;236;255;97;115;1114;1271;1874;119;135;68;15;174;1041;972;137;235;294;1082;673;336;990;67;336;571;151;270;9;70;964;11;1331;1733;587;56;0;9;20111031
AT1;AT13;AT130;91800;91801;971;1949;1944;5;1;448;568;797;135;30;301;704;719;195;30;23;85;1259;552;30;43;125;462;620;669;30;15;134;239;222;272;313;159;565;30;0;46;101;309;330;440;297;396;30;1861;17;6;35;808;94;400;304;137;122;47;37;0;840;1109;1440;220;93;29;8;159;873;780;158;138;180;674;810;285;826;35;285;425;141;237;1;34;816;8;1090;1374;544;25;1;5;20111031
AT1;AT13;AT130;91800;91802;6922;13472;13462;10;9;3400;3852;5486;725;366;416;1700;10140;850;366;601;1418;9439;1648;366;1530;1992;4617;3688;1279;366;235;1522;2190;1376;1945;2221;705;2912;366;319;765;1179;2909;2467;2873;1417;1177;366;11199;558;305;1044;9696;1138;467;673;645;420;115;143;175;6184;7288;9550;921;857;929;314;901;6771;4702;867;1132;2173;5655;3874;1770;6382;437;1770;2545;1050;1288;10;563;6169;67;6663;8792;4301;356;9;14;20111031
AT1;AT13;AT130;91800;91803;7669;14467;14395;72;71;3962;4094;5590;750;232;436;2182;10563;1054;232;1142;2181;10000;912;232;2657;3591;5262;2089;636;232;535;2293;2847;1151;1980;2280;407;2742;232;487;1589;1709;3342;2526;2686;1198;698;232;11499;580;262;1894;8664;1461;1089;725;980;775;147;533;93;6861;7606;9229;784;1230;1782;427;1015;7390;4934;755;1388;3212;6211;3189;1855;6945;765;1855;2368;931;1603;14;855;6737;83;6778;9113;5115;160;71;8;20111031
AT1;AT13;AT130;91800;91804;4820;8890;8883;7;1;2516;2536;3540;297;17;704;1468;6109;592;17;444;1118;6174;1137;17;1183;1645;2936;2138;971;17;159;983;1516;867;1241;1572;468;2067;17;153;534;851;1938;1743;1947;931;776;17;8178;227;164;304;3970;1299;1490;684;605;274;265;239;64;4110;4780;6831;511;522;398;89;539;4133;3212;636;909;1343;3787;2542;1218;3991;309;1218;2048;480;844;7;348;3901;38;4596;5901;2970;10;1;8;20111031
AT1;AT13;AT130;91800;91805;3950;8849;8837;12;0;1646;2260;4116;827;479;1732;2171;3872;595;479;170;430;5613;2157;479;356;726;2440;2620;2228;479;91;813;1197;1041;1268;1357;623;1980;479;52;309;569;1745;1601;1841;1106;1147;479;8168;121;40;41;1538;890;1127;1397;1301;1107;653;375;461;3918;4931;6837;680;465;191;43;633;3640;3714;855;640;1028;3455;2951;1415;3583;130;1415;2230;545;946;9;244;3425;30;5141;6429;1936;467;0;17;20111031
AT1;AT13;AT130;91900;91901;2859;5691;5681;10;6;1325;1674;2375;311;103;1050;1247;2815;476;103;212;494;3745;1137;103;382;1072;1511;1448;1175;103;61;498;979;546;965;929;343;1267;103;49;229;502;1231;1009;1314;645;609;103;5362;127;13;86;1258;185;1214;809;1065;458;262;186;254;2627;3064;4259;384;354;192;70;432;2323;2340;475;553;865;2515;1548;763;2401;165;763;1445;291;626;21;226;2285;29;3130;4012;1581;87;6;5;20111031
AT1;AT13;AT130;91900;91902;4946;9510;9489;21;19;2412;3150;3187;742;325;78;920;7671;516;325;601;1263;6996;325;325;1316;2976;3854;931;108;325;235;1495;1779;724;1426;1534;280;1712;325;241;1019;1192;2393;1542;1778;696;324;325;8488;217;199;281;1168;2807;2258;810;1363;779;304;0;21;4359;5151;6802;271;578;745;298;816;3947;3524;918;1121;2362;4859;1162;1127;3720;512;1127;2744;428;979;7;465;3693;60;5285;6212;2972;304;19;3;20111031
AT1;AT13;AT130;91900;91903;183;265;264;1;1;127;76;61;0;1;7;58;179;20;1;95;43;121;5;1;105;28;101;27;3;1;16;25;99;15;24;33;4;48;1;8;26;15;78;39;48;27;23;1;264;0;0;0;0;0;1;0;0;0;264;0;0;132;133;176;11;22;11;24;21;148;70;8;39;27;132;89;17;159;12;17;31;25;21;0;16;155;0;94;114;150;0;1;0;20111031
AT1;AT13;AT130;91900;91904;6905;13219;13187;32;20;3556;3766;4921;956;427;401;2371;9095;925;427;716;1592;9153;1331;427;1575;2286;4855;2877;1199;427;271;1763;2056;1278;1827;2264;541;2792;427;207;968;1334;2653;2514;2731;1311;1074;427;11844;377;165;406;4611;1759;2771;1499;829;819;621;199;111;6049;7170;9346;671;905;709;288;1300;6239;4569;1009;1402;2472;5970;3137;1640;5710;562;1640;2980;901;1426;17;545;5635;66;6956;8416;4385;395;20;3;20111031
AT1;AT13;AT130;91900;91905;3464;6952;6945;7;3;1677;1928;2787;557;207;603;1454;4235;453;207;390;631;4464;1260;207;650;1442;2043;1376;1234;207;127;796;1266;649;925;1087;397;1498;207;92;478;705;1504;1145;1439;691;691;207;6582;125;20;18;868;592;2771;861;648;224;297;240;451;3129;3823;5043;539;419;279;72;600;3030;2602;629;691;1143;2878;1881;1050;2734;225;1050;1699;353;891;9;222;2689;33;3999;4675;2060;200;3;14;20111031
AT1;AT13;AT130;91900;91906;2294;4834;4824;10;3;1014;1280;2199;338;75;1236;1136;1965;422;75;101;198;2976;1484;75;169;334;1287;1370;1599;75;51;330;622;555;762;790;369;1280;75;14;127;276;872;809;1105;654;902;75;4641;56;21;41;768;549;697;1569;460;269;217;128;177;2299;2535;3720;351;244;90;24;405;2010;2031;392;401;526;1992;1571;745;1988;79;745;1152;268;602;18;124;1903;21;2768;3521;1240;60;3;10;20111031
AT1;AT13;AT130;91900;91907;1351;2844;2838;6;3;567;802;1291;181;14;641;798;1133;258;14;94;120;1882;734;14;133;258;792;804;843;14;29;219;464;378;469;437;191;643;14;15;79;195;549;582;681;316;413;14;2752;46;10;22;681;135;161;814;322;193;313;64;161;1299;1545;2227;190;172;51;15;189;1188;1241;189;226;323;1176;898;447;1226;40;447;638;168;325;11;85;1158;12;1578;2143;677;8;3;13;20111031
AT1;AT13;AT130;91900;91908;6590;12406;12391;15;14;3376;3630;4720;666;250;366;2162;8772;856;250;683;1563;8978;932;250;1434;2420;5344;2411;547;250;180;1344;2383;1377;1715;2271;515;2371;250;161;733;1325;3261;2361;2499;1121;695;250;11594;214;130;218;1905;1173;1853;2910;1031;2153;916;295;170;5624;6782;9493;523;789;564;203;834;5244;4606;1178;1378;2186;6254;2490;1476;5200;488;1476;3405;648;1189;9;497;5079;89;6732;8163;3980;235;14;14;20111031
AT1;AT13;AT130;91900;91909;1767;4159;4158;1;0;821;958;1613;767;555;405;1090;1782;327;555;177;198;2154;1075;555;245;315;824;888;1332;555;46;315;567;471;524;535;278;868;555;38;150;250;609;694;801;438;624;555;3517;43;3;41;1821;350;701;603;349;71;69;113;82;2007;2152;2538;354;308;201;128;630;2187;1434;263;275;487;1733;1387;552;1605;81;552;697;623;601;5;116;1541;23;2474;2581;1022;554;0;2;20111031
AT1;AT13;AT130;91900;91910;3888;8427;8397;30;7;1607;2440;3697;676;328;1576;1593;4377;553;328;185;485;5747;1682;328;299;1188;2789;2091;1732;328;100;792;1276;908;1386;1382;531;1724;328;89;316;703;1926;1487;1802;907;869;328;7981;76;16;26;453;970;611;2531;1202;944;711;567;438;3796;4631;6649;488;436;177;59;618;3185;3683;850;709;1128;3858;2201;1240;3244;189;1240;2423;424;907;10;275;3099;47;4996;6152;1961;295;7;12;20111031
AT1;AT13;AT130;92000;92001;3959;8161;8145;16;16;1791;2102;3765;487;16;20;233;7670;222;16;509;1669;5802;165;16;1479;2522;2735;1399;10;16;306;1776;2080;739;992;1249;120;883;16;261;1107;1499;2225;1234;1301;320;198;16;7649;104;190;202;471;2536;2289;483;0;0;1281;464;637;3893;4268;5384;119;503;924;598;633;3659;3042;537;923;2537;3461;736;1427;3485;560;1427;1564;268;857;6;528;3418;74;4135;5906;2237;0;16;2;20111031
AT1;AT13;AT130;92000;92002;7440;15002;14967;35;30;3622;3932;6214;1204;282;201;1651;12148;720;282;1636;2951;9689;444;282;4000;3543;5452;1590;135;282;998;3400;2991;1088;1687;2333;277;1946;282;1057;2251;2190;3250;2621;2149;864;338;282;11666;457;324;2273;5615;2648;1506;1259;1226;232;1232;163;1121;7610;7392;8620;345;1160;2123;1223;1531;6749;5738;840;1675;4837;6273;1574;2318;6644;983;2318;2675;556;1826;23;1177;6262;125;7415;10082;4637;247;30;6;20111031
AT1;AT13;AT130;92000;92003;6397;13449;13432;17;16;2928;3604;5510;1391;438;241;2352;9588;830;438;1057;2133;9349;472;438;2697;3141;5067;1857;249;438;719;2929;2694;997;1523;1827;379;1943;438;781;1909;1918;3010;1916;2158;815;504;438;10316;517;178;2000;7684;405;1122;859;1245;1433;325;20;356;6571;6878;8071;507;960;1889;1000;1022;6133;5141;862;1313;4028;5675;1851;1895;5949;740;1895;2561;727;1577;6;975;5595;90;6783;9135;3873;421;16;4;20111031
AT1;AT13;AT130;92000;92004;3972;9114;9103;11;10;1752;2252;3649;1451;894;29;1110;6872;209;894;422;1081;6538;179;894;851;1814;3958;1558;39;894;195;1705;1852;825;1063;1290;224;1066;894;214;924;1235;2085;1749;1175;624;214;894;7824;78;8;310;764;169;1164;2173;2336;514;1381;380;233;4396;4718;5779;226;682;842;538;1047;4461;3244;527;882;2212;4399;1102;1401;3685;465;1401;1720;862;981;5;464;3590;80;4975;6019;2200;883;10;2;20111031
AT1;AT13;AT130;92000;92005;5376;10993;10975;18;18;2522;2930;4680;843;115;211;1202;8755;710;115;1163;1801;7598;316;115;2682;2732;4373;940;151;115;901;2298;2290;754;1378;1447;228;1582;115;890;1631;1670;2503;1673;1464;703;344;115;8026;567;217;2068;7274;346;597;1537;389;54;671;98;27;5521;5472;5958;380;1074;1630;878;1073;5161;4171;606;1055;3263;4572;1518;1640;4879;700;1640;1840;502;1432;23;886;4548;89;5447;7381;3490;97;18;7;20111031
AT1;AT13;AT130;92000;92006;4195;8374;8357;17;17;1944;2564;3177;672;64;27;1079;6742;462;64;612;1205;6319;174;64;1294;2634;3758;607;17;64;406;1572;1813;605;1218;1163;242;1291;64;429;1074;1418;2055;1364;1211;574;185;64;7491;219;84;516;1190;485;1638;4026;184;323;262;170;96;4045;4329;5396;173;550;828;708;719;3459;3288;725;902;2686;3794;703;1191;3126;545;1191;2209;306;997;4;562;3007;78;4723;5806;2501;47;17;3;20111031
AT1;AT13;AT130;92000;92007;6243;12857;12834;23;23;2779;3712;5278;1065;161;68;1196;11007;425;161;645;1922;9926;203;161;1561;4041;5544;1509;41;161;465;2671;2627;1167;1799;1869;284;1814;161;514;1682;2055;3237;2078;2015;830;285;161;11587;218;359;532;1680;2684;1176;2439;1515;543;1221;88;1511;6116;6741;8467;223;843;1342;931;1051;5392;5049;950;1466;3936;5802;1159;1960;5385;760;1960;2903;485;1364;7;818;5193;99;6740;9141;3552;138;23;3;20111031
AT1;AT13;AT130;92000;92008;2760;5406;5398;8;8;1275;1706;2095;322;8;58;1258;3796;286;8;413;823;3996;166;8;1050;1062;2621;598;67;8;251;1023;1075;429;564;1081;125;850;8;232;656;762;1208;913;1039;354;234;8;4666;121;27;584;2276;134;0;1117;1136;439;0;50;254;2661;2745;3197;137;491;816;380;385;2275;2275;303;553;1461;2712;568;665;2320;276;665;1296;239;610;5;399;2143;39;2820;3709;1687;0;8;2;20111031
AT1;AT13;AT130;92100;92101;540;1337;1324;13;0;163;340;729;105;13;891;99;255;79;13;37;51;874;362;13;38;59;291;558;378;13;28;121;239;212;201;206;110;207;13;0;44;106;300;276;304;165;129;13;1259;31;8;26;325;94;149;94;70;92;302;107;104;641;696;1217;25;42;39;2;12;528;618;87;104;259;673;208;197;642;23;197;311;86;78;25;91;542;7;672;1124;211;0;0;2;20111031
AT1;AT13;AT130;92100;92102;3105;7075;7069;6;1;1093;1828;3730;423;70;1245;648;4896;216;70;172;470;5209;1154;70;229;595;2956;2658;567;70;47;760;1461;1175;1091;1191;272;1008;70;17;263;574;2254;1494;1422;615;366;70;6841;60;14;90;509;271;207;171;195;103;4394;548;677;3430;3645;5774;144;411;320;54;372;3229;2815;265;766;1330;3728;827;1190;3857;214;1190;908;440;466;11;606;3398;48;3012;5695;1313;63;1;3;20111031
AT1;AT13;AT130;92100;92103;2258;5434;5421;13;5;569;1588;3062;210;15;455;32;4831;101;15;57;181;4197;984;15;66;189;2001;2807;356;15;24;575;928;985;867;1060;287;693;15;10;89;443;1496;1238;1393;451;299;15;5392;19;7;1;1;51;108;91;63;3077;1861;64;118;2605;2829;4580;112;263;149;63;267;2285;2384;171;594;1047;3046;525;816;2920;182;816;816;320;380;5;426;2632;37;2334;4712;715;2;5;0;20111031
AT1;AT13;AT130;92100;92104;1767;3905;3902;3;3;569;1296;1817;220;3;1847;112;1796;147;3;119;150;2736;897;3;142;323;1429;1482;526;3;62;342;570;510;675;686;357;700;3;47;192;279;930;863;939;382;270;3;3812;75;10;5;9;388;212;1445;454;315;454;369;259;1868;2037;3332;63;180;129;33;168;1353;1929;296;327;832;2265;332;476;1615;134;476;1241;167;272;1;248;1483;15;2158;3199;703;0;3;0;20111031
AT1;AT13;AT130;92100;92105;7605;18250;18200;50;46;2538;5118;8157;2391;417;1291;616;15585;341;417;356;728;15239;1510;417;518;1394;10461;4970;490;417;212;3595;3260;2276;2294;2819;1021;2356;417;116;1557;3177;4595;3502;2891;1222;773;417;17742;81;4;6;7;140;155;6495;8545;1710;358;491;349;8514;9736;13966;235;843;995;846;1365;7166;7571;1492;2021;5670;8659;694;3227;6458;1002;3227;5237;656;1670;8;1163;6130;115;10834;14590;3254;358;46;2;20111031
AT1;AT13;AT130;92100;92106;382;840;835;5;0;144;238;417;41;10;395;126;244;65;10;48;60;537;185;10;100;67;246;282;135;10;32;82;121;96;131;154;68;146;10;24;54;75;179;174;174;95;55;10;752;32;6;40;234;40;64;103;178;7;70;111;33;408;432;643;13;46;95;8;35;296;426;73;45;199;442;96;103;382;33;103;230;34;58;1;77;333;3;426;668;172;0;0;0;20111031
AT1;AT13;AT130;92100;92107;1638;3452;3448;4;1;729;1034;1345;343;226;522;543;2020;141;226;161;387;2447;231;226;303;527;1492;727;177;226;41;463;624;358;504;610;110;516;226;29;211;356;838;608;711;319;154;226;3043;64;14;105;468;101;269;535;545;125;374;569;466;1837;1615;2625;63;234;245;70;215;1543;1303;166;440;792;1894;361;405;1701;235;405;630;127;354;11;271;1627;26;1517;2303;922;222;1;4;20111031
AT1;AT13;AT130;92100;92108;1205;2567;2563;4;4;420;930;1040;173;4;483;88;1934;58;4;136;216;2109;102;4;217;493;1182;630;41;4;71;386;548;276;454;377;133;318;4;61;188;310;805;495;481;148;75;4;2530;8;6;19;76;10;14;71;1104;274;673;46;299;1202;1365;2120;43;93;115;56;140;992;1107;167;301;665;1401;127;374;1112;112;374;680;93;196;6;159;1037;21;1344;2041;522;0;4;0;20111031
AT1;AT13;AT130;92100;92109;3197;6839;6820;19;9;1171;2210;3106;343;30;1314;314;4893;288;30;318;500;4980;1011;30;297;1055;1861;2855;741;30;88;988;1198;974;913;1230;289;1129;30;23;416;578;1594;1502;1540;683;473;30;6660;73;24;52;115;641;249;1804;605;3160;140;70;55;3274;3565;5515;148;479;242;112;343;2637;2831;509;862;1604;3731;557;947;2921;331;947;1791;262;587;12;443;2743;42;3599;5328;1491;11;9;0;20111031
AT1;AT13;AT130;92100;92110;2878;4979;4960;19;19;1666;1452;1623;219;19;316;90;4358;196;19;919;1205;2687;149;19;1885;895;1721;412;47;19;254;922;1278;296;480;1009;140;581;19;224;563;855;1028;1298;616;278;98;19;4384;71;364;141;213;656;2872;269;603;55;68;96;147;2608;2371;3840;79;254;364;120;322;2221;1561;356;841;1570;2510;243;656;2079;425;656;1155;115;549;3;408;2050;35;2483;3002;1957;0;19;1;20111031
AT1;AT13;AT130;92100;92111;2046;4824;4808;16;7;812;1092;2343;570;338;351;528;3485;122;338;97;377;3646;366;338;195;481;2496;1093;221;338;45;664;957;700;616;713;157;634;338;22;280;606;1360;836;813;360;209;338;4364;15;6;101;304;56;313;178;205;426;2553;424;365;2249;2575;3668;112;339;275;76;354;2179;1738;381;526;1167;2399;462;796;2400;214;796;829;259;326;4;359;2215;30;2216;3480;1013;322;7;2;20111031
AT1;AT13;AT130;92100;92112;2856;7319;7302;17;17;808;1658;4126;710;52;921;133;6040;173;52;122;300;6382;463;52;251;515;4597;1681;223;52;74;1556;1678;1202;699;1099;240;719;52;79;730;1632;2039;1253;946;398;190;52;7191;13;35;28;224;447;60;757;4067;87;407;548;722;3523;3796;5428;82;334;392;475;608;3429;2931;334;625;2190;3075;403;1651;3045;439;1651;1130;285;769;3;585;2835;44;3852;6175;1069;35;17;23;20111031
AT1;AT13;AT130;92100;92113;2071;4615;4612;3;0;720;1298;2451;146;44;1162;424;2830;155;44;44;291;3738;498;44;68;342;1620;1958;583;44;16;406;1025;740;819;677;219;669;44;8;55;270;1289;1071;1063;467;348;44;4503;48;8;12;313;132;86;209;383;152;561;387;2392;2200;2415;3949;161;201;116;35;153;2169;1845;169;432;647;2330;760;878;2449;118;878;675;212;283;6;345;2180;33;2051;3720;859;32;0;4;20111031
AT1;AT13;AT130;92100;92114;2663;4937;4916;21;21;1340;1626;1668;282;22;310;118;4282;205;22;284;569;3850;212;22;566;1663;2263;288;135;22;105;679;986;389;824;793;183;956;22;113;485;670;1411;791;967;363;115;22;4563;330;6;16;70;98;1600;1436;1530;123;37;18;25;2351;2586;4099;71;217;220;108;222;2014;1749;539;635;1491;2566;225;655;1732;320;655;1619;106;505;3;298;1710;30;2896;3327;1589;0;21;0;20111031
AT1;AT13;AT130;92100;92115;2098;4229;4221;8;5;882;1368;1799;175;8;329;264;3523;105;8;126;246;3458;391;8;171;700;2222;1001;127;8;27;452;736;577;718;777;157;777;8;30;253;489;1203;833;784;440;189;8;4167;23;8;23;107;78;123;1952;70;92;332;638;837;1884;2345;3473;80;244;174;71;187;1684;1746;311;488;797;2316;474;642;1922;144;642;1090;155;276;2;235;1805;23;2164;3156;1064;0;5;4;20111031
AT1;AT13;AT130;92100;92116;1533;3332;3312;20;5;505;1190;1500;132;20;1861;326;935;190;20;54;84;2397;777;20;64;136;1107;1269;736;20;29;210;403;470;514;690;327;669;20;35;80;120;677;664;993;356;387;20;3176;96;14;26;88;443;283;298;527;950;395;221;127;1593;1739;2982;80;160;50;5;55;1096;1672;274;290;495;2071;401;365;1521;63;365;1001;183;199;0;219;1347;17;1749;2689;636;0;5;2;20111031
AT1;AT13;AT130;92100;92117;3437;6438;6406;32;30;1716;2072;2269;351;32;232;139;5822;213;32;541;1069;4687;109;32;1304;2518;2275;261;48;32;270;1134;1475;481;886;989;104;1067;32;246;933;1007;1723;983;1020;394;100;32;5927;125;278;76;156;2124;2052;1686;85;106;151;48;30;3025;3413;4828;91;328;466;313;412;2661;2248;558;971;2162;3088;246;942;2477;513;942;1643;162;701;3;399;2524;49;3463;4338;2069;0;30;1;20111031
AT1;AT13;AT130;92100;92118;3540;6944;6929;15;15;1636;2146;2805;342;56;228;1011;5292;357;56;509;986;5036;357;56;1238;1539;2960;915;236;56;191;1091;1501;719;845;1214;244;1083;56;196;757;952;1729;1405;1048;537;264;56;6130;140;92;526;1840;583;1097;1483;403;803;212;90;433;3424;3520;5036;179;507;575;246;401;2926;2766;399;853;1702;3552;715;975;3088;359;975;1598;278;646;10;560;2837;33;3504;4875;2006;41;15;7;20111031
AT1;AT13;AT130;92100;92119;1434;3173;3159;14;5;600;910;1246;412;176;265;166;2433;133;176;114;243;2514;126;176;203;285;1665;763;81;176;57;507;593;392;374;493;110;471;176;32;179;381;835;564;597;250;159;176;2845;19;24;109;337;162;45;387;105;1549;22;76;490;1551;1622;2426;44;190;257;60;196;1293;1356;164;360;803;1707;198;465;1486;128;465;702;149;243;2;244;1345;21;1561;2278;727;162;5;1;20111031
AT1;AT13;AT130;92100;92120;828;1626;1625;1;1;394;448;747;36;5;29;153;1395;44;5;88;282;1221;30;5;221;300;911;168;21;5;45;304;362;177;198;263;24;248;5;27;137;300;402;290;269;147;49;5;1511;9;5;96;599;12;17;129;0;1;404;154;310;781;845;1055;27;134;225;63;122;754;585;73;214;410;807;148;261;884;77;261;221;55;128;3;166;782;8;667;1153;468;4;1;0;20111031
AT1;AT13;AT130;92100;92121;3442;6258;6248;10;9;1861;1816;2213;359;10;68;701;5032;447;10;561;1324;4202;161;10;1693;1575;2490;437;53;10;267;1200;1316;421;798;1126;119;1001;10;304;779;1007;1340;1300;933;419;166;10;5337;148;215;548;1689;1978;909;1027;281;46;225;5;98;3149;3109;4191;114;529;900;189;335;2622;2325;448;863;1945;3101;452;760;2698;392;760;1529;180;699;4;498;2546;35;3175;3967;2282;0;9;0;20111031
AT1;AT13;AT130;92100;92122;4257;8251;8219;32;26;1951;2796;3032;446;102;307;1452;5897;493;102;425;790;6608;326;102;777;1442;3887;1793;250;102;188;1132;1430;912;1035;1640;318;1494;102;160;571;904;1934;1619;1752;721;488;102;7687;97;45;320;1260;232;1350;1455;1575;1755;91;363;170;3927;4324;5841;213;642;536;324;695;3363;3344;661;883;1942;4406;902;1001;3498;355;1001;2143;485;769;4;551;3248;41;4407;5701;2452;70;26;2;20111031
AT1;AT13;AT130;92100;92123;5276;10230;10205;25;23;2568;3210;3718;711;306;267;2871;6110;676;306;599;1243;7678;404;306;1203;2212;5013;1275;221;306;271;1580;1785;973;1364;1759;268;1924;306;258;898;1219;2449;1841;1906;894;459;306;9103;185;58;578;1847;219;1351;2248;2240;669;653;316;687;4871;5359;7144;292;811;899;234;850;4224;4073;759;1174;2511;5206;1140;1373;4361;486;1373;2591;392;1027;19;725;4022;66;5398;6792;3146;262;23;7;20111031
AT1;AT13;AT130;92100;92124;1717;3627;3610;17;3;677;1182;1544;221;125;511;470;2403;118;125;103;240;2928;231;125;151;407;1802;958;184;125;26;376;680;476;635;635;109;565;125;7;156;332;921;805;735;329;217;125;3436;17;11;38;131;124;99;66;734;1058;296;232;887;1662;1965;2828;100;278;151;71;199;1469;1515;277;366;717;1995;406;509;1794;117;509;789;137;281;0;296;1586;28;1717;2717;800;107;3;0;20111031
AT1;AT13;AT130;92100;92125;1992;4552;4546;6;2;689;1192;2384;285;35;563;649;3207;98;35;67;360;3697;393;35;119;358;2122;1646;272;35;27;539;987;845;728;735;144;512;35;4;185;490;1386;964;945;326;217;35;4415;61;26;15;55;365;116;50;23;40;2379;505;1019;2128;2424;3515;115;321;182;74;345;2256;1680;130;486;820;2227;643;862;2488;162;862;452;237;351;13;343;2262;26;1908;3661;857;29;2;3;20111031
AT1;AT13;AT130;92100;92126;3515;6964;6941;23;17;1641;2120;2789;397;241;123;555;5864;181;241;279;739;5122;583;241;759;1748;2982;1140;94;241;130;720;1237;777;1071;1244;228;1316;241;121;459;768;2030;1253;1412;458;222;241;6386;76;229;32;294;1920;200;679;509;814;1187;1069;292;3204;3760;5377;177;416;384;183;427;3194;2435;391;944;1493;3633;864;974;3315;336;974;1419;336;584;3;431;3161;51;3318;4824;1904;218;17;1;20111031
AT1;AT13;AT130;92100;92127;645;1478;1472;6;0;224;430;711;113;16;1124;89;163;86;16;21;38;978;425;16;31;78;329;563;461;16;26;118;213;133;301;256;114;301;16;6;80;85;229;320;368;166;208;16;1381;51;10;20;29;212;237;174;164;148;163;181;170;738;740;1172;76;82;32;6;110;522;708;132;116;274;780;236;188;617;31;188;408;80;154;1;98;542;6;831;1161;306;9;0;2;20111031
AT1;AT13;AT130;92100;92128;138;286;286;0;0;65;80;99;42;0;15;2;266;3;0;30;89;154;13;0;115;73;78;20;0;0;32;83;52;13;38;26;0;42;0;38;57;47;56;32;37;16;3;0;219;10;2;55;132;130;0;0;0;23;0;0;1;157;129;142;9;15;80;23;17;131;108;13;34;108;113;13;52;132;17;52;39;9;37;0;33;115;1;137;198;88;0;0;0;20111031
AT1;AT13;AT130;92100;92129;82;188;188;0;0;18;68;102;0;0;168;2;15;3;0;59;13;103;13;0;68;6;97;12;5;0;20;68;30;12;27;16;6;9;0;8;18;40;59;30;26;1;6;0;166;0;12;10;0;1;12;10;5;0;0;80;80;96;92;181;1;2;0;0;4;58;110;4;16;34;119;10;25;116;3;25;32;5;7;0;18;101;0;69;168;20;0;0;0;20111031
AT1;AT13;AT130;92100;92130;5;13;7;6;0;5;2;6;0;6;5;0;0;2;6;0;0;6;1;6;0;0;5;2;0;6;0;0;0;3;0;0;0;4;6;0;0;0;3;0;0;2;2;6;7;0;0;0;6;0;0;3;1;0;0;0;3;9;4;5;0;5;0;0;3;4;7;1;1;4;7;1;1;8;2;1;1;0;1;0;6;4;0;3;5;8;0;0;0;20111031
AT1;AT13;AT130;92200;92201;850;2015;2012;3;3;246;560;1090;116;3;1136;257;529;90;3;23;68;1445;476;3;23;205;355;1061;368;3;25;197;264;287;387;358;171;323;3;28;111;96;433;393;566;226;159;3;1914;80;4;14;89;217;84;130;101;239;543;283;329;1025;990;1642;47;121;39;38;128;780;1000;90;145;335;1089;267;324;1048;55;324;355;94;139;6;159;923;14;913;1705;307;0;3;0;20111031
AT1;AT13;AT130;92200;92202;1613;4479;4468;11;3;332;882;2867;395;103;2677;143;1494;62;103;14;94;3067;1201;103;59;218;1370;2133;596;103;31;559;809;730;889;621;243;494;103;10;183;415;1327;1082;908;249;202;103;4281;89;4;2;101;62;109;55;108;302;585;730;2427;2228;2251;3607;89;203;180;52;348;2117;1919;134;309;697;2275;476;1031;2433;100;1031;418;218;279;19;348;2125;39;1948;3926;462;87;3;1;20111031
AT1;AT13;AT130;92200;92203;598;1380;1375;5;0;175;466;678;61;35;1130;62;79;74;35;44;61;921;319;35;48;115;316;585;281;35;34;112;147;200;218;238;133;263;35;14;69;80;233;288;330;159;172;35;1271;64;7;3;10;79;131;152;195;193;288;232;100;672;708;1138;27;75;67;9;64;467;700;91;122;254;846;95;185;622;36;185;385;55;97;17;86;545;10;722;1140;212;28;0;0;20111031
AT1;AT13;AT130;92200;92204;1676;3916;3907;9;1;511;1112;2088;204;32;2242;76;1453;113;32;85;175;2830;794;32;110;172;1446;1577;579;32;57;402;584;583;681;646;315;616;32;29;122;251;1025;858;910;382;307;32;3770;98;6;10;7;163;151;230;326;447;1581;528;483;1954;1962;3356;79;205;100;43;133;1561;1816;194;345;664;2338;283;631;2025;88;631;782;173;217;29;343;1714;23;1807;3229;663;23;1;0;20111031
AT1;AT13;AT130;92200;92205;2188;5058;5057;1;1;663;1426;2738;230;1;1922;555;2453;127;1;73;254;3939;791;1;164;236;1999;2236;422;1;24;441;869;962;917;840;321;683;1;36;88;354;1504;1263;1101;430;281;1;4991;62;2;2;12;275;28;91;175;245;3178;523;531;2493;2565;4314;108;276;90;35;235;2003;2398;171;486;748;2952;578;780;2756;109;780;827;272;314;15;404;2399;43;2197;4268;787;0;1;2;20111031
AT1;AT13;AT130;92200;92206;4607;11321;11293;28;28;1336;2934;6004;1019;38;1862;125;9081;215;38;184;409;9455;1235;38;268;530;6031;4036;418;38;118;1873;2058;1830;1614;1785;750;1255;38;52;629;1679;3353;2147;2165;670;588;38;11169;100;8;6;44;503;769;201;5175;2580;720;951;378;5394;5927;9082;166;490;471;332;780;4835;4764;578;1144;2882;5650;605;2184;4926;594;2184;2267;438;912;6;822;4589;85;5819;9533;1747;10;28;3;20111031
AT1;AT13;AT130;92200;92207;2006;4693;4682;11;2;591;1368;2497;235;21;1745;470;2274;183;21;45;127;3366;1134;21;42;260;1617;2120;633;21;80;318;729;789;778;798;337;843;21;30;183;273;1155;1033;1055;606;337;21;4511;142;6;13;13;330;172;319;583;281;2028;278;689;2245;2448;3887;112;263;142;18;271;1925;2100;227;441;796;2692;514;691;2337;122;691;916;292;335;5;357;2053;43;2235;3911;769;10;2;1;20111031
AT1;AT13;AT130;92200;92208;6614;15753;15723;30;16;2186;4056;8212;1283;30;1016;957;13402;348;30;358;949;13450;966;30;501;1380;9382;4132;328;30;250;3080;3484;2211;1865;2547;541;1745;30;125;1053;2636;5131;2275;2970;841;692;30;15613;52;9;49;151;159;255;790;8019;3419;479;278;2203;7577;8176;11121;238;1033;1131;498;1732;6851;6599;644;1659;4177;7461;1111;3004;7249;744;3004;2525;697;1534;10;1118;6719;127;7779;12917;2817;0;16;3;20111031
AT1;AT13;AT130;92200;92209;6066;13434;13409;25;25;2312;3802;6322;973;171;1030;836;11026;371;171;290;921;11185;867;171;461;1746;8259;2347;450;171;105;2289;2730;1802;1628;2265;508;1936;171;46;988;2138;3861;2278;2287;1191;474;171;13127;56;13;67;226;124;387;3554;4421;1930;1736;326;730;6317;7117;10037;303;713;763;447;1171;5782;5386;752;1514;3175;6687;1162;2410;5773;596;2410;2847;547;1261;9;930;5309;89;7097;10445;2816;145;25;3;20111031
AT1;AT13;AT130;92200;92210;3127;6494;6478;16;5;1405;1716;2974;394;173;497;337;5122;365;173;146;504;4504;1167;173;314;850;3236;1595;326;173;73;644;1131;777;915;1226;203;1352;173;30;276;675;1709;1348;1366;597;320;173;6293;24;1;3;24;99;493;488;767;233;1309;2083;998;3048;3446;4720;205;414;267;126;762;3050;2506;351;587;1164;3281;963;1086;3109;242;1086;1077;396;584;6;422;2868;51;3147;4685;1647;157;5;0;20111031
AT1;AT13;AT130;92200;92211;5862;10818;10795;23;18;2883;3614;3963;340;57;337;1467;8471;486;57;655;1467;8080;559;57;1675;2727;4830;1298;231;57;263;1335;2067;1044;1480;2114;363;2095;57;277;801;1314;2733;2116;2250;869;401;57;10044;144;169;404;1242;2097;1308;1335;1447;723;1815;540;311;5155;5663;8010;256;808;652;203;889;4377;4258;798;1385;2392;5750;1364;1312;4617;483;1312;2840;441;1125;5;652;4359;73;5729;7324;3442;34;18;0;20111031
AT1;AT13;AT130;92200;92212;1360;3325;3312;13;1;437;842;1654;391;13;853;96;2255;108;13;74;141;2667;430;13;117;202;1312;1407;274;13;30;669;632;431;406;550;164;430;13;19;179;586;877;507;711;195;238;13;3181;60;7;64;310;214;114;98;1622;85;562;100;220;1601;1724;2367;79;166;184;159;370;1350;1500;186;289;805;1607;319;594;1419;130;594;685;176;321;0;214;1315;17;1779;2774;548;0;1;2;20111031
AT1;AT13;AT130;92200;92213;3333;6507;6486;21;21;1516;2116;2572;282;21;43;791;5424;228;21;204;706;5376;200;21;680;1190;3612;958;46;21;94;908;1351;670;1037;1182;150;1094;21;95;436;916;1736;1352;1169;559;223;21;6226;31;94;135;469;726;72;2763;1074;377;248;72;706;3048;3459;4995;127;363;362;155;505;2715;2459;460;873;1483;3487;573;964;2767;332;964;1664;215;565;4;415;2627;46;3415;4651;1830;0;21;5;20111031
AT1;AT13;AT130;92200;92214;2374;5020;5009;11;10;847;1740;2201;222;24;154;131;4649;62;24;55;280;4267;394;24;105;812;2867;1062;150;24;47;494;828;728;725;941;397;836;24;51;314;597;1358;1129;880;481;186;24;4849;104;43;0;11;2445;682;700;52;305;12;32;781;2366;2654;4422;105;197;109;49;138;2009;2027;419;565;961;2924;433;702;2351;192;702;1234;203;338;6;348;2151;30;2485;3947;1053;10;10;0;20111031
AT1;AT13;AT130;92200;92215;4177;8519;8507;12;7;1728;2864;3478;442;12;502;120;7614;271;12;325;509;7265;408;12;534;1262;5649;778;284;12;144;1428;1550;905;1128;1658;207;1487;12;128;589;1204;2177;1780;1355;1033;241;12;8288;77;50;92;213;560;480;5490;619;310;603;44;200;3914;4605;6601;168;466;447;352;485;3271;3444;774;1030;2138;4485;574;1322;3196;394;1322;2573;305;729;4;503;3014;58;4940;6368;2140;0;7;4;20111031
AT1;AT13;AT130;92200;92216;544;1156;1154;2;2;189;468;404;93;43;103;9;955;46;43;1;48;1021;43;43;11;297;658;120;27;43;5;158;158;126;213;256;12;185;43;6;83;145;336;204;221;80;38;43;1072;35;0;6;22;22;53;544;277;10;61;78;89;562;594;938;22;52;75;26;43;370;570;87;129;320;645;43;148;489;39;148;369;28;83;3;118;404;3;628;876;237;41;2;0;20111031
AT1;AT13;AT130;92200;92217;793;1746;1733;13;2;258;586;838;62;13;1218;114;349;52;13;121;124;1267;221;13;168;138;557;685;185;13;58;224;367;207;236;271;110;260;13;51;117;72;410;415;390;134;144;13;1607;96;17;13;17;295;289;113;90;69;110;147;616;852;894;1515;39;72;35;15;70;657;827;103;159;216;947;297;286;855;44;286;390;63;108;1;125;762;11;847;1437;307;0;2;0;20111031
AT1;AT13;AT130;92200;92218;2787;5602;5593;9;8;1178;1800;2411;205;17;99;239;5156;91;17;191;506;4726;162;17;280;1178;2908;1175;44;17;72;750;1136;707;852;997;226;845;17;55;318;741;1609;1017;1171;456;218;17;5527;46;4;8;11;22;131;2068;34;1242;607;359;1128;2633;2969;4605;106;282;220;93;296;2565;2049;314;674;1168;2956;606;872;2894;201;872;1014;206;415;2;407;2640;45;2508;4183;1403;8;8;0;20111031
AT1;AT13;AT130;92200;92219;2837;5507;5488;19;4;1327;1678;2197;301;19;186;801;4172;329;19;318;717;4233;220;19;685;1367;2574;706;156;19;106;902;1125;595;796;906;161;897;19;137;540;721;1436;1067;948;437;202;19;4929;96;37;426;1320;439;487;1844;285;266;222;17;627;2713;2794;3960;118;361;564;168;336;2400;2031;343;733;1546;2743;406;812;2503;262;812;1193;186;551;3;444;2274;37;2749;3861;1642;0;4;0;20111031
AT1;AT13;AT130;92200;92220;1193;2944;2937;7;4;377;774;1395;394;25;179;104;2550;86;25;78;102;2218;521;25;97;146;1647;886;143;25;77;536;608;352;391;379;156;420;25;60;226;599;653;576;402;262;141;25;2882;8;12;17;210;67;27;1861;22;439;47;127;144;1456;1488;2165;86;154;152;109;278;1260;1240;173;271;756;1421;231;536;1205;145;536;591;135;332;8;187;1136;12;1601;2396;526;18;4;0;20111031
AT1;AT13;AT130;92200;92221;896;1936;1930;6;0;349;562;936;89;6;936;103;797;94;6;28;204;1304;394;6;23;99;668;767;373;6;10;221;384;236;338;338;103;300;6;0;35;87;498;411;477;231;191;6;1885;33;11;1;3;164;163;222;121;106;106;70;981;909;1027;1571;56;116;73;18;102;917;766;102;151;313;1027;257;339;951;49;339;356;93;148;3;134;848;14;937;1506;429;0;0;1;20111031
AT1;AT13;AT130;92200;92222;2491;6227;6216;11;5;842;1422;3217;741;489;113;13;5473;139;489;249;364;4693;432;489;232;404;2928;2041;133;489;122;753;1225;1083;751;936;271;597;489;53;222;734;1853;1338;974;383;181;489;5681;52;5;0;24;699;708;19;66;14;4080;191;426;2804;3423;4879;118;598;188;40;404;2721;2240;528;738;1340;3385;495;1007;3098;198;1007;1136;354;434;6;413;2837;34;2937;4692;1044;478;5;8;20111031
AT1;AT13;AT130;92200;92223;1938;4460;4436;24;6;684;1138;2299;333;28;1021;417;2822;172;28;100;348;3295;689;28;218;443;1611;1744;416;28;46;585;830;700;743;675;233;620;28;67;228;381;1316;934;898;367;241;28;4299;51;16;66;410;154;400;156;85;516;1754;516;469;2181;2279;3513;109;221;190;36;391;2069;1814;176;401;825;2285;540;810;2200;173;810;596;250;431;12;315;2000;41;2092;3570;877;4;6;3;20111031
AT1;AT13;AT130;92200;92224;2543;5768;5765;3;3;878;1560;3021;306;53;909;433;4291;82;53;47;427;4672;569;53;59;319;2471;2599;267;53;41;631;1063;1069;798;984;318;811;53;17;157;453;1741;1218;1276;526;327;53;5634;53;16;12;10;352;88;62;409;687;2987;54;1119;2795;2973;4749;127;403;156;26;307;2627;2302;204;635;961;3075;724;1008;2983;169;1008;908;294;406;16;412;2679;44;2617;4671;1043;50;3;1;20111031
AT1;AT13;AT130;92200;92225;791;1894;1894;0;0;203;558;1090;43;0;1117;64;641;72;0;11;45;1349;489;0;27;167;476;822;402;0;9;187;290;263;359;320;135;331;0;5;83;153;412;398;493;208;142;0;1835;50;5;4;11;178;99;121;243;167;381;179;515;904;990;1654;48;87;39;3;63;709;935;115;135;269;1008;278;339;865;33;339;456;75;126;1;99;788;10;996;1631;263;0;0;0;20111031
AT1;AT13;AT130;92200;92226;1563;3789;3781;8;1;425;1074;2094;195;10;2704;268;583;224;10;81;109;2526;1063;10;108;162;749;2013;747;10;93;272;508;598;719;574;352;663;10;50;125;214;740;982;875;475;318;10;3531;209;7;32;10;230;474;315;300;279;1175;454;552;1876;1913;3228;130;174;83;5;169;1449;1785;257;298;707;2016;509;557;1726;73;557;885;237;311;20;281;1477;18;1993;3187;597;0;1;4;20111031
AT1;AT13;AT130;92200;92227;2560;6341;6323;18;4;654;1612;3826;245;20;2939;357;2835;190;20;152;216;4586;1367;20;174;302;1437;3428;980;20;111;496;978;1206;1229;1005;522;774;20;59;167;355;1670;1555;1614;538;363;20;6207;109;2;3;63;238;242;331;467;765;2331;1029;875;3095;3246;5385;175;286;149;30;316;2658;2865;250;568;1055;3362;768;1156;3191;133;1156;1055;363;443;10;466;2802;44;3019;5487;847;2;4;1;20111031
AT1;AT13;AT130;92200;92228;1539;3599;3583;16;1;509;912;1942;235;33;1328;443;1690;105;33;59;230;2660;617;33;116;268;1153;1523;506;33;60;320;616;578;698;543;271;480;33;39;91;273;931;888;801;324;219;33;3518;37;5;6;63;236;230;168;164;260;923;598;957;1754;1845;2964;89;175;130;37;204;1608;1494;142;355;587;1854;418;740;1865;81;740;500;149;264;11;287;1620;26;1655;2946;633;17;1;2;20111031
AT1;AT13;AT130;92200;92229;1430;3413;3405;8;1;398;1024;1765;225;8;2225;156;860;164;8;38;75;2289;1003;8;33;84;817;1638;833;8;50;268;429;492;622;538;375;631;8;25;101;181;670;769;876;489;294;8;3278;92;19;16;48;325;211;360;399;464;1018;348;240;1636;1777;2732;75;176;136;61;233;1211;1728;191;283;662;1918;337;496;1637;72;496;769;162;277;7;260;1425;17;1704;2862;548;0;1;2;20111031
AT1;AT13;AT130;92200;92230;7;15;13;2;0;3;6;6;0;2;5;0;7;1;2;0;0;10;3;2;0;4;1;6;2;2;0;0;3;0;0;3;4;3;2;0;0;3;0;3;3;2;2;2;13;0;0;0;2;0;1;0;0;0;0;9;3;10;5;11;0;0;2;0;2;7;7;0;1;4;8;1;2;11;0;2;0;0;2;8;0;3;0;4;9;6;0;0;0;20111031
AT1;AT13;AT130;92200;92231;38;84;84;0;0;13;30;35;6;0;58;11;4;11;0;6;3;75;0;0;9;12;48;13;2;0;0;27;8;14;12;13;0;10;0;0;8;10;35;7;13;6;5;0;84;0;0;0;1;15;2;11;14;16;3;5;17;42;42;72;4;3;4;0;1;23;48;6;7;20;51;0;13;37;3;13;24;1;6;0;2;38;0;44;70;14;0;0;0;20111031
AT1;AT13;AT130;92200;92232;2053;4206;4202;4;2;936;1030;1996;242;4;52;1376;2707;67;4;125;478;3440;159;4;101;499;2536;1012;54;4;70;559;866;780;584;640;96;607;4;25;158;397;1419;759;838;380;226;4;4189;7;4;2;8;120;2;342;8;6;3500;203;17;2078;2128;2522;117;419;339;59;750;2033;1684;99;390;610;1817;1078;701;2313;146;701;319;201;526;3;258;2166;30;1749;3018;1183;0;2;3;20111031
AT1;AT13;AT130;92300;92301;1135;2403;2393;10;2;460;666;1192;83;13;360;584;1303;143;13;93;210;1883;204;13;179;421;1052;604;134;13;46;291;525;377;309;406;77;359;13;41;150;257;746;443;427;211;115;13;2297;52;2;39;347;50;327;522;74;404;143;183;353;1169;1234;1806;66;187;183;31;130;1037;970;136;260;504;1278;264;357;1204;105;357;434;102;201;5;188;1101;14;1095;1809;588;3;2;1;20111031
AT1;AT13;AT130;92300;92302;2116;4604;4567;37;3;835;1310;2133;323;45;814;902;2551;292;45;164;454;3520;421;45;320;547;2160;1181;351;45;112;720;830;670;579;758;212;678;45;92;320;507;1225;944;779;434;258;45;4282;81;14;182;477;281;762;380;602;590;513;459;540;2266;2338;3409;92;312;480;82;229;1951;1962;235;456;1001;2384;472;747;2316;187;747;854;172;328;1;405;2057;37;2104;3559;1031;8;3;3;20111031
AT1;AT13;AT130;92300;92303;1710;3503;3497;6;4;673;1234;1387;205;31;1886;112;1234;240;31;115;255;2346;756;31;190;509;919;1213;641;31;40;320;438;384;621;580;304;785;31;45;168;232;687;672;923;426;319;31;3338;92;25;17;17;337;934;914;350;314;331;198;108;1665;1838;2980;93;151;107;33;139;1179;1671;316;337;637;2054;415;397;1431;132;397;1174;153;216;5;199;1328;28;1943;2664;810;25;4;0;20111031
AT1;AT13;AT130;92300;92304;3463;7611;7599;12;9;1396;1998;3678;530;193;361;306;6601;150;193;211;488;5965;754;193;366;1545;4054;1306;147;193;92;1083;1525;979;1137;1169;215;1218;193;84;554;1093;2515;1363;1094;545;170;193;7361;35;9;13;333;76;146;2749;149;53;2133;1682;290;3552;4059;5782;118;445;626;243;397;3442;2826;520;823;1754;3772;673;1412;3564;377;1412;1445;286;527;20;627;3222;61;3681;5757;1664;181;9;0;20111031
AT1;AT13;AT130;92300;92305;3919;8911;8887;24;11;1390;2536;4257;717;24;1393;586;6600;308;24;134;500;7253;1000;24;227;825;4778;2568;489;24;164;1322;1712;1253;1089;1538;413;1396;24;58;578;1297;2416;1708;1539;848;443;24;8647;159;9;72;288;140;412;1476;3627;916;880;954;218;4233;4678;6905;178;494;559;312;463;3700;3857;475;879;1994;4471;827;1619;3990;402;1619;1840;384;676;9;642;3664;69;4527;7218;1682;0;11;0;20111031
AT1;AT13;AT130;92300;92306;447;899;892;7;1;204;280;349;65;7;260;42;505;85;7;48;93;608;143;7;102;160;338;175;117;7;32;98;170;80;139;173;34;166;7;30;43;90;219;211;178;86;35;7;814;39;22;17;139;66;148;170;42;41;203;55;35;430;469;739;25;44;70;4;17;394;353;59;93;176;528;73;122;430;36;122;210;39;62;1;79;379;7;433;651;247;0;1;0;20111031
AT1;AT13;AT130;92300;92307;4031;8716;8673;43;10;1703;2342;3929;732;261;668;1177;6333;277;261;359;817;6708;571;261;746;1456;4016;1893;344;261;149;1374;1837;1036;1202;1285;279;1293;261;124;738;1129;2442;1603;1397;659;363;261;8022;146;33;254;1361;366;903;1224;768;961;1834;664;635;4150;4566;6724;187;491;679;283;352;3826;3362;560;968;2030;4363;812;1511;4165;436;1511;1671;319;614;10;676;3856;47;4127;6433;2053;218;10;2;20111031
AT1;AT13;AT130;92300;92308;1747;4182;4170;12;3;676;1050;1859;594;396;1012;504;2152;118;396;95;208;3037;446;396;131;669;1535;1088;363;396;40;494;693;571;600;548;178;662;396;27;314;366;1076;739;662;393;209;396;3685;66;8;27;116;323;157;1344;232;478;499;717;316;1891;2291;3427;109;228;166;88;164;1594;1638;551;399;920;2045;554;663;1746;154;663;1222;148;249;3;256;1602;33;2288;2981;813;384;3;1;20111031
AT1;AT13;AT130;92300;92309;3098;6832;6821;11;7;1206;2132;2794;693;403;1897;792;3418;322;403;225;424;4625;1155;403;360;986;2625;1583;875;403;72;757;1036;692;1045;1129;444;1254;403;92;373;635;1515;1252;1395;732;435;403;6251;126;43;9;146;325;852;2227;1562;971;400;149;200;3138;3694;5575;243;393;291;98;232;2519;2968;682;663;1370;3578;1067;817;2802;249;817;2195;279;490;3;376;2616;50;3787;4983;1450;392;7;0;20111031
AT1;AT13;AT130;92300;92310;2473;5123;5119;4;3;947;1826;2072;275;30;429;531;3952;181;30;105;306;4160;522;30;189;809;2820;936;339;30;45;614;855;552;878;991;272;886;30;10;280;659;1306;1047;1080;485;226;30;5033;26;0;34;210;126;125;1929;1896;715;87;26;9;2368;2755;4174;123;243;295;107;181;1909;2270;380;564;1170;2668;550;735;2026;254;735;1499;196;413;7;283;1942;34;2857;3951;1143;26;3;0;20111031
AT1;AT13;AT130;92300;92311;3685;7432;7425;7;4;1605;2374;3011;438;217;328;1607;4951;329;217;261;699;5765;490;217;465;1185;3441;1758;366;217;66;822;1305;941;1160;1423;281;1217;217;64;344;620;1996;1586;1607;629;369;217;6971;78;27;139;569;189;747;1002;1437;850;1007;243;1388;3496;3936;5794;269;430;387;230;322;3249;2891;476;816;1399;3825;1188;1020;3528;261;1020;1648;417;558;5;461;3259;57;3650;5288;1929;210;4;1;20111031
AT1;AT13;AT130;92300;92312;2492;5497;5478;19;12;1017;1458;2484;526;132;893;918;3274;280;132;152;349;3969;895;132;401;632;2144;1507;681;132;67;712;870;765;781;858;309;1003;132;50;350;740;1264;1070;996;535;360;132;5186;90;48;41;455;164;1402;599;703;1462;559;70;83;2619;2878;4473;179;252;272;99;222;2360;2175;424;538;1176;2623;831;867;2329;229;867;1314;270;488;2;322;2207;25;2941;4169;1200;113;12;3;20111031
AT1;AT13;AT130;92300;92313;2060;4161;4158;3;2;854;1422;1775;108;19;1727;470;1701;244;19;62;173;2663;1244;19;96;504;1288;1068;1186;19;12;224;495;484;678;830;334;1085;19;9;47;268;895;783;1071;593;476;19;4078;44;4;16;246;325;574;1648;547;349;235;155;82;1942;2219;3627;169;168;61;14;122;1479;1908;384;390;550;2108;1022;481;1640;100;481;1411;236;293;9;178;1535;17;2422;3134;1008;16;2;1;20111031
AT1;AT13;AT130;92300;92314;2266;4788;4767;21;3;926;1388;2205;266;31;1353;967;2107;330;31;133;334;3286;1004;31;264;579;1460;1508;946;31;44;424;762;669;823;725;337;973;31;43;175;392;1066;1012;1082;525;462;31;4622;92;14;29;578;285;877;793;501;525;634;308;287;2256;2532;4032;219;194;117;31;195;1972;2056;306;454;674;2217;1151;746;2180;139;746;1105;244;374;13;227;2049;24;2475;3651;1122;10;3;2;20111031
AT1;AT13;AT130;92300;92315;1060;2175;2175;0;0;446;680;939;110;8;1053;287;673;154;8;75;108;1179;805;8;99;184;470;574;840;8;35;93;298;183;393;399;212;554;8;20;59;83;297;424;613;342;329;8;2120;42;1;4;197;148;192;657;346;192;159;138;146;1017;1158;1830;121;107;37;10;70;774;1035;189;177;199;1042;641;293;914;36;293;657;111;164;5;71;859;15;1225;1648;517;8;0;2;20111031
AT1;AT13;AT130;92300;92316;1029;2223;2216;7;3;428;684;875;233;137;668;341;929;148;137;40;138;1467;441;137;66;243;753;638;386;137;26;166;282;264;320;408;145;475;137;17;56;163;458;462;443;272;215;137;1987;75;4;20;302;116;337;434;411;105;226;113;179;985;1238;1790;107;153;51;26;96;800;975;243;205;389;1147;407;280;884;55;280;725;102;177;3;99;824;12;1285;1577;513;130;3;0;20111031
AT1;AT13;AT130;92300;92317;104;261;247;14;0;34;74;125;28;14;209;11;13;14;14;4;0;166;77;14;1;11;43;138;54;14;0;32;25;37;37;44;23;49;14;0;12;23;38;75;46;26;27;14;238;7;0;2;2;29;26;52;36;26;52;17;21;141;120;176;9;27;33;9;7;95;136;17;13;52;151;25;33;129;7;33;62;11;19;0;35;100;1;125;204;57;0;0;0;20111031
AT1;AT13;AT130;92300;92318;2438;5466;5449;17;9;749;1762;2823;123;17;519;371;4402;157;17;120;250;4446;633;17;207;473;2796;1695;278;17;23;532;972;938;859;1023;362;740;17;15;203;634;1496;1248;1157;457;239;17;5416;17;12;4;5;114;187;581;77;3209;1166;85;42;2635;2831;4573;105;243;207;160;178;2077;2520;233;636;1089;3258;450;669;2850;231;669;1064;279;373;1;457;2578;42;2388;4536;918;0;9;3;20111031
AT1;AT13;AT130;92300;92319;4904;9669;9664;5;5;2013;3504;3920;227;6;100;104;9379;80;6;351;524;8278;510;6;254;1058;4202;3939;210;6;50;753;1654;1299;1650;2295;450;1512;6;29;251;692;2341;2089;2723;955;583;6;9606;43;3;11;27;0;548;1558;3674;2413;552;1;896;4425;5244;7997;224;600;286;149;413;3651;4251;656;1111;1646;5526;1238;1259;4367;324;1259;2670;399;650;7;535;4074;71;4982;7321;2341;0;5;2;20111031
