objekt_id,hofname,adresse,bezirk,bild_titel,zuordnungssicherheit,entfernung_m,quellseite_url,vorschaubild_url,fotograf,lizenz,lizenz_url,aufnahmedatum,begruendung
19041,FISCHERSTIEGE 1-7,Fischerstiege 1-7,1,File:Wien 01 Fischerstiege b.jpg,0.65,31.8,https://commons.wikimedia.org/wiki/File:Wien_01_Fischerstiege_b.jpg,https://upload.wikimedia.org/wikipedia/commons/2/28/Wien_01_Fischerstiege_b.jpg?utm_source=commons.wikimedia.org&utm_campaign=imageinfo&utm_content=original,Gugerell,CC0,http://creativecommons.org/publicdomain/zero/1.0/deed.en,2012-10-14,Straße & Hausnummer 'fischerstiege 1' im Bildtext (+0.35) | Hervorragende Geodistanz (32m <= 40m) (+0.30)
19029,JAK.-SOMMERBAUER-STR 3,Jakob-Sommerbauer-Straße 3,23,File:Kalksburg Ehemalige O-Bus-Garage.JPG,0.65,24.0,https://commons.wikimedia.org/wiki/File:Kalksburg_Ehemalige_O-Bus-Garage.JPG,https://upload.wikimedia.org/wikipedia/commons/6/69/Kalksburg_Ehemalige_O-Bus-Garage.JPG?utm_source=commons.wikimedia.org&utm_campaign=imageinfo&utm_content=original,Linie29,CC BY-SA 4.0,https://creativecommons.org/licenses/by-sa/4.0,2014-09-11 12:54:02,Straße & Hausnummer 'jakob-sommerbauer-straße 3' im Bildtext (+0.35) | Hervorragende Geodistanz (24m <= 40m) (+0.30)
19031,Franz-Koblizka-Hof,Adalbert-Stifter-Straße 35,20,File:Franz-Koblizka-Hof Wien.jpg,0.65,176.9,https://commons.wikimedia.org/wiki/File:Franz-Koblizka-Hof_Wien.jpg,https://upload.wikimedia.org/wikipedia/commons/5/52/Franz-Koblizka-Hof_Wien.jpg?utm_source=commons.wikimedia.org&utm_campaign=imageinfo&utm_content=original,Funke,CC BY-SA 4.0,https://creativecommons.org/licenses/by-sa/4.0,2026-03-20 13:41:43,Exakter Hofname 'Franz-Koblizka-Hof' im Bildtext (+0.50) | Moderate Geodistanz (177m <= 250m) (+0.05) | Gemeindebau/Kommunalbau-Kontext im Bildtext (+0.10)
18623,Bertha-von-Suttner-Hof,Waltergasse 5,4,File:Waltergasse 5 Bär.jpg,0.65,26.9,https://commons.wikimedia.org/wiki/File:Waltergasse_5_B%C3%A4r.jpg,https://upload.wikimedia.org/wikipedia/commons/9/9f/Waltergasse_5_B%C3%A4r.jpg?utm_source=commons.wikimedia.org&utm_campaign=imageinfo&utm_content=original,Thomas Ledl,CC BY-SA 3.0 at,https://creativecommons.org/licenses/by-sa/3.0/at/deed.en,2014-05-15 22:16:13,Straße & Hausnummer 'waltergasse 5' im Bildtext (+0.35) | Hervorragende Geodistanz (27m <= 40m) (+0.30)
18634,PLENERGASSE 12,Plenergasse 12-14,18,"File:Plenergasse 24, Vienna 01.jpg",0.60,83.5,"https://commons.wikimedia.org/wiki/File:Plenergasse_24,_Vienna_01.jpg",https://upload.wikimedia.org/wikipedia/commons/9/9b/Plenergasse_24%2C_Vienna_01.jpg?utm_source=commons.wikimedia.org&utm_campaign=imageinfo&utm_content=original,Herzi Pinki,CC BY-SA 4.0,https://creativecommons.org/licenses/by-sa/4.0,2019-08-18 12:49:03,Straße & Hausnummer 'plenergasse 12' im Bildtext (+0.35) | Sehr gute Geodistanz (84m <= 90m) (+0.25)
18581,HERMANN-PACHER-GASSE 2,Karlweisgasse 41,18,File:Wien Karlweisgasse 41 Lageplan.jpg,0.75,29.6,https://commons.wikimedia.org/wiki/File:Wien_Karlweisgasse_41_Lageplan.jpg,https://upload.wikimedia.org/wikipedia/commons/3/38/Wien_Karlweisgasse_41_Lageplan.jpg?utm_source=commons.wikimedia.org&utm_campaign=imageinfo&utm_content=original,Hadi,CC0,http://creativecommons.org/publicdomain/zero/1.0/deed.en,2018-01-01,Straße & Hausnummer 'karlweisgasse 41' im Bildtext (+0.35) | Hervorragende Geodistanz (30m <= 40m) (+0.30) | Gemeindebau/Kommunalbau-Kontext im Bildtext (+0.10)
18590,KROTTENBACHSTRASSE 183,Krottenbachstraße 183,19,File:Wien 19 Krottenbachstraße 183 a.jpg,0.65,31.2,https://commons.wikimedia.org/wiki/File:Wien_19_Krottenbachstra%C3%9Fe_183_a.jpg,https://upload.wikimedia.org/wikipedia/commons/6/6f/Wien_19_Krottenbachstra%C3%9Fe_183_a.jpg?utm_source=commons.wikimedia.org&utm_campaign=imageinfo&utm_content=original,Gugerell,CC0,http://creativecommons.org/publicdomain/zero/1.0/deed.en,2014-06-10,Straße & Hausnummer 'krottenbachstraße 183' im Bildtext (+0.35) | Hervorragende Geodistanz (31m <= 40m) (+0.30)
18312,PUELSLGASSE 10,Pülslgasse 10,23,"File:Pülslgasse 10, Vienna.jpg",0.75,3.1,"https://commons.wikimedia.org/wiki/File:P%C3%BClslgasse_10,_Vienna.jpg",https://upload.wikimedia.org/wikipedia/commons/d/dc/P%C3%BClslgasse_10%2C_Vienna.jpg?utm_source=commons.wikimedia.org&utm_campaign=imageinfo&utm_content=original,Thomas Ledl,CC BY-SA 4.0,https://creativecommons.org/licenses/by-sa/4.0,2016-08-02 17:53:04,Straße & Hausnummer 'pülslgasse 10' im Bildtext (+0.35) | Hervorragende Geodistanz (3m <= 40m) (+0.30) | Gemeindebau/Kommunalbau-Kontext im Bildtext (+0.10)
18319,REITHOFFERPLATZ 10,Reithofferplatz 10,15,File:Wien-wiener-linien-sl-49-1148426.jpg,0.60,83.6,https://commons.wikimedia.org/wiki/File:Wien-wiener-linien-sl-49-1148426.jpg,https://upload.wikimedia.org/wikipedia/commons/0/0a/Wien-wiener-linien-sl-49-1148426.jpg?utm_source=commons.wikimedia.org&utm_campaign=imageinfo&utm_content=original,Kurt Rasmussen,Attribution,,2019-05-10 09:38:06,Straße & Hausnummer 'reithofferplatz 10' im Bildtext (+0.35) | Sehr gute Geodistanz (84m <= 90m) (+0.25)
18321,JOH.-NEP.-BERGER-PL. 7,Johann-Nepomuk-Berger-Platz 7,16,"File:2018-09-09 AT Wien 16 Ottakring & Wien 17 Hernals, Johann-Nepomuk-Berger-Platz, Mariensäule (50919007212).jpg",0.60,82.5,"https://commons.wikimedia.org/wiki/File:2018-09-09_AT_Wien_16_Ottakring_%26_Wien_17_Hernals,_Johann-Nepomuk-Berger-Platz,_Mariens%C3%A4ule_(50919007212).jpg",https://upload.wikimedia.org/wikipedia/commons/1/13/2018-09-09_AT_Wien_16_Ottakring_%26_Wien_17_Hernals%2C_Johann-Nepomuk-Berger-Platz%2C_Mariens%C3%A4ule_%2850919007212%29.jpg?utm_source=commons.wikimedia.org&utm_campaign=imageinfo&utm_content=original,Paul Korecky,CC BY-SA 2.0,https://creativecommons.org/licenses/by-sa/2.0,2018-09-09 15:43,Straße & Hausnummer 'johann-nepomuk-berger-platz 7' im Bildtext (+0.35) | Sehr gute Geodistanz (82m <= 90m) (+0.25)
18323,Friedrich-Holomek-Hof,Martinstraße 92,18,File:Wien Martinstraße 92.jpg,0.75,38.9,https://commons.wikimedia.org/wiki/File:Wien_Martinstra%C3%9Fe_92.jpg,https://upload.wikimedia.org/wikipedia/commons/9/9d/Wien_Martinstra%C3%9Fe_92.jpg?utm_source=commons.wikimedia.org&utm_campaign=imageinfo&utm_content=original,Hadi,CC0,http://creativecommons.org/publicdomain/zero/1.0/deed.en,2017-12-31,Straße & Hausnummer 'martinstraße 92' im Bildtext (+0.35) | Hervorragende Geodistanz (39m <= 40m) (+0.30) | Gemeindebau/Kommunalbau-Kontext im Bildtext (+0.10)
18331,WOLKERSBERGENSTRASSE 10,Wolkersbergenstraße 10,13,"File:Wolkersbergenstraße 10, Vienna.jpg",0.75,38.5,"https://commons.wikimedia.org/wiki/File:Wolkersbergenstra%C3%9Fe_10,_Vienna.jpg",https://upload.wikimedia.org/wikipedia/commons/6/6e/Wolkersbergenstra%C3%9Fe_10%2C_Vienna.jpg?utm_source=commons.wikimedia.org&utm_campaign=imageinfo&utm_content=original,Herzi Pinki,CC BY-SA 4.0,https://creativecommons.org/licenses/by-sa/4.0,2018-11-17 15:05:43,Straße & Hausnummer 'wolkersbergenstraße 10' im Bildtext (+0.35) | Hervorragende Geodistanz (38m <= 40m) (+0.30) | Gemeindebau/Kommunalbau-Kontext im Bildtext (+0.10)
18244,RAXSTRASSE 38,Raxstraße 38,10,File:Raxstraße 38 - plaque.jpg,0.75,31.3,https://commons.wikimedia.org/wiki/File:Raxstra%C3%9Fe_38_-_plaque.jpg,https://upload.wikimedia.org/wikipedia/commons/4/4b/Raxstra%C3%9Fe_38_-_plaque.jpg?utm_source=commons.wikimedia.org&utm_campaign=imageinfo&utm_content=original,Herzi Pinki,CC BY-SA 4.0,https://creativecommons.org/licenses/by-sa/4.0,2015-11-04 14:54:34,Straße & Hausnummer 'raxstraße 38' im Bildtext (+0.35) | Hervorragende Geodistanz (31m <= 40m) (+0.30) | Gemeindebau/Kommunalbau-Kontext im Bildtext (+0.10)
18253,LUDWIG-KOESSLER-PL. 3,Ludwig-Koeßler-Platz 3,3,File:Schlachthausgasse 2-6 - shops 1.jpg,0.65,36.1,https://commons.wikimedia.org/wiki/File:Schlachthausgasse_2-6_-_shops_1.jpg,https://upload.wikimedia.org/wikipedia/commons/9/97/Schlachthausgasse_2-6_-_shops_1.jpg?utm_source=commons.wikimedia.org&utm_campaign=imageinfo&utm_content=original,Herzi Pinki,CC BY-SA 4.0,https://creativecommons.org/licenses/by-sa/4.0,2016-03-12 15:54:32,Straße & Hausnummer 'ludwig-koeßler-platz 3' im Bildtext (+0.35) | Hervorragende Geodistanz (36m <= 40m) (+0.30)
18264,GRINZINGER STRASSE 2,Grinzinger Straße 2,19,"File:Grinzing (Wien) - ehem. Winzerhaus, Grinzinger Straße 17.JPG",0.60,55.8,"https://commons.wikimedia.org/wiki/File:Grinzing_(Wien)_-_ehem._Winzerhaus,_Grinzinger_Stra%C3%9Fe_17.JPG",https://upload.wikimedia.org/wikipedia/commons/d/d7/Grinzing_%28Wien%29_-_ehem._Winzerhaus%2C_Grinzinger_Stra%C3%9Fe_17.JPG?utm_source=commons.wikimedia.org&utm_campaign=imageinfo&utm_content=original,C.Stadler/Bwag,CC BY-SA 4.0,https://creativecommons.org/licenses/by-sa/4.0,2018-04-03,Straße & Hausnummer 'grinzinger straße 2' im Bildtext (+0.35) | Sehr gute Geodistanz (56m <= 90m) (+0.25)
18267,BREITENFURTER STR. 242,Breitenfurter Straße 242,23,File:Kommunaler Wohnbau Atzgersdorf 01.jpg,0.80,6.5,https://commons.wikimedia.org/wiki/File:Kommunaler_Wohnbau_Atzgersdorf_01.jpg,https://upload.wikimedia.org/wikipedia/commons/6/6f/Kommunaler_Wohnbau_Atzgersdorf_01.jpg?utm_source=commons.wikimedia.org&utm_campaign=imageinfo&utm_content=original,Clemens PFEIFFER,CC BY 3.0,https://creativecommons.org/licenses/by/3.0,2011-08-10 15:43:26,Straße & Hausnummer 'breitenfurter straße 242' im Bildtext (+0.35) | Hervorragende Geodistanz (6m <= 40m) (+0.30) | Gemeindebau/Kommunalbau-Kontext im Bildtext (+0.10) | Bezirksbezug (23. Bezirk) im Bildtext (+0.05)
18273,Dr.-Gerhard-Weißenberg-Hof,Hofmoklgasse 2-6,15,File:2020-05-12 Dr-Gerhard-Weissenberg-Hof Hofmoklgasse side.jpg,0.75,32.5,https://commons.wikimedia.org/wiki/File:2020-05-12_Dr-Gerhard-Weissenberg-Hof_Hofmoklgasse_side.jpg,https://upload.wikimedia.org/wikipedia/commons/9/9a/2020-05-12_Dr-Gerhard-Weissenberg-Hof_Hofmoklgasse_side.jpg?utm_source=commons.wikimedia.org&utm_campaign=imageinfo&utm_content=original,Rosso Robot,CC BY-SA 4.0,https://creativecommons.org/licenses/by-sa/4.0,2020-05-12 15:05:41,Straße & Hausnummer 'hofmoklgasse 2' im Bildtext (+0.35) | Hervorragende Geodistanz (32m <= 40m) (+0.30) | Gemeindebau/Kommunalbau-Kontext im Bildtext (+0.10)
18275,VORGARTENSTRASSE 198,Vorgartenstraße 198,2,File:Vorgartenstraße 198.jpg,0.75,27.9,https://commons.wikimedia.org/wiki/File:Vorgartenstra%C3%9Fe_198.jpg,https://upload.wikimedia.org/wikipedia/commons/6/65/Vorgartenstra%C3%9Fe_198.jpg?utm_source=commons.wikimedia.org&utm_campaign=imageinfo&utm_content=original,Herzi Pinki,CC BY-SA 4.0,https://creativecommons.org/licenses/by-sa/4.0,2018-04-24 15:38:04,Straße & Hausnummer 'vorgartenstraße 198' im Bildtext (+0.35) | Hervorragende Geodistanz (28m <= 40m) (+0.30) | Gemeindebau/Kommunalbau-Kontext im Bildtext (+0.10)
18277,QUELLENPLATZ 4,Quellenplatz 4,10,File:Wien-wiener-linien-sl-6-842160.jpg,0.65,34.5,https://commons.wikimedia.org/wiki/File:Wien-wiener-linien-sl-6-842160.jpg,https://upload.wikimedia.org/wikipedia/commons/a/ad/Wien-wiener-linien-sl-6-842160.jpg?utm_source=commons.wikimedia.org&utm_campaign=imageinfo&utm_content=original,Kurt Rasmussen,Attribution,,2015-07-09 19:01:28,Straße & Hausnummer 'quellenplatz 4' im Bildtext (+0.35) | Hervorragende Geodistanz (34m <= 40m) (+0.30)
18293,ERDBERGSTRASSE 16-28,Erdbergstraße 16-28,3,File:Grüner Wolkensitz-Erdbergstraße 36 - Foto 3.jpg,0.60,81.6,https://commons.wikimedia.org/wiki/File:Gr%C3%BCner_Wolkensitz-Erdbergstra%C3%9Fe_36_-_Foto_3.jpg,https://upload.wikimedia.org/wikipedia/commons/8/86/Gr%C3%BCner_Wolkensitz-Erdbergstra%C3%9Fe_36_-_Foto_3.jpg?utm_source=commons.wikimedia.org&utm_campaign=imageinfo&utm_content=original,Austriantraveler,CC BY-SA 3.0 at,https://creativecommons.org/licenses/by-sa/3.0/at/deed.en,2014-07-24 13:21:19,Straße & Hausnummer 'erdbergstraße 16' im Bildtext (+0.35) | Sehr gute Geodistanz (82m <= 90m) (+0.25)
18295,SCHOENBRUNNER STR. 242,Schönbrunner Straße 242,12,File:Mosaic Nacht by Hans Escher 02.jpg,0.75,34.5,https://commons.wikimedia.org/wiki/File:Mosaic_Nacht_by_Hans_Escher_02.jpg,https://upload.wikimedia.org/wikipedia/commons/2/24/Mosaic_Nacht_by_Hans_Escher_02.jpg?utm_source=commons.wikimedia.org&utm_campaign=imageinfo&utm_content=original,Herzi Pinki,CC BY-SA 4.0,https://creativecommons.org/licenses/by-sa/4.0,2015-04-19 10:28:26,Straße & Hausnummer 'schönbrunner straße 242' im Bildtext (+0.35) | Hervorragende Geodistanz (34m <= 40m) (+0.30) | Gemeindebau/Kommunalbau-Kontext im Bildtext (+0.10)
18298,WIEDNER HAUPTSTRASSE 103,Wiedner Hauptstraße 103,5,File:Wiedner Hauptstraße 103.jpg,0.65,5.2,https://commons.wikimedia.org/wiki/File:Wiedner_Hauptstra%C3%9Fe_103.jpg,https://upload.wikimedia.org/wikipedia/commons/6/6d/Wiedner_Hauptstra%C3%9Fe_103.jpg?utm_source=commons.wikimedia.org&utm_campaign=imageinfo&utm_content=original,styko,CC BY-SA 4.0,https://creativecommons.org/licenses/by-sa/4.0,2015-03-27 17:17:37,Straße & Hausnummer 'wiedner hauptstraße 103' im Bildtext (+0.35) | Hervorragende Geodistanz (5m <= 40m) (+0.30)
18305,OSWALDGASSE 14-22,Oswaldgasse 14-22,12,"File:Kunstwerk bei Oswaldgasse 19, 1120 Wien.jpg",0.60,59.9,"https://commons.wikimedia.org/wiki/File:Kunstwerk_bei_Oswaldgasse_19,_1120_Wien.jpg",https://upload.wikimedia.org/wikipedia/commons/2/2c/Kunstwerk_bei_Oswaldgasse_19%2C_1120_Wien.jpg?utm_source=commons.wikimedia.org&utm_campaign=imageinfo&utm_content=original,Skunk,CC BY-SA 4.0,https://creativecommons.org/licenses/by-sa/4.0,2018-04-03 08:39:46,Straße 'oswaldgasse' im Bildtext (+0.20) | Sehr gute Geodistanz (60m <= 90m) (+0.25) | Gemeindebau/Kommunalbau-Kontext im Bildtext (+0.10) | Bezirksbezug (12. Bezirk) im Bildtext (+0.05)
18382,QUADENSTRASSE 65-67,Quadenstraße 65-67,22,File:Wien-wiener-linien-sl-26-1052654.jpg,0.60,88.9,https://commons.wikimedia.org/wiki/File:Wien-wiener-linien-sl-26-1052654.jpg,https://upload.wikimedia.org/wikipedia/commons/3/34/Wien-wiener-linien-sl-26-1052654.jpg?utm_source=commons.wikimedia.org&utm_campaign=imageinfo&utm_content=original,Kurt Rasmussen,Attribution,,2017-10-18 09:04:39,Straße & Hausnummer 'quadenstraße 65' im Bildtext (+0.35) | Sehr gute Geodistanz (89m <= 90m) (+0.25)
18392,BREITENFURTER STR. 519-521,Breitenfurter Straße 519-521,23,"File:Weibliche Figur by Oskar Bottoli, 1974, Breitenfurter Straße 519 - 01.jpg",0.65,11.5,"https://commons.wikimedia.org/wiki/File:Weibliche_Figur_by_Oskar_Bottoli,_1974,_Breitenfurter_Stra%C3%9Fe_519_-_01.jpg",https://upload.wikimedia.org/wikipedia/commons/2/2a/Weibliche_Figur_by_Oskar_Bottoli%2C_1974%2C_Breitenfurter_Stra%C3%9Fe_519_-_01.jpg?utm_source=commons.wikimedia.org&utm_campaign=imageinfo&utm_content=original,Herzi Pinki,CC BY-SA 3.0 at,https://creativecommons.org/licenses/by-sa/3.0/at/deed.en,2015-02-03 14:25:39,Straße & Hausnummer 'breitenfurter straße 519' im Bildtext (+0.35) | Hervorragende Geodistanz (12m <= 40m) (+0.30)
18395,STORCHENGASSE 22,Storchengasse 22,15,File:Storchengasse 16-20.jpg,0.60,33.4,https://commons.wikimedia.org/wiki/File:Storchengasse_16-20.jpg,https://upload.wikimedia.org/wikipedia/commons/2/23/Storchengasse_16-20.jpg?utm_source=commons.wikimedia.org&utm_campaign=imageinfo&utm_content=original,Herzi Pinki,CC BY-SA 4.0,https://creativecommons.org/licenses/by-sa/4.0,2016-11-01 15:07:40,Straße 'storchengasse' im Bildtext (+0.20) | Hervorragende Geodistanz (33m <= 40m) (+0.30) | Gemeindebau/Kommunalbau-Kontext im Bildtext (+0.10)
18396,HUETTELDORFER STR. 3-5,Hütteldorfer Straße 3-5,15,File:Wien-wiener-linien-sl-6-1080561.jpg,0.60,76.0,https://commons.wikimedia.org/wiki/File:Wien-wiener-linien-sl-6-1080561.jpg,https://upload.wikimedia.org/wikipedia/commons/f/f5/Wien-wiener-linien-sl-6-1080561.jpg?utm_source=commons.wikimedia.org&utm_campaign=imageinfo&utm_content=original,Kurt Rasmussen,Attribution,,2018-04-19 08:42:13,Straße & Hausnummer 'hütteldorfer straße 3' im Bildtext (+0.35) | Sehr gute Geodistanz (76m <= 90m) (+0.25)
18337,OBERE AUGARTENSTR. 12-14,Obere Augartenstraße 12-14,2,File:Wien 02 Obere Augartenstraße 12B a.jpg,0.65,34.6,https://commons.wikimedia.org/wiki/File:Wien_02_Obere_Augartenstra%C3%9Fe_12B_a.jpg,https://upload.wikimedia.org/wikipedia/commons/1/17/Wien_02_Obere_Augartenstra%C3%9Fe_12B_a.jpg?utm_source=commons.wikimedia.org&utm_campaign=imageinfo&utm_content=original,Gugerell,CC0,http://creativecommons.org/publicdomain/zero/1.0/deed.en,2021-12-21 11:01:24,Straße & Hausnummer 'obere augartenstraße 12' im Bildtext (+0.35) | Hervorragende Geodistanz (35m <= 40m) (+0.30)
18338,DUERERGASSE 5,Dürergasse 5,6,File:Dürergasse 5.jpg,0.75,1.8,https://commons.wikimedia.org/wiki/File:D%C3%BCrergasse_5.jpg,https://upload.wikimedia.org/wikipedia/commons/f/fc/D%C3%BCrergasse_5.jpg?utm_source=commons.wikimedia.org&utm_campaign=imageinfo&utm_content=original,Thomas Ledl,CC BY-SA 4.0,https://creativecommons.org/licenses/by-sa/4.0,2016-07-21 15:38:03,Straße & Hausnummer 'dürergasse 5' im Bildtext (+0.35) | Hervorragende Geodistanz (2m <= 40m) (+0.30) | Gemeindebau/Kommunalbau-Kontext im Bildtext (+0.10)
18336,Liskahof,Fünkhgasse 2,14,"File:Liska-Hof, Fünkhgasse 2 03.jpg",0.65,26.2,"https://commons.wikimedia.org/wiki/File:Liska-Hof,_F%C3%BCnkhgasse_2_03.jpg",https://upload.wikimedia.org/wikipedia/commons/d/d0/Liska-Hof%2C_F%C3%BCnkhgasse_2_03.jpg?utm_source=commons.wikimedia.org&utm_campaign=imageinfo&utm_content=original,Braveheart,CC BY-SA 4.0,https://creativecommons.org/licenses/by-sa/4.0,2017-10-01 16:21:55,Straße & Hausnummer 'fünkhgasse 2' im Bildtext (+0.35) | Hervorragende Geodistanz (26m <= 40m) (+0.30)
18354,BRUNNER STRASSE 18,Brunner Straße 18,23,File:Brunner Straße 18 gesamt.jpg,0.75,14.0,https://commons.wikimedia.org/wiki/File:Brunner_Stra%C3%9Fe_18_gesamt.jpg,https://upload.wikimedia.org/wikipedia/commons/8/8e/Brunner_Stra%C3%9Fe_18_gesamt.jpg?utm_source=commons.wikimedia.org&utm_campaign=imageinfo&utm_content=original,Thomas Ledl,CC BY-SA 4.0,https://creativecommons.org/licenses/by-sa/4.0,2016-11-01 16:05:52,Straße & Hausnummer 'brunner straße 18' im Bildtext (+0.35) | Hervorragende Geodistanz (14m <= 40m) (+0.30) | Gemeindebau/Kommunalbau-Kontext im Bildtext (+0.10)
18366,WEIMARER STRASSE 8-10,Weimarer Straße 8-10,18,File:Wien 18 Weimarer Straße 014.jpg,0.60,73.9,https://commons.wikimedia.org/wiki/File:Wien_18_Weimarer_Stra%C3%9Fe_014.jpg,https://upload.wikimedia.org/wikipedia/commons/4/4f/Wien_18_Weimarer_Stra%C3%9Fe_014.jpg?utm_source=commons.wikimedia.org&utm_campaign=imageinfo&utm_content=original,Gugerell,CC0,http://creativecommons.org/publicdomain/zero/1.0/deed.en,2020-02-08 12:08:53,Straße & Hausnummer 'weimarer straße 8' im Bildtext (+0.35) | Sehr gute Geodistanz (74m <= 90m) (+0.25)
18461,SCHLOEGLGASSE 71,Schlöglgasse 71,12,"File:Mosaic ""Wald"" by Toman Emil, Schlöglgasse 71, Hetzendorf.jpg",0.70,42.3,"https://commons.wikimedia.org/wiki/File:Mosaic_%22Wald%22_by_Toman_Emil,_Schl%C3%B6glgasse_71,_Hetzendorf.jpg",https://upload.wikimedia.org/wikipedia/commons/7/7c/Mosaic_%22Wald%22_by_Toman_Emil%2C_Schl%C3%B6glgasse_71%2C_Hetzendorf.jpg?utm_source=commons.wikimedia.org&utm_campaign=imageinfo&utm_content=original,Herzi Pinki,CC BY-SA 3.0,https://creativecommons.org/licenses/by-sa/3.0,2013-11-10 14:56:26,Straße & Hausnummer 'schlöglgasse 71' im Bildtext (+0.35) | Sehr gute Geodistanz (42m <= 90m) (+0.25) | Gemeindebau/Kommunalbau-Kontext im Bildtext (+0.10)
18481,MAGDALENENSTRASSE 9,Magdalenenstraße 9,6,File:Wien06 Magdalenenstraße013 2018-05-19 GuentherZ GD Dassanowsky 1398.jpg,0.60,53.5,https://commons.wikimedia.org/wiki/File:Wien06_Magdalenenstra%C3%9Fe013_2018-05-19_GuentherZ_GD_Dassanowsky_1398.jpg,https://upload.wikimedia.org/wikipedia/commons/b/ba/Wien06_Magdalenenstra%C3%9Fe013_2018-05-19_GuentherZ_GD_Dassanowsky_1398.jpg?utm_source=commons.wikimedia.org&utm_campaign=imageinfo&utm_content=original,GuentherZ,CC BY-SA 3.0,https://creativecommons.org/licenses/by-sa/3.0,2018-05-19 09:51:15,Straße & Hausnummer 'magdalenenstraße 9' im Bildtext (+0.35) | Sehr gute Geodistanz (54m <= 90m) (+0.25)
18486,ERDBERGSTRASSE 36,Erdbergstraße 36,3,File:Grüner Wolkensitz-Erdbergstraße 36 - Foto 3.jpg,0.60,54.0,https://commons.wikimedia.org/wiki/File:Gr%C3%BCner_Wolkensitz-Erdbergstra%C3%9Fe_36_-_Foto_3.jpg,https://upload.wikimedia.org/wikipedia/commons/8/86/Gr%C3%BCner_Wolkensitz-Erdbergstra%C3%9Fe_36_-_Foto_3.jpg?utm_source=commons.wikimedia.org&utm_campaign=imageinfo&utm_content=original,Austriantraveler,CC BY-SA 3.0 at,https://creativecommons.org/licenses/by-sa/3.0/at/deed.en,2014-07-24 13:21:19,Straße & Hausnummer 'erdbergstraße 36' im Bildtext (+0.35) | Sehr gute Geodistanz (54m <= 90m) (+0.25)
18412,GRUENDORFGASSE 4,Gründorfgasse 4,14,File:Wien 14 Meiselstraße 075 a.jpg,0.60,45.3,https://commons.wikimedia.org/wiki/File:Wien_14_Meiselstra%C3%9Fe_075_a.jpg,https://upload.wikimedia.org/wikipedia/commons/8/88/Wien_14_Meiselstra%C3%9Fe_075_a.jpg?utm_source=commons.wikimedia.org&utm_campaign=imageinfo&utm_content=original,Gugerell,CC0,http://creativecommons.org/publicdomain/zero/1.0/deed.en,2014-05-31,Straße & Hausnummer 'gründorfgasse 4' im Bildtext (+0.35) | Sehr gute Geodistanz (45m <= 90m) (+0.25)
18420,DORNBACHER STRASSE 42-44,Vollbadgasse 1,17,File:Vollbadgasse 5 - inscription.jpg,0.70,82.3,https://commons.wikimedia.org/wiki/File:Vollbadgasse_5_-_inscription.jpg,https://upload.wikimedia.org/wikipedia/commons/e/eb/Vollbadgasse_5_-_inscription.jpg?utm_source=commons.wikimedia.org&utm_campaign=imageinfo&utm_content=original,Herzi Pinki,CC BY-SA 4.0,https://creativecommons.org/licenses/by-sa/4.0,2019-08-11 09:46:04,Straße & Hausnummer 'vollbadgasse 1' im Bildtext (+0.35) | Sehr gute Geodistanz (82m <= 90m) (+0.25) | Gemeindebau/Kommunalbau-Kontext im Bildtext (+0.10)
18435,MUHRHOFERWEG 11,Muhrhoferweg 7-11,11,File:Widerstand by Karl Sukopp 02.jpg,0.60,53.5,https://commons.wikimedia.org/wiki/File:Widerstand_by_Karl_Sukopp_02.jpg,https://upload.wikimedia.org/wikipedia/commons/b/ba/Widerstand_by_Karl_Sukopp_02.jpg?utm_source=commons.wikimedia.org&utm_campaign=imageinfo&utm_content=original,Herzi Pinki,CC BY-SA 4.0,https://creativecommons.org/licenses/by-sa/4.0,2018-04-09 18:38:19,Straße & Hausnummer 'muhrhoferweg 7' im Bildtext (+0.35) | Sehr gute Geodistanz (54m <= 90m) (+0.25)
18450,PUELSLGASSE 3,Pülslgasse 3,23,"File:Pülslgasse 3, Vienna.jpg",0.75,5.5,"https://commons.wikimedia.org/wiki/File:P%C3%BClslgasse_3,_Vienna.jpg",https://upload.wikimedia.org/wikipedia/commons/c/ca/P%C3%BClslgasse_3%2C_Vienna.jpg?utm_source=commons.wikimedia.org&utm_campaign=imageinfo&utm_content=original,Thomas Ledl,CC BY-SA 4.0,https://creativecommons.org/licenses/by-sa/4.0,2016-08-02 17:53:42,Straße & Hausnummer 'pülslgasse 3' im Bildtext (+0.35) | Hervorragende Geodistanz (6m <= 40m) (+0.30) | Gemeindebau/Kommunalbau-Kontext im Bildtext (+0.10)
18545,KOEHLERGASSE 1-3,Köhlergasse 1-3,18,"File:Köhlergasse 7, Vienna 04.jpg",0.65,4.1,"https://commons.wikimedia.org/wiki/File:K%C3%B6hlergasse_7,_Vienna_04.jpg",https://upload.wikimedia.org/wikipedia/commons/6/6b/K%C3%B6hlergasse_7%2C_Vienna_04.jpg?utm_source=commons.wikimedia.org&utm_campaign=imageinfo&utm_content=original,Herzi Pinki,CC BY-SA 4.0,https://creativecommons.org/licenses/by-sa/4.0,2019-08-18 13:29:17,Straße & Hausnummer 'köhlergasse 1' im Bildtext (+0.35) | Hervorragende Geodistanz (4m <= 40m) (+0.30)
18553,HANS-STEGER-GASSE 13,Hans-Steger-Gasse 13,22,File:Wien-wiener-linien-sl-25-1101703.jpg,0.60,41.9,https://commons.wikimedia.org/wiki/File:Wien-wiener-linien-sl-25-1101703.jpg,https://upload.wikimedia.org/wikipedia/commons/6/6b/Wien-wiener-linien-sl-25-1101703.jpg?utm_source=commons.wikimedia.org&utm_campaign=imageinfo&utm_content=original,Kurt Rasmussen,Attribution,,2018-07-26 15:53:51,Straße & Hausnummer 'hans-steger-gasse 13' im Bildtext (+0.35) | Sehr gute Geodistanz (42m <= 90m) (+0.25)
18558,JAHNGASSE 34,Jahngasse 34,5,"File:Jahngasse 32-34, Vienna.jpg",0.75,19.3,"https://commons.wikimedia.org/wiki/File:Jahngasse_32-34,_Vienna.jpg",https://upload.wikimedia.org/wikipedia/commons/b/bc/Jahngasse_32-34%2C_Vienna.jpg?utm_source=commons.wikimedia.org&utm_campaign=imageinfo&utm_content=original,Thomas Ledl,CC BY-SA 4.0,https://creativecommons.org/licenses/by-sa/4.0,2016-08-02 16:31:51,Straße & Hausnummer 'jahngasse 34' im Bildtext (+0.35) | Hervorragende Geodistanz (19m <= 40m) (+0.30) | Gemeindebau/Kommunalbau-Kontext im Bildtext (+0.10)
18489,KUEHNPLATZ 1-4,Kühnplatz 1-4,4,"File:Space Invader, Schleifmühlgasse 18, 1040 Wien.jpg",0.65,55.3,"https://commons.wikimedia.org/wiki/File:Space_Invader,_Schleifm%C3%BChlgasse_18,_1040_Wien.jpg",https://upload.wikimedia.org/wikipedia/commons/e/e2/Space_Invader%2C_Schleifm%C3%BChlgasse_18%2C_1040_Wien.jpg?utm_source=commons.wikimedia.org&utm_campaign=imageinfo&utm_content=original,Skunk,CC BY-SA 4.0,https://creativecommons.org/licenses/by-sa/4.0,2019-05-13 15:34:18,Straße & Hausnummer 'kühnplatz 1' im Bildtext (+0.35) | Sehr gute Geodistanz (55m <= 90m) (+0.25) | Bezirksbezug (4. Bezirk) im Bildtext (+0.05)
18501,SCHNIRCHGASSE 1-5,Schlachthausgasse 3,3,File:Schlachthausgasse 2-6 - shops 1.jpg,0.65,32.5,https://commons.wikimedia.org/wiki/File:Schlachthausgasse_2-6_-_shops_1.jpg,https://upload.wikimedia.org/wikipedia/commons/9/97/Schlachthausgasse_2-6_-_shops_1.jpg?utm_source=commons.wikimedia.org&utm_campaign=imageinfo&utm_content=original,Herzi Pinki,CC BY-SA 4.0,https://creativecommons.org/licenses/by-sa/4.0,2016-03-12 15:54:32,Straße & Hausnummer 'schlachthausgasse 3' im Bildtext (+0.35) | Hervorragende Geodistanz (32m <= 40m) (+0.30)
18505,Hedorferhof,Enkplatz 1,11,File:U3.20 Enkplatz AG Enkplatz b.jpg,0.65,34.9,https://commons.wikimedia.org/wiki/File:U3.20_Enkplatz_AG_Enkplatz_b.jpg,https://upload.wikimedia.org/wikipedia/commons/c/c5/U3.20_Enkplatz_AG_Enkplatz_b.jpg?utm_source=commons.wikimedia.org&utm_campaign=imageinfo&utm_content=original,Gugerell,CC0,http://creativecommons.org/publicdomain/zero/1.0/deed.en,2022-02-27 12:00:17,Straße & Hausnummer 'enkplatz 1' im Bildtext (+0.35) | Hervorragende Geodistanz (35m <= 40m) (+0.30)
18510,Wilhelm-Weber Hof,Rinnböckstraße 35-43,11,File:Relief Bauhandwerker Rinnböckstraße 35-43.jpg,0.65,61.8,https://commons.wikimedia.org/wiki/File:Relief_Bauhandwerker_Rinnb%C3%B6ckstra%C3%9Fe_35-43.jpg,https://upload.wikimedia.org/wikipedia/commons/c/cd/Relief_Bauhandwerker_Rinnb%C3%B6ckstra%C3%9Fe_35-43.jpg?utm_source=commons.wikimedia.org&utm_campaign=imageinfo&utm_content=original,DerHHO,CC0,http://creativecommons.org/publicdomain/zero/1.0/deed.en,2011-07-05,Straße & Hausnummer 'rinnböckstraße 35' im Bildtext (+0.35) | Sehr gute Geodistanz (62m <= 90m) (+0.25) | Bezirksbezug (11. Bezirk) im Bildtext (+0.05)
18517,VERSORGUNGSHEIMSTR. 19,Versorgungsheimstraße 19,13,"File:Versorgungsheimstraße 19, Vienna.jpg",0.70,47.4,"https://commons.wikimedia.org/wiki/File:Versorgungsheimstra%C3%9Fe_19,_Vienna.jpg",https://upload.wikimedia.org/wikipedia/commons/c/c2/Versorgungsheimstra%C3%9Fe_19%2C_Vienna.jpg?utm_source=commons.wikimedia.org&utm_campaign=imageinfo&utm_content=original,Herzi Pinki,CC BY-SA 4.0,https://creativecommons.org/licenses/by-sa/4.0,2018-11-16 16:08:43,Straße & Hausnummer 'versorgungsheimstraße 19' im Bildtext (+0.35) | Sehr gute Geodistanz (47m <= 90m) (+0.25) | Gemeindebau/Kommunalbau-Kontext im Bildtext (+0.10)
18528,VORGARTENSTRASSE 194,Vorgartenstraße 194,2,File:Vorgartenstraße 194 - inscription.jpg,0.75,23.3,https://commons.wikimedia.org/wiki/File:Vorgartenstra%C3%9Fe_194_-_inscription.jpg,https://upload.wikimedia.org/wikipedia/commons/1/12/Vorgartenstra%C3%9Fe_194_-_inscription.jpg?utm_source=commons.wikimedia.org&utm_campaign=imageinfo&utm_content=original,Herzi Pinki,CC BY-SA 4.0,https://creativecommons.org/licenses/by-sa/4.0,2018-04-24 15:36:51,Straße & Hausnummer 'vorgartenstraße 194' im Bildtext (+0.35) | Hervorragende Geodistanz (23m <= 40m) (+0.30) | Gemeindebau/Kommunalbau-Kontext im Bildtext (+0.10)
18533,RATSCHKYGASSE 41-43,Ratschkygasse 41-43,12,File:Ratschkygasse41.jpg,0.70,66.4,https://commons.wikimedia.org/wiki/File:Ratschkygasse41.jpg,https://upload.wikimedia.org/wikipedia/commons/f/f2/Ratschkygasse41.jpg?utm_source=commons.wikimedia.org&utm_campaign=imageinfo&utm_content=original,Clemens Mosch,CC BY-SA 4.0,https://creativecommons.org/licenses/by-sa/4.0,2016-06-06 10:25:35,Straße & Hausnummer 'ratschkygasse 41' im Bildtext (+0.35) | Sehr gute Geodistanz (66m <= 90m) (+0.25) | Gemeindebau/Kommunalbau-Kontext im Bildtext (+0.10)
18535,VOLLBADGASSE 3-5,Vollbadgasse 5,17,File:Vollbadgasse 5 - Widmungstafel.jpg,0.70,57.4,https://commons.wikimedia.org/wiki/File:Vollbadgasse_5_-_Widmungstafel.jpg,https://upload.wikimedia.org/wikipedia/commons/e/e2/Vollbadgasse_5_-_Widmungstafel.jpg?utm_source=commons.wikimedia.org&utm_campaign=imageinfo&utm_content=original,Herzi Pinki,CC BY-SA 4.0,https://creativecommons.org/licenses/by-sa/4.0,2019-08-11 09:46:24,Straße & Hausnummer 'vollbadgasse 5' im Bildtext (+0.35) | Sehr gute Geodistanz (57m <= 90m) (+0.25) | Gemeindebau/Kommunalbau-Kontext im Bildtext (+0.10)
17891,AUSSTELLUNGSSTRASSE 67,Ausstellungsstraße 67,2,"File:Ausstellungsstraße 67, Leopoldstadt (01).jpg",0.75,16.2,"https://commons.wikimedia.org/wiki/File:Ausstellungsstra%C3%9Fe_67,_Leopoldstadt_(01).jpg",https://upload.wikimedia.org/wikipedia/commons/1/11/Ausstellungsstra%C3%9Fe_67%2C_Leopoldstadt_%2801%29.jpg?utm_source=commons.wikimedia.org&utm_campaign=imageinfo&utm_content=original,Herzi Pinki,CC BY-SA 4.0,https://creativecommons.org/licenses/by-sa/4.0,2018-04-24 15:45:56,Straße & Hausnummer 'ausstellungsstraße 67' im Bildtext (+0.35) | Hervorragende Geodistanz (16m <= 40m) (+0.30) | Gemeindebau/Kommunalbau-Kontext im Bildtext (+0.10)
17892,SCHOEPFLEUTHNERGASSE 8-16,Schöpfleuthnergasse 8-16,21,File:Wien-wvb-sl-315-m-922727.jpg,0.60,50.8,https://commons.wikimedia.org/wiki/File:Wien-wvb-sl-315-m-922727.jpg,https://upload.wikimedia.org/wikipedia/commons/4/42/Wien-wvb-sl-315-m-922727.jpg?utm_source=commons.wikimedia.org&utm_campaign=imageinfo&utm_content=original,Kurt Rasmussen,Attribution,,2016-07-12 18:11:22,Straße & Hausnummer 'schöpfleuthnergasse 8' im Bildtext (+0.35) | Sehr gute Geodistanz (51m <= 90m) (+0.25)
17828,PULVERTURMGASSE 4,Pulverturmgasse 4,9,"File:2017-05-06 AT Wien 09 Alsergrund, Nussdorfer Straße @ Pulverturmgasse, A 1+k5 3940 Tramwaytag (51244149463).jpg",0.60,55.2,"https://commons.wikimedia.org/wiki/File:2017-05-06_AT_Wien_09_Alsergrund,_Nussdorfer_Stra%C3%9Fe_@_Pulverturmgasse,_A_1%2Bk5_3940_Tramwaytag_(51244149463).jpg",https://upload.wikimedia.org/wikipedia/commons/0/0d/2017-05-06_AT_Wien_09_Alsergrund%2C_Nussdorfer_Stra%C3%9Fe_%40_Pulverturmgasse%2C_A_1%2Bk5_3940_Tramwaytag_%2851244149463%29.jpg?utm_source=commons.wikimedia.org&utm_campaign=imageinfo&utm_content=original,Paul Korecky,CC BY-SA 2.0,https://creativecommons.org/licenses/by-sa/2.0,2017-05-06 11:00,Straße & Hausnummer 'pulverturmgasse 4' im Bildtext (+0.35) | Sehr gute Geodistanz (55m <= 90m) (+0.25)
17834,OBERE AUGARTENSTR. 44,Obere Augartenstraße 44,2,File:Wien 02 Obere Augartenstraße 44 a.jpg,0.70,53.5,https://commons.wikimedia.org/wiki/File:Wien_02_Obere_Augartenstra%C3%9Fe_44_a.jpg,https://upload.wikimedia.org/wikipedia/commons/6/6e/Wien_02_Obere_Augartenstra%C3%9Fe_44_a.jpg?utm_source=commons.wikimedia.org&utm_campaign=imageinfo&utm_content=original,Gugerell,CC0,http://creativecommons.org/publicdomain/zero/1.0/deed.en,2021-12-21 11:23:57,Straße & Hausnummer 'obere augartenstraße 44' im Bildtext (+0.35) | Sehr gute Geodistanz (54m <= 90m) (+0.25) | Gemeindebau/Kommunalbau-Kontext im Bildtext (+0.10)
17847,MARTINSTRASSE 85,Martinstraße 85,18,File:Wien Martinstraße 85.jpg,0.70,43.2,https://commons.wikimedia.org/wiki/File:Wien_Martinstra%C3%9Fe_85.jpg,https://upload.wikimedia.org/wikipedia/commons/6/68/Wien_Martinstra%C3%9Fe_85.jpg?utm_source=commons.wikimedia.org&utm_campaign=imageinfo&utm_content=original,Hadi,CC0,http://creativecommons.org/publicdomain/zero/1.0/deed.en,2017-12-31,Straße & Hausnummer 'martinstraße 85' im Bildtext (+0.35) | Sehr gute Geodistanz (43m <= 90m) (+0.25) | Gemeindebau/Kommunalbau-Kontext im Bildtext (+0.10)
17861,ROSSAUER LAENDE 21,Pramergasse 30,9,File:Wien 09 Rossauer Lände 021.jpg,0.60,67.8,https://commons.wikimedia.org/wiki/File:Wien_09_Rossauer_L%C3%A4nde_021.jpg,https://upload.wikimedia.org/wikipedia/commons/c/c4/Wien_09_Rossauer_L%C3%A4nde_021.jpg?utm_source=commons.wikimedia.org&utm_campaign=imageinfo&utm_content=original,Gugerell,CC0,http://creativecommons.org/publicdomain/zero/1.0/deed.en,2020-05-07 10:48:46,Straße & Hausnummer 'pramergasse 30' im Bildtext (+0.35) | Sehr gute Geodistanz (68m <= 90m) (+0.25)
17870,BRUNNER STRASSE 21,Brunner Straße 21,23,"File:Brunner Straße 21, Wien 3.jpg",0.70,58.3,"https://commons.wikimedia.org/wiki/File:Brunner_Stra%C3%9Fe_21,_Wien_3.jpg",https://upload.wikimedia.org/wikipedia/commons/4/4d/Brunner_Stra%C3%9Fe_21%2C_Wien_3.jpg?utm_source=commons.wikimedia.org&utm_campaign=imageinfo&utm_content=original,Thomas Ledl,CC BY-SA 4.0,https://creativecommons.org/licenses/by-sa/4.0,2016-11-01 16:04:36,Straße & Hausnummer 'brunner straße 21' im Bildtext (+0.35) | Sehr gute Geodistanz (58m <= 90m) (+0.25) | Gemeindebau/Kommunalbau-Kontext im Bildtext (+0.10)
18090,Pablo-Neruda-Hof,Gersthofer Straße 125-129,18,File:Wien 18 Gersthofer Straße 125.jpg,0.60,46.0,https://commons.wikimedia.org/wiki/File:Wien_18_Gersthofer_Stra%C3%9Fe_125.jpg,https://upload.wikimedia.org/wikipedia/commons/6/67/Wien_18_Gersthofer_Stra%C3%9Fe_125.jpg?utm_source=commons.wikimedia.org&utm_campaign=imageinfo&utm_content=original,Gugerell,CC0,http://creativecommons.org/publicdomain/zero/1.0/deed.en,2020-04-23 11:07:47,Straße & Hausnummer 'gersthofer straße 125' im Bildtext (+0.35) | Sehr gute Geodistanz (46m <= 90m) (+0.25)
18000,PARACELSUSGASSE 4,Paracelsusgasse 4,3,File:Wien 03 Weißgerberlände 054 a.jpg,0.60,54.9,https://commons.wikimedia.org/wiki/File:Wien_03_Wei%C3%9Fgerberl%C3%A4nde_054_a.jpg,https://upload.wikimedia.org/wikipedia/commons/a/a6/Wien_03_Wei%C3%9Fgerberl%C3%A4nde_054_a.jpg?utm_source=commons.wikimedia.org&utm_campaign=imageinfo&utm_content=original,Gugerell,CC0,http://creativecommons.org/publicdomain/zero/1.0/deed.en,2014-06-09,Straße & Hausnummer 'paracelsusgasse 4' im Bildtext (+0.35) | Sehr gute Geodistanz (55m <= 90m) (+0.25)
18098,MARCHFELDSTRASSE 16-18,Marchfeldstraße 16-18,20,"File:2019-02-16 AT Wien 20 Brigittenau, Marchfeldstraße @ Friedrich-Engels-Platz, A 6 Linie 33 (51523469737).jpg",0.60,48.1,"https://commons.wikimedia.org/wiki/File:2019-02-16_AT_Wien_20_Brigittenau,_Marchfeldstra%C3%9Fe_@_Friedrich-Engels-Platz,_A_6_Linie_33_(51523469737).jpg",https://upload.wikimedia.org/wikipedia/commons/9/98/2019-02-16_AT_Wien_20_Brigittenau%2C_Marchfeldstra%C3%9Fe_%40_Friedrich-Engels-Platz%2C_A_6_Linie_33_%2851523469737%29.jpg?utm_source=commons.wikimedia.org&utm_campaign=imageinfo&utm_content=original,Paul Korecky,CC BY-SA 2.0,https://creativecommons.org/licenses/by-sa/2.0,2019-02-16 14:48,Straße & Hausnummer 'marchfeldstraße 16' im Bildtext (+0.35) | Sehr gute Geodistanz (48m <= 90m) (+0.25)
18171,GRUENDORFGASSE 1-3,Gründorfgasse 1-3,14,File:Wien 14 Meiselstraße 075 a.jpg,0.60,73.0,https://commons.wikimedia.org/wiki/File:Wien_14_Meiselstra%C3%9Fe_075_a.jpg,https://upload.wikimedia.org/wikipedia/commons/8/88/Wien_14_Meiselstra%C3%9Fe_075_a.jpg?utm_source=commons.wikimedia.org&utm_campaign=imageinfo&utm_content=original,Gugerell,CC0,http://creativecommons.org/publicdomain/zero/1.0/deed.en,2014-05-31,Straße & Hausnummer 'gründorfgasse 1' im Bildtext (+0.35) | Sehr gute Geodistanz (73m <= 90m) (+0.25)
17923,Eberthof,Hütteldorfer Straße 16-22,15,File:Ebert-Hof 03.JPG,0.60,74.5,https://commons.wikimedia.org/wiki/File:Ebert-Hof_03.JPG,https://upload.wikimedia.org/wikipedia/commons/2/23/Ebert-Hof_03.JPG?utm_source=commons.wikimedia.org&utm_campaign=imageinfo&utm_content=original,"Architects: Karl Hauschka (1896–1981), Viktor Mittag (1896–1962) Photographer: Wolfgang Glock",CC BY-SA 3.0,https://creativecommons.org/licenses/by-sa/3.0,2011-04-08,Straße & Hausnummer 'hütteldorfer straße 16' im Bildtext (+0.35) | Sehr gute Geodistanz (74m <= 90m) (+0.25)
18028,Dr. Franz-Koch-Hof,Mitterhofergasse 2,21,"File:Floridsdorf (Wien) - Gemeindebau, Dr. Franz-Koch-Hof.JPG",0.65,243.2,"https://commons.wikimedia.org/wiki/File:Floridsdorf_(Wien)_-_Gemeindebau,_Dr._Franz-Koch-Hof.JPG",https://upload.wikimedia.org/wikipedia/commons/2/2c/Floridsdorf_%28Wien%29_-_Gemeindebau%2C_Dr._Franz-Koch-Hof.JPG?utm_source=commons.wikimedia.org&utm_campaign=imageinfo&utm_content=original,C.Stadler/Bwag,CC BY-SA 4.0,https://creativecommons.org/licenses/by-sa/4.0,2016-06-23,Exakter Hofname 'Dr. Franz-Koch-Hof' im Bildtext (+0.50) | Moderate Geodistanz (243m <= 250m) (+0.05) | Gemeindebau/Kommunalbau-Kontext im Bildtext (+0.10)
18114,WIENERBERGSTRASSE 14-14A,Wienerbergstraße 14,12,File:Wienerbergstraße 14 (03).jpg,0.75,28.0,https://commons.wikimedia.org/wiki/File:Wienerbergstra%C3%9Fe_14_(03).jpg,https://upload.wikimedia.org/wikipedia/commons/6/66/Wienerbergstra%C3%9Fe_14_%2803%29.jpg?utm_source=commons.wikimedia.org&utm_campaign=imageinfo&utm_content=original,Herzi Pinki,CC BY-SA 3.0,https://creativecommons.org/licenses/by-sa/3.0,2014-04-02 16:47:56,Straße & Hausnummer 'wienerbergstraße 14' im Bildtext (+0.35) | Hervorragende Geodistanz (28m <= 40m) (+0.30) | Gemeindebau/Kommunalbau-Kontext im Bildtext (+0.10)
18186,ABSBERGGASSE 5,Absberggasse 5,10,File:Wien-wiener-linien-sl-6-1049864.jpg,0.65,30.6,https://commons.wikimedia.org/wiki/File:Wien-wiener-linien-sl-6-1049864.jpg,https://upload.wikimedia.org/wikipedia/commons/0/0e/Wien-wiener-linien-sl-6-1049864.jpg?utm_source=commons.wikimedia.org&utm_campaign=imageinfo&utm_content=original,Kurt Rasmussen,Attribution,,2017-10-19 17:11:40,Straße & Hausnummer 'absberggasse 5' im Bildtext (+0.35) | Hervorragende Geodistanz (31m <= 40m) (+0.30)
18030,KLAEHRGASSE 4,Klährgasse 4,12,"File:Klährgasse 10, Vienna 04.jpg",0.60,62.7,"https://commons.wikimedia.org/wiki/File:Kl%C3%A4hrgasse_10,_Vienna_04.jpg",https://upload.wikimedia.org/wikipedia/commons/e/e8/Kl%C3%A4hrgasse_10%2C_Vienna_04.jpg?utm_source=commons.wikimedia.org&utm_campaign=imageinfo&utm_content=original,Herzi Pinki,CC BY-SA 4.0,https://creativecommons.org/licenses/by-sa/4.0,2021-06-05 13:21:53,Straße & Hausnummer 'klährgasse 4' im Bildtext (+0.35) | Sehr gute Geodistanz (63m <= 90m) (+0.25)
18120,MAGDALENENSTRASSE 13,Magdalenenstraße 13,6,File:Wien06 Magdalenenstraße013 2018-05-19 GuentherZ GD Dassanowsky 1398.jpg,0.60,54.1,https://commons.wikimedia.org/wiki/File:Wien06_Magdalenenstra%C3%9Fe013_2018-05-19_GuentherZ_GD_Dassanowsky_1398.jpg,https://upload.wikimedia.org/wikipedia/commons/b/ba/Wien06_Magdalenenstra%C3%9Fe013_2018-05-19_GuentherZ_GD_Dassanowsky_1398.jpg?utm_source=commons.wikimedia.org&utm_campaign=imageinfo&utm_content=original,GuentherZ,CC BY-SA 3.0,https://creativecommons.org/licenses/by-sa/3.0,2018-05-19 09:51:15,Straße & Hausnummer 'magdalenenstraße 13' im Bildtext (+0.35) | Sehr gute Geodistanz (54m <= 90m) (+0.25)
18038,SIEBENBRUNNENGASSE 76-78,Siebenbrunnengasse 76-80,5,"File:Statue of Richard of Chichester at Siebenbrunnengasse 78-76, Margareten.jpg",0.70,44.0,"https://commons.wikimedia.org/wiki/File:Statue_of_Richard_of_Chichester_at_Siebenbrunnengasse_78-76,_Margareten.jpg",https://upload.wikimedia.org/wikipedia/commons/8/8b/Statue_of_Richard_of_Chichester_at_Siebenbrunnengasse_78-76%2C_Margareten.jpg?utm_source=commons.wikimedia.org&utm_campaign=imageinfo&utm_content=original,Herzi Pinki,CC BY-SA 4.0,https://creativecommons.org/licenses/by-sa/4.0,2016-03-12 16:24:20,Straße & Hausnummer 'siebenbrunnengasse 76' im Bildtext (+0.35) | Sehr gute Geodistanz (44m <= 90m) (+0.25) | Gemeindebau/Kommunalbau-Kontext im Bildtext (+0.10)
18040,LAURENZGASSE 16-18,Laurenzgasse 14-18,5,File:Laurenzgasse 14-18.jpg,0.65,20.5,https://commons.wikimedia.org/wiki/File:Laurenzgasse_14-18.jpg,https://upload.wikimedia.org/wikipedia/commons/5/5c/Laurenzgasse_14-18.jpg?utm_source=commons.wikimedia.org&utm_campaign=imageinfo&utm_content=original,styko,CC BY-SA 4.0,https://creativecommons.org/licenses/by-sa/4.0,2015-03-27 16:57:49,Straße & Hausnummer 'laurenzgasse 14' im Bildtext (+0.35) | Hervorragende Geodistanz (20m <= 40m) (+0.30)
18122,GUMPENDORFER STRASSE 86,Gumpendorfer Straße 86,6,File:Gumpendorfer Straße 86.jpg,0.75,8.8,https://commons.wikimedia.org/wiki/File:Gumpendorfer_Stra%C3%9Fe_86.jpg,https://upload.wikimedia.org/wikipedia/commons/1/1a/Gumpendorfer_Stra%C3%9Fe_86.jpg?utm_source=commons.wikimedia.org&utm_campaign=imageinfo&utm_content=original,Thomas Ledl,CC BY-SA 4.0,https://creativecommons.org/licenses/by-sa/4.0,2014-06-09 23:28:36,Straße & Hausnummer 'gumpendorfer straße 86' im Bildtext (+0.35) | Hervorragende Geodistanz (9m <= 40m) (+0.30) | Gemeindebau/Kommunalbau-Kontext im Bildtext (+0.10)
18043,DR.-NEUMANN-GASSE 8-10,Dr.-Neumann-Gasse 8-10,23,File:Lastenstraße 38-46.jpg,0.65,38.1,https://commons.wikimedia.org/wiki/File:Lastenstra%C3%9Fe_38-46.jpg,https://upload.wikimedia.org/wikipedia/commons/7/7e/Lastenstra%C3%9Fe_38-46.jpg?utm_source=commons.wikimedia.org&utm_campaign=imageinfo&utm_content=original,Linie29,CC BY-SA 4.0,https://creativecommons.org/licenses/by-sa/4.0,2019-06-08 11:05:30,Straße & Hausnummer 'dr.-neumann-gasse 8' im Bildtext (+0.35) | Hervorragende Geodistanz (38m <= 40m) (+0.30)
18044,Schnitzlerhof,Döblinger Hauptstraße 1,19,File:Ibis Styles Wien City 01.jpg,0.65,29.0,https://commons.wikimedia.org/wiki/File:Ibis_Styles_Wien_City_01.jpg,https://upload.wikimedia.org/wikipedia/commons/0/0c/Ibis_Styles_Wien_City_01.jpg?utm_source=commons.wikimedia.org&utm_campaign=imageinfo&utm_content=original,Herzi Pinki,CC BY-SA 4.0,https://creativecommons.org/licenses/by-sa/4.0,2025-05-31 16:42:13,Straße & Hausnummer 'döblinger hauptstraße 1' im Bildtext (+0.35) | Hervorragende Geodistanz (29m <= 40m) (+0.30)
18045,WALCHERSTRASSE 10-16,Walcherstraße 10-16,2,File:Glasmosaikwandbild Spielende Kinder von Rudolf Korunka 02.jpg,0.65,21.6,https://commons.wikimedia.org/wiki/File:Glasmosaikwandbild_Spielende_Kinder_von_Rudolf_Korunka_02.jpg,https://upload.wikimedia.org/wikipedia/commons/3/33/Glasmosaikwandbild_Spielende_Kinder_von_Rudolf_Korunka_02.jpg?utm_source=commons.wikimedia.org&utm_campaign=imageinfo&utm_content=original,Herzi Pinki,CC BY-SA 4.0,https://creativecommons.org/licenses/by-sa/4.0,2018-08-18 18:42:55,Straße & Hausnummer 'walcherstraße 10' im Bildtext (+0.35) | Hervorragende Geodistanz (22m <= 40m) (+0.30)
18189,LEONHARDGASSE 2-10,Leonhardgasse 2-10,3,"File:Pestkapelle Leonhardgasse 2, Vienna.jpg",0.60,50.1,"https://commons.wikimedia.org/wiki/File:Pestkapelle_Leonhardgasse_2,_Vienna.jpg",https://upload.wikimedia.org/wikipedia/commons/3/32/Pestkapelle_Leonhardgasse_2%2C_Vienna.jpg?utm_source=commons.wikimedia.org&utm_campaign=imageinfo&utm_content=original,Peter at Vienna,CC BY-SA 3.0 at,https://creativecommons.org/licenses/by-sa/3.0/at/deed.en,2013-05-26 16:49:32,Straße & Hausnummer 'leonhardgasse 2' im Bildtext (+0.35) | Sehr gute Geodistanz (50m <= 90m) (+0.25)
18190,FASANGASSE 35-37,Fasangasse 35-37,3,File:Bücherei Fasanviertel.jpg,0.75,15.7,https://commons.wikimedia.org/wiki/File:B%C3%BCcherei_Fasanviertel.jpg,https://upload.wikimedia.org/wikipedia/commons/a/ae/B%C3%BCcherei_Fasanviertel.jpg?utm_source=commons.wikimedia.org&utm_campaign=imageinfo&utm_content=original,Herzi Pinki,CC BY-SA 4.0,https://creativecommons.org/licenses/by-sa/4.0,2022-06-23 12:49:30,Straße & Hausnummer 'fasangasse 35' im Bildtext (+0.35) | Hervorragende Geodistanz (16m <= 40m) (+0.30) | Gemeindebau/Kommunalbau-Kontext im Bildtext (+0.10)
18051,VEITINGERGASSE 95 - 97,Veitingergasse 95-97,13,File:Veitingergasse 95-97 - Widmungstafel.jpg,0.75,13.1,https://commons.wikimedia.org/wiki/File:Veitingergasse_95-97_-_Widmungstafel.jpg,https://upload.wikimedia.org/wikipedia/commons/8/88/Veitingergasse_95-97_-_Widmungstafel.jpg?utm_source=commons.wikimedia.org&utm_campaign=imageinfo&utm_content=original,Herzi Pinki,CC BY-SA 4.0,https://creativecommons.org/licenses/by-sa/4.0,2018-11-17 16:10:45,Straße & Hausnummer 'veitingergasse 95' im Bildtext (+0.35) | Hervorragende Geodistanz (13m <= 40m) (+0.30) | Gemeindebau/Kommunalbau-Kontext im Bildtext (+0.10)
18053,Grassingerhof,Brunhildengasse 3,15,File:Hagengasse 23.jpg,0.65,33.9,https://commons.wikimedia.org/wiki/File:Hagengasse_23.jpg,https://upload.wikimedia.org/wikipedia/commons/d/d6/Hagengasse_23.jpg?utm_source=commons.wikimedia.org&utm_campaign=imageinfo&utm_content=original,"Architects : Josef Berger (1898–1989), Martin Ziegler (1896–?) Photographer : Wolfgang Glock",CC BY-SA 3.0,https://creativecommons.org/licenses/by-sa/3.0,2011-05-07,Straße & Hausnummer 'brunhildengasse 3' im Bildtext (+0.35) | Hervorragende Geodistanz (34m <= 40m) (+0.30)
18047,MENDELSSOHNGASSE 2,Mendelssohngasse 2,22,File:Mendelssohngasse2.jpg,0.75,2.8,https://commons.wikimedia.org/wiki/File:Mendelssohngasse2.jpg,https://upload.wikimedia.org/wikipedia/commons/a/aa/Mendelssohngasse2.jpg?utm_source=commons.wikimedia.org&utm_campaign=imageinfo&utm_content=original,Clemens Mosch,CC BY-SA 4.0,https://creativecommons.org/licenses/by-sa/4.0,2016-06-03 16:51:47,Straße & Hausnummer 'mendelssohngasse 2' im Bildtext (+0.35) | Hervorragende Geodistanz (3m <= 40m) (+0.30) | Gemeindebau/Kommunalbau-Kontext im Bildtext (+0.10)
18048,RADINGERSTRASSE 21,Radingerstraße 21,2,File:Wien 02 Haus Radingerstraße 21 e.jpg,0.65,23.9,https://commons.wikimedia.org/wiki/File:Wien_02_Haus_Radingerstra%C3%9Fe_21_e.jpg,https://upload.wikimedia.org/wikipedia/commons/c/c5/Wien_02_Haus_Radingerstra%C3%9Fe_21_e.jpg?utm_source=commons.wikimedia.org&utm_campaign=imageinfo&utm_content=original,Gugerell,CC0,http://creativecommons.org/publicdomain/zero/1.0/deed.en,2022-01-14 11:18:50,Straße & Hausnummer 'radingerstraße 21' im Bildtext (+0.35) | Hervorragende Geodistanz (24m <= 40m) (+0.30)
18056,GALILEIGASSE 4,Galileigasse 4,9,File:Galileigasse 004.jpg,0.65,32.2,https://commons.wikimedia.org/wiki/File:Galileigasse_004.jpg,https://upload.wikimedia.org/wikipedia/commons/e/e2/Galileigasse_004.jpg?utm_source=commons.wikimedia.org&utm_campaign=imageinfo&utm_content=original,Hausa~commonswiki,CC BY 4.0,https://creativecommons.org/licenses/by/4.0,2024-07-09 19:28:57,Straße & Hausnummer 'galileigasse 4' im Bildtext (+0.35) | Hervorragende Geodistanz (32m <= 40m) (+0.30)
18128,ENGERTHSTRASSE 237B,Engerthstraße 237,2,File:1020 Engerthstraße 237 Handelskai 222-224 Stg 4 - Mosaik Brückenbau von Hans Stockbauer 1961 IMG 8993.jpg,0.75,48.0,https://commons.wikimedia.org/wiki/File:1020_Engerthstra%C3%9Fe_237_Handelskai_222-224_Stg_4_-_Mosaik_Br%C3%BCckenbau_von_Hans_Stockbauer_1961_IMG_8993.jpg,https://upload.wikimedia.org/wikipedia/commons/4/45/1020_Engerthstra%C3%9Fe_237_Handelskai_222-224_Stg_4_-_Mosaik_Br%C3%BCckenbau_von_Hans_Stockbauer_1961_IMG_8993.jpg?utm_source=commons.wikimedia.org&utm_campaign=imageinfo&utm_content=original,Ewald Judt,CC BY 4.0,https://creativecommons.org/licenses/by/4.0,2014-02-17,Straße & Hausnummer 'engerthstraße 237' im Bildtext (+0.35) | Sehr gute Geodistanz (48m <= 90m) (+0.25) | Gemeindebau/Kommunalbau-Kontext im Bildtext (+0.10) | Bezirksbezug (2. Bezirk) im Bildtext (+0.05)
18132,Mithlingerhof Rasenstadt,Neilreichgasse 100,10,"File:GT Rudolf Friemel, Ernst-Ludwig-Gasse 8, Stiege 1, Vienna 02.jpg",0.65,160.9,"https://commons.wikimedia.org/wiki/File:GT_Rudolf_Friemel,_Ernst-Ludwig-Gasse_8,_Stiege_1,_Vienna_02.jpg",https://upload.wikimedia.org/wikipedia/commons/0/0d/GT_Rudolf_Friemel%2C_Ernst-Ludwig-Gasse_8%2C_Stiege_1%2C_Vienna_02.jpg?utm_source=commons.wikimedia.org&utm_campaign=imageinfo&utm_content=original,Herzi Pinki,CC BY-SA 4.0,https://creativecommons.org/licenses/by-sa/4.0,2023-06-30 16:04:53,Exakter Hofname 'Mithlingerhof Rasenstadt' im Bildtext (+0.50) | Moderate Geodistanz (161m <= 250m) (+0.05) | Gemeindebau/Kommunalbau-Kontext im Bildtext (+0.10)
18224,JAEGERHAUSGASSE 52-56,Jägerhausgasse 52-56,12,"File:Jägerhausgasse 52-56, Vienna.jpg",0.75,32.0,"https://commons.wikimedia.org/wiki/File:J%C3%A4gerhausgasse_52-56,_Vienna.jpg",https://upload.wikimedia.org/wikipedia/commons/a/a5/J%C3%A4gerhausgasse_52-56%2C_Vienna.jpg?utm_source=commons.wikimedia.org&utm_campaign=imageinfo&utm_content=original,Thomas Ledl,CC BY-SA 4.0,https://creativecommons.org/licenses/by-sa/4.0,2016-08-21 13:05:00,Straße & Hausnummer 'jägerhausgasse 52' im Bildtext (+0.35) | Hervorragende Geodistanz (32m <= 40m) (+0.30) | Gemeindebau/Kommunalbau-Kontext im Bildtext (+0.10)
18063,AUSSTELLUNGSSTRASSE 65,Ausstellungsstraße 65,2,"File:Ausstellungsstraße 65, Leopoldstadt (02).jpg",0.70,53.0,"https://commons.wikimedia.org/wiki/File:Ausstellungsstra%C3%9Fe_65,_Leopoldstadt_(02).jpg",https://upload.wikimedia.org/wikipedia/commons/3/36/Ausstellungsstra%C3%9Fe_65%2C_Leopoldstadt_%2802%29.jpg?utm_source=commons.wikimedia.org&utm_campaign=imageinfo&utm_content=original,Herzi Pinki,CC BY-SA 4.0,https://creativecommons.org/licenses/by-sa/4.0,2018-04-24 15:46:56,Straße & Hausnummer 'ausstellungsstraße 65' im Bildtext (+0.35) | Sehr gute Geodistanz (53m <= 90m) (+0.25) | Gemeindebau/Kommunalbau-Kontext im Bildtext (+0.10)
18208,MARGARETENSTRASSE 40,Margaretenstraße 40,4,"File:Margaretenstraße 40, Vienna.jpg",0.75,7.1,"https://commons.wikimedia.org/wiki/File:Margaretenstra%C3%9Fe_40,_Vienna.jpg",https://upload.wikimedia.org/wikipedia/commons/6/6f/Margaretenstra%C3%9Fe_40%2C_Vienna.jpg?utm_source=commons.wikimedia.org&utm_campaign=imageinfo&utm_content=original,Thomas Ledl,CC BY-SA 4.0,https://creativecommons.org/licenses/by-sa/4.0,2016-07-30 11:38:48,Straße & Hausnummer 'margaretenstraße 40' im Bildtext (+0.35) | Hervorragende Geodistanz (7m <= 40m) (+0.30) | Gemeindebau/Kommunalbau-Kontext im Bildtext (+0.10)
18138,Hugo-Breitner-Hof,Linzer Straße 299-325,14,File:Wien-Baumgarten - Hugo Breitner-Hof - Denkmal Hugo Breitner.jpg,0.75,64.3,https://commons.wikimedia.org/wiki/File:Wien-Baumgarten_-_Hugo_Breitner-Hof_-_Denkmal_Hugo_Breitner.jpg,https://upload.wikimedia.org/wikipedia/commons/e/eb/Wien-Baumgarten_-_Hugo_Breitner-Hof_-_Denkmal_Hugo_Breitner.jpg?utm_source=commons.wikimedia.org&utm_campaign=imageinfo&utm_content=original,Häferl,CC BY-SA 3.0 at,https://creativecommons.org/licenses/by-sa/3.0/at/deed.en,2013-07-09 12:02:54,Exakter Hofname 'Hugo-Breitner-Hof' im Bildtext (+0.50) | Sehr gute Geodistanz (64m <= 90m) (+0.25)
18192,SCHOENBRUNNER STR. 159,Kollmayergasse 2-8,12,"File:Relief Alter Meidlinger Geflügelmarkt by Franz Fischer, Kollmayergasse 2, Vienna.jpg",0.75,33.5,"https://commons.wikimedia.org/wiki/File:Relief_Alter_Meidlinger_Gefl%C3%BCgelmarkt_by_Franz_Fischer,_Kollmayergasse_2,_Vienna.jpg",https://upload.wikimedia.org/wikipedia/commons/8/81/Relief_Alter_Meidlinger_Gefl%C3%BCgelmarkt_by_Franz_Fischer%2C_Kollmayergasse_2%2C_Vienna.jpg?utm_source=commons.wikimedia.org&utm_campaign=imageinfo&utm_content=original,Herzi Pinki,CC BY-SA 4.0,https://creativecommons.org/licenses/by-sa/4.0,2017-03-07 09:34:39,Straße & Hausnummer 'kollmayergasse 2' im Bildtext (+0.35) | Hervorragende Geodistanz (34m <= 40m) (+0.30) | Gemeindebau/Kommunalbau-Kontext im Bildtext (+0.10)
17977,MERGENTHALERPLATZ 1,Mergenthalerplatz 1,22,File:Mergenthalerplatz1.jpg,0.70,47.1,https://commons.wikimedia.org/wiki/File:Mergenthalerplatz1.jpg,https://upload.wikimedia.org/wikipedia/commons/d/db/Mergenthalerplatz1.jpg?utm_source=commons.wikimedia.org&utm_campaign=imageinfo&utm_content=original,Clemens Mosch,CC BY-SA 4.0,https://creativecommons.org/licenses/by-sa/4.0,2016-06-03 18:14:01,Straße & Hausnummer 'mergenthalerplatz 1' im Bildtext (+0.35) | Sehr gute Geodistanz (47m <= 90m) (+0.25) | Gemeindebau/Kommunalbau-Kontext im Bildtext (+0.10)
18076,KAUNITZGASSE 11,Kaunitzgasse 11-13,6,"File:Kaunitzgasse 15-17, Vienna.jpg",0.60,36.0,"https://commons.wikimedia.org/wiki/File:Kaunitzgasse_15-17,_Vienna.jpg",https://upload.wikimedia.org/wikipedia/commons/4/4b/Kaunitzgasse_15-17%2C_Vienna.jpg?utm_source=commons.wikimedia.org&utm_campaign=imageinfo&utm_content=original,Thomas Ledl,CC BY-SA 4.0,https://creativecommons.org/licenses/by-sa/4.0,2016-07-21 15:44:03,Straße 'kaunitzgasse' im Bildtext (+0.20) | Hervorragende Geodistanz (36m <= 40m) (+0.30) | Gemeindebau/Kommunalbau-Kontext im Bildtext (+0.10)
17991,KARL-HEINZ-STRASSE 22A,Karl-Heinz-Straße 22a,23,"File:Karl-Heinz-Straße 22a, Vienna.jpg",0.75,4.1,"https://commons.wikimedia.org/wiki/File:Karl-Heinz-Stra%C3%9Fe_22a,_Vienna.jpg",https://upload.wikimedia.org/wikipedia/commons/0/0d/Karl-Heinz-Stra%C3%9Fe_22a%2C_Vienna.jpg?utm_source=commons.wikimedia.org&utm_campaign=imageinfo&utm_content=original,Thomas Ledl,CC BY-SA 4.0,https://creativecommons.org/licenses/by-sa/4.0,2016-08-21 12:40:41,Straße & Hausnummer 'karl-heinz-straße 22' im Bildtext (+0.35) | Hervorragende Geodistanz (4m <= 40m) (+0.30) | Gemeindebau/Kommunalbau-Kontext im Bildtext (+0.10)
17664,PRANDAUGASSE 3,Prandaugasse 3,22,File:Wien-wiener-linien-sl-25-1133402.jpg,0.60,67.9,https://commons.wikimedia.org/wiki/File:Wien-wiener-linien-sl-25-1133402.jpg,https://upload.wikimedia.org/wikipedia/commons/1/17/Wien-wiener-linien-sl-25-1133402.jpg?utm_source=commons.wikimedia.org&utm_campaign=imageinfo&utm_content=original,Kurt Rasmussen,Attribution,,2019-02-11 17:03:47,Straße & Hausnummer 'prandaugasse 3' im Bildtext (+0.35) | Sehr gute Geodistanz (68m <= 90m) (+0.25)
17665,YBBSSTRASSE 40-42,Ybbsstraße 40-42,2,File:1020 Ybbsstraße 40-42 - Relief Pflanzen und Tiere von Josef Franz Riedl 1928 IMG 6664.jpg,0.80,16.3,https://commons.wikimedia.org/wiki/File:1020_Ybbsstra%C3%9Fe_40-42_-_Relief_Pflanzen_und_Tiere_von_Josef_Franz_Riedl_1928_IMG_6664.jpg,https://upload.wikimedia.org/wikipedia/commons/1/1d/1020_Ybbsstra%C3%9Fe_40-42_-_Relief_Pflanzen_und_Tiere_von_Josef_Franz_Riedl_1928_IMG_6664.jpg?utm_source=commons.wikimedia.org&utm_campaign=imageinfo&utm_content=original,Ewald Judt,CC BY 4.0,https://creativecommons.org/licenses/by/4.0,2013-11-27,Straße & Hausnummer 'ybbsstraße 40' im Bildtext (+0.35) | Hervorragende Geodistanz (16m <= 40m) (+0.30) | Gemeindebau/Kommunalbau-Kontext im Bildtext (+0.10) | Bezirksbezug (2. Bezirk) im Bildtext (+0.05)
15583,Karl-Mark-Hof,Obkirchergasse 16,19,File:2008.04.29.Karl-Mark-Hof.Karl-Mark-Gasse.Vienna1190b.JPG,0.60,170.4,https://commons.wikimedia.org/wiki/File:2008.04.29.Karl-Mark-Hof.Karl-Mark-Gasse.Vienna1190b.JPG,https://upload.wikimedia.org/wikipedia/commons/e/e9/2008.04.29.Karl-Mark-Hof.Karl-Mark-Gasse.Vienna1190b.JPG?utm_source=commons.wikimedia.org&utm_campaign=imageinfo&utm_content=original,Anton-kurt,Public domain,,2008-04-29,Exakter Hofname 'Karl-Mark-Hof' im Bildtext (+0.50) | Moderate Geodistanz (170m <= 250m) (+0.05) | Bezirksbezug (19. Bezirk) im Bildtext (+0.05)
15675,STAMMERSDORFER STR. 50,Stammersdorfer Straße 50,21,File:Margarethe-Trappl-Hof Innenansicht img01.jpg,0.80,17.4,https://commons.wikimedia.org/wiki/File:Margarethe-Trappl-Hof_Innenansicht_img01.jpg,https://upload.wikimedia.org/wikipedia/commons/4/44/Margarethe-Trappl-Hof_Innenansicht_img01.jpg?utm_source=commons.wikimedia.org&utm_campaign=imageinfo&utm_content=original,Lucaconi2000,CC BY 4.0,https://creativecommons.org/licenses/by/4.0,2025-02-25 02:10:09,Straße & Hausnummer 'stammersdorfer straße 50' im Bildtext (+0.35) | Hervorragende Geodistanz (17m <= 40m) (+0.30) | Gemeindebau/Kommunalbau-Kontext im Bildtext (+0.10) | Bezirksbezug (21. Bezirk) im Bildtext (+0.05)
15678,Johann-Resch Hof,Werthenburggasse 2-4,12,"File:Sgraffito ""Der Deutsche Ritterorden als Grundherr Hetzendorfs"" by Karl Kemetter, Hetzendorf.jpg",0.75,49.0,"https://commons.wikimedia.org/wiki/File:Sgraffito_%22Der_Deutsche_Ritterorden_als_Grundherr_Hetzendorfs%22_by_Karl_Kemetter,_Hetzendorf.jpg",https://upload.wikimedia.org/wikipedia/commons/b/b8/Sgraffito_%22Der_Deutsche_Ritterorden_als_Grundherr_Hetzendorfs%22_by_Karl_Kemetter%2C_Hetzendorf.jpg?utm_source=commons.wikimedia.org&utm_campaign=imageinfo&utm_content=original,Herzi Pinki,CC BY-SA 3.0,https://creativecommons.org/licenses/by-sa/3.0,2013-11-10 14:45:32,Kern-Hofname 'johann-resch' im Bildtext (+0.40) | Sehr gute Geodistanz (49m <= 90m) (+0.25) | Gemeindebau/Kommunalbau-Kontext im Bildtext (+0.10)
17671,SCHELLEINGASSE 3,Schelleingasse 3,4,File:4. Schelleingasse - 3.jpg,0.60,54.2,https://commons.wikimedia.org/wiki/File:4._Schelleingasse_-_3.jpg,https://upload.wikimedia.org/wikipedia/commons/c/c9/4._Schelleingasse_-_3.jpg?utm_source=commons.wikimedia.org&utm_campaign=imageinfo&utm_content=original,Ricardalovesmonuments,CC BY-SA 3.0,https://creativecommons.org/licenses/by-sa/3.0,"Taken on 13 May 2018 (according to <span lang=""en"" dir=""ltr""><a href=""https://en.wikipedia.org/wiki/Exif"" class=""extiw"" title=""en:Exif"">Exif</a></span> data)",Straße & Hausnummer 'schelleingasse 3' im Bildtext (+0.35) | Sehr gute Geodistanz (54m <= 90m) (+0.25)
15680,ERLAAER STRASSE 133,Erlaaer Straße 131-133,23,File:Erlaaer Straße 131-133.jpg,0.75,17.8,https://commons.wikimedia.org/wiki/File:Erlaaer_Stra%C3%9Fe_131-133.jpg,https://upload.wikimedia.org/wikipedia/commons/e/ef/Erlaaer_Stra%C3%9Fe_131-133.jpg?utm_source=commons.wikimedia.org&utm_campaign=imageinfo&utm_content=original,Thomas Ledl,CC BY-SA 4.0,https://creativecommons.org/licenses/by-sa/4.0,2016-11-22 07:40:58,Straße & Hausnummer 'erlaaer straße 131' im Bildtext (+0.35) | Hervorragende Geodistanz (18m <= 40m) (+0.30) | Gemeindebau/Kommunalbau-Kontext im Bildtext (+0.10)
17769,LINKE WIENZEILE 6,Linke Wienzeile 6,6,File:Wien06 Linke Wienzeile006 GD Theater an der Wien 2019-05-26 GuentherZ 162147.jpg,0.65,23.9,https://commons.wikimedia.org/wiki/File:Wien06_Linke_Wienzeile006_GD_Theater_an_der_Wien_2019-05-26_GuentherZ_162147.jpg,https://upload.wikimedia.org/wikipedia/commons/f/f9/Wien06_Linke_Wienzeile006_GD_Theater_an_der_Wien_2019-05-26_GuentherZ_162147.jpg?utm_source=commons.wikimedia.org&utm_campaign=imageinfo&utm_content=original,GuentherZ,CC BY-SA 3.0,https://creativecommons.org/licenses/by-sa/3.0,2019-05-26 16:21:47,Straße & Hausnummer 'linke wienzeile 6' im Bildtext (+0.35) | Hervorragende Geodistanz (24m <= 40m) (+0.30)
15603,NUSSDORFER STRASSE 13,Nußdorfer Straße 13,9,File:Wien-wiener-linien-sl-5-1067246.jpg,0.60,80.5,https://commons.wikimedia.org/wiki/File:Wien-wiener-linien-sl-5-1067246.jpg,https://upload.wikimedia.org/wikipedia/commons/e/eb/Wien-wiener-linien-sl-5-1067246.jpg?utm_source=commons.wikimedia.org&utm_campaign=imageinfo&utm_content=original,Kurt Rasmussen,Attribution,,2018-09-01 17:59:22,Straße & Hausnummer 'nußdorfer straße 13' im Bildtext (+0.35) | Sehr gute Geodistanz (80m <= 90m) (+0.25)
17688,HEINICKEGASSE 3,Heinickegasse 3,15,File:2020-05-12 Heinickegasse3 front.jpg,0.75,16.8,https://commons.wikimedia.org/wiki/File:2020-05-12_Heinickegasse3_front.jpg,https://upload.wikimedia.org/wikipedia/commons/c/c1/2020-05-12_Heinickegasse3_front.jpg?utm_source=commons.wikimedia.org&utm_campaign=imageinfo&utm_content=original,Rosso Robot,CC BY-SA 4.0,https://creativecommons.org/licenses/by-sa/4.0,2020-05-12 15:09:52,Straße & Hausnummer 'heinickegasse 3' im Bildtext (+0.35) | Hervorragende Geodistanz (17m <= 40m) (+0.30) | Gemeindebau/Kommunalbau-Kontext im Bildtext (+0.10)
17689,SIMMERINGER HAUPTSTR 142-150,Simmeringer Hauptstraße 142-150,11,File:Wien11 Simmeringer Hauptstraße142-150 GD Jochmann 2019-01-28 GuentherZ 4030.jpg,0.60,83.4,https://commons.wikimedia.org/wiki/File:Wien11_Simmeringer_Hauptstra%C3%9Fe142-150_GD_Jochmann_2019-01-28_GuentherZ_4030.jpg,https://upload.wikimedia.org/wikipedia/commons/7/78/Wien11_Simmeringer_Hauptstra%C3%9Fe142-150_GD_Jochmann_2019-01-28_GuentherZ_4030.jpg?utm_source=commons.wikimedia.org&utm_campaign=imageinfo&utm_content=original,GuentherZ,CC BY-SA 3.0,https://creativecommons.org/licenses/by-sa/3.0,2019-01-28 16:45:56,Straße & Hausnummer 'simmeringer hauptstraße 142' im Bildtext (+0.35) | Sehr gute Geodistanz (83m <= 90m) (+0.25)
17616,SCHRUTKAGASSE 1-7,Schrutkagasse 1-7,13,File:Gedenktafel für Karl Fischer (Widerstandskämpfer).jpg,0.70,75.9,https://commons.wikimedia.org/wiki/File:Gedenktafel_f%C3%BCr_Karl_Fischer_(Widerstandsk%C3%A4mpfer).jpg,https://upload.wikimedia.org/wikipedia/commons/8/8f/Gedenktafel_f%C3%BCr_Karl_Fischer_%28Widerstandsk%C3%A4mpfer%29.jpg?utm_source=commons.wikimedia.org&utm_campaign=imageinfo&utm_content=original,Dnalor 01,CC BY-SA 3.0 at,https://creativecommons.org/licenses/by-sa/3.0/at/deed.en,2023-07-11 10:36:24,Straße & Hausnummer 'schrutkagasse 1' im Bildtext (+0.35) | Sehr gute Geodistanz (76m <= 90m) (+0.25) | Gemeindebau/Kommunalbau-Kontext im Bildtext (+0.10)
17617,Ernst-Karl-Winter-Hof,Thimiggasse 63-69,18,File:Wien Thimiggasse 63-69 Orientierungstafel.jpg,0.70,46.1,https://commons.wikimedia.org/wiki/File:Wien_Thimiggasse_63-69_Orientierungstafel.jpg,https://upload.wikimedia.org/wikipedia/commons/9/9e/Wien_Thimiggasse_63-69_Orientierungstafel.jpg?utm_source=commons.wikimedia.org&utm_campaign=imageinfo&utm_content=original,Hadi,CC0,http://creativecommons.org/publicdomain/zero/1.0/deed.en,2018-01-01,Straße & Hausnummer 'thimiggasse 63' im Bildtext (+0.35) | Sehr gute Geodistanz (46m <= 90m) (+0.25) | Gemeindebau/Kommunalbau-Kontext im Bildtext (+0.10)
15620,Austerlitzhof,Lorenz-Mandl-Gasse 51-53,16,File:Wien Lorenz-Mandl-Gasse 51–53.jpg,0.70,62.9,https://commons.wikimedia.org/wiki/File:Wien_Lorenz-Mandl-Gasse_51%E2%80%9353.jpg,https://upload.wikimedia.org/wikipedia/commons/c/cd/Wien_Lorenz-Mandl-Gasse_51%E2%80%9353.jpg?utm_source=commons.wikimedia.org&utm_campaign=imageinfo&utm_content=original,Hadi,CC0,http://creativecommons.org/publicdomain/zero/1.0/deed.en,2017-12-28 12:16:48,Straße & Hausnummer 'lorenz-mandl-gasse 51' im Bildtext (+0.35) | Sehr gute Geodistanz (63m <= 90m) (+0.25) | Gemeindebau/Kommunalbau-Kontext im Bildtext (+0.10)
17703,RENNWEG 95,Landstraßer Hauptstraße 173-175,3,"File:Keine Einfahrt für Autos und Fuhrwerke, Landstraßer Hauptstraße 173-175.jpg",0.60,74.4,"https://commons.wikimedia.org/wiki/File:Keine_Einfahrt_f%C3%BCr_Autos_und_Fuhrwerke,_Landstra%C3%9Fer_Hauptstra%C3%9Fe_173-175.jpg",https://upload.wikimedia.org/wikipedia/commons/2/2d/Keine_Einfahrt_f%C3%BCr_Autos_und_Fuhrwerke%2C_Landstra%C3%9Fer_Hauptstra%C3%9Fe_173-175.jpg?utm_source=commons.wikimedia.org&utm_campaign=imageinfo&utm_content=original,Herzi Pinki,CC BY-SA 4.0,https://creativecommons.org/licenses/by-sa/4.0,2016-03-15 15:48:06,Straße & Hausnummer 'landstraßer hauptstraße 173' im Bildtext (+0.35) | Sehr gute Geodistanz (74m <= 90m) (+0.25)
17791,GERSTHOFER STRASSE 75-77,Gersthofer Straße 75-77,18,File:Währing (Wien) - Rudolf-Sigmund-Hof.JPG,0.70,81.0,https://commons.wikimedia.org/wiki/File:W%C3%A4hring_(Wien)_-_Rudolf-Sigmund-Hof.JPG,https://upload.wikimedia.org/wikipedia/commons/b/bf/W%C3%A4hring_%28Wien%29_-_Rudolf-Sigmund-Hof.JPG?utm_source=commons.wikimedia.org&utm_campaign=imageinfo&utm_content=original,C.Stadler/Bwag,CC BY-SA 4.0,https://creativecommons.org/licenses/by-sa/4.0,2018-05-20,Straße & Hausnummer 'gersthofer straße 75' im Bildtext (+0.35) | Sehr gute Geodistanz (81m <= 90m) (+0.25) | Gemeindebau/Kommunalbau-Kontext im Bildtext (+0.10)
15623,Karl-Wrba-Hof,Sahulkastraße 3-5,10,"File:Graffiti at BewohnerInnen-Zentrum Klub KW, Karl-Wrba-Hof.jpg",0.75,154.8,"https://commons.wikimedia.org/wiki/File:Graffiti_at_BewohnerInnen-Zentrum_Klub_KW,_Karl-Wrba-Hof.jpg",https://upload.wikimedia.org/wikipedia/commons/6/66/Graffiti_at_BewohnerInnen-Zentrum_Klub_KW%2C_Karl-Wrba-Hof.jpg?utm_source=commons.wikimedia.org&utm_campaign=imageinfo&utm_content=original,Herzi Pinki,CC BY-SA 4.0,https://creativecommons.org/licenses/by-sa/4.0,2020-12-11 16:38:02,Exakter Hofname 'Karl-Wrba-Hof' im Bildtext (+0.50) | Gute Geodistanz (155m <= 160m) (+0.15) | Gemeindebau/Kommunalbau-Kontext im Bildtext (+0.10)
17622,SPEISINGER STRASSE 100,Speisinger Straße 100,13,File:Speisinger Straße 100 01.jpg,0.70,51.8,https://commons.wikimedia.org/wiki/File:Speisinger_Stra%C3%9Fe_100_01.jpg,https://upload.wikimedia.org/wikipedia/commons/2/23/Speisinger_Stra%C3%9Fe_100_01.jpg?utm_source=commons.wikimedia.org&utm_campaign=imageinfo&utm_content=original,Funke,CC BY-SA 4.0,https://creativecommons.org/licenses/by-sa/4.0,2023-05-07 16:03:17,Straße & Hausnummer 'speisinger straße 100' im Bildtext (+0.35) | Sehr gute Geodistanz (52m <= 90m) (+0.25) | Gemeindebau/Kommunalbau-Kontext im Bildtext (+0.10)
17810,EDERGASSE 1-3,Edergasse 1-3,21,File:Edergasse 6-10.JPG,0.60,69.1,https://commons.wikimedia.org/wiki/File:Edergasse_6-10.JPG,https://upload.wikimedia.org/wikipedia/commons/3/3c/Edergasse_6-10.JPG?utm_source=commons.wikimedia.org&utm_campaign=imageinfo&utm_content=original,C.Stadler/Bwag,CC BY-SA 3.0,https://creativecommons.org/licenses/by-sa/3.0,2011-05-29,Straße & Hausnummer 'edergasse 1' im Bildtext (+0.35) | Sehr gute Geodistanz (69m <= 90m) (+0.25)
17811,Conrad-Lötsch-Hof,Floridsdorfer Markt 9-14,21,File:1210 Floridsdorfer Markt 9-14 - Conrad Lötsch-Hof - Bronzeplastik Sitzende Frau mit kurzen Haaren von Peter Steyer 1962 IMG 2162.jpg,0.70,22.6,https://commons.wikimedia.org/wiki/File:1210_Floridsdorfer_Markt_9-14_-_Conrad_L%C3%B6tsch-Hof_-_Bronzeplastik_Sitzende_Frau_mit_kurzen_Haaren_von_Peter_Steyer_1962_IMG_2162.jpg,https://upload.wikimedia.org/wikipedia/commons/a/ac/1210_Floridsdorfer_Markt_9-14_-_Conrad_L%C3%B6tsch-Hof_-_Bronzeplastik_Sitzende_Frau_mit_kurzen_Haaren_von_Peter_Steyer_1962_IMG_2162.jpg?utm_source=commons.wikimedia.org&utm_campaign=imageinfo&utm_content=original,Ewald Judt,CC BY 4.0,https://creativecommons.org/licenses/by/4.0,2016-08-06,Straße & Hausnummer 'floridsdorfer markt 9' im Bildtext (+0.35) | Hervorragende Geodistanz (23m <= 40m) (+0.30) | Bezirksbezug (21. Bezirk) im Bildtext (+0.05)
15627,Lassallehof,Lassallestraße 40,2,File:Lassalle-Hof 04.jpg,0.65,19.9,https://commons.wikimedia.org/wiki/File:Lassalle-Hof_04.jpg,https://upload.wikimedia.org/wikipedia/commons/e/e7/Lassalle-Hof_04.jpg?utm_source=commons.wikimedia.org&utm_campaign=imageinfo&utm_content=original,Peter Gugerell,CC0,http://creativecommons.org/publicdomain/zero/1.0/deed.en,2011-04-02,Straße & Hausnummer 'lassallestraße 40' im Bildtext (+0.35) | Hervorragende Geodistanz (20m <= 40m) (+0.30)
17713,HAECKELSTRASSE 4,Haeckelstraße 4,23,"File:Haeckelstraße 4, Vienna.jpg",0.75,20.9,"https://commons.wikimedia.org/wiki/File:Haeckelstra%C3%9Fe_4,_Vienna.jpg",https://upload.wikimedia.org/wikipedia/commons/7/73/Haeckelstra%C3%9Fe_4%2C_Vienna.jpg?utm_source=commons.wikimedia.org&utm_campaign=imageinfo&utm_content=original,Thomas Ledl,CC BY-SA 4.0,https://creativecommons.org/licenses/by-sa/4.0,2016-08-02 17:57:13,Straße & Hausnummer 'haeckelstraße 4' im Bildtext (+0.35) | Hervorragende Geodistanz (21m <= 40m) (+0.30) | Gemeindebau/Kommunalbau-Kontext im Bildtext (+0.10)
17629,SCHAEFFERGASSE 10-12,Schäffergasse 10-12,4,"File:Schäffergasse 10-12, Vienna.jpg",0.75,11.3,"https://commons.wikimedia.org/wiki/File:Sch%C3%A4ffergasse_10-12,_Vienna.jpg",https://upload.wikimedia.org/wikipedia/commons/3/31/Sch%C3%A4ffergasse_10-12%2C_Vienna.jpg?utm_source=commons.wikimedia.org&utm_campaign=imageinfo&utm_content=original,Thomas Ledl,CC BY-SA 4.0,https://creativecommons.org/licenses/by-sa/4.0,2016-08-02 15:47:21,Straße & Hausnummer 'schäffergasse 10' im Bildtext (+0.35) | Hervorragende Geodistanz (11m <= 40m) (+0.30) | Gemeindebau/Kommunalbau-Kontext im Bildtext (+0.10)
17631,LANDSTR.HAUPTSTR. 92-94,Landstraßer Hauptstraße 92-94,3,File:Wien 03 Landstraßer Hauptstraße 092.jpg,0.65,31.0,https://commons.wikimedia.org/wiki/File:Wien_03_Landstra%C3%9Fer_Hauptstra%C3%9Fe_092.jpg,https://upload.wikimedia.org/wikipedia/commons/b/b7/Wien_03_Landstra%C3%9Fer_Hauptstra%C3%9Fe_092.jpg?utm_source=commons.wikimedia.org&utm_campaign=imageinfo&utm_content=original,Gugerell,CC0,http://creativecommons.org/publicdomain/zero/1.0/deed.en,2020-04-09 15:47:10,Straße & Hausnummer 'landstraßer hauptstraße 92' im Bildtext (+0.35) | Hervorragende Geodistanz (31m <= 40m) (+0.30)
15633,Schöffelhof,Wielemansgasse 13-23,18,File:Wien Wielemansgasse 13-23.jpg,0.70,64.5,https://commons.wikimedia.org/wiki/File:Wien_Wielemansgasse_13-23.jpg,https://upload.wikimedia.org/wikipedia/commons/1/10/Wien_Wielemansgasse_13-23.jpg?utm_source=commons.wikimedia.org&utm_campaign=imageinfo&utm_content=original,Hadi,CC0,http://creativecommons.org/publicdomain/zero/1.0/deed.en,2017-12-23,Straße & Hausnummer 'wielemansgasse 13' im Bildtext (+0.35) | Sehr gute Geodistanz (64m <= 90m) (+0.25) | Gemeindebau/Kommunalbau-Kontext im Bildtext (+0.10)
17632,Wilhelm-Hartl-Hof,Breitenfurter Straße 292,23,"File:Mutter mit Kindern by Hilde Uray, Breitenfurter Straße 292.jpg",0.65,17.4,"https://commons.wikimedia.org/wiki/File:Mutter_mit_Kindern_by_Hilde_Uray,_Breitenfurter_Stra%C3%9Fe_292.jpg",https://upload.wikimedia.org/wikipedia/commons/0/00/Mutter_mit_Kindern_by_Hilde_Uray%2C_Breitenfurter_Stra%C3%9Fe_292.jpg?utm_source=commons.wikimedia.org&utm_campaign=imageinfo&utm_content=original,Herzi Pinki,CC BY-SA 3.0 at,https://creativecommons.org/licenses/by-sa/3.0/at/deed.en,2015-02-03 13:19:17,Straße & Hausnummer 'breitenfurter straße 292' im Bildtext (+0.35) | Hervorragende Geodistanz (17m <= 40m) (+0.30)
17784,Eiflerhof,Hernalser Hauptstraße 221,17,File:Wien17 Hernalser Hauptstraße221 2018-11-22 GuentherZ GD Eifler 151043.jpg,0.65,37.3,https://commons.wikimedia.org/wiki/File:Wien17_Hernalser_Hauptstra%C3%9Fe221_2018-11-22_GuentherZ_GD_Eifler_151043.jpg,https://upload.wikimedia.org/wikipedia/commons/6/60/Wien17_Hernalser_Hauptstra%C3%9Fe221_2018-11-22_GuentherZ_GD_Eifler_151043.jpg?utm_source=commons.wikimedia.org&utm_campaign=imageinfo&utm_content=original,GuentherZ,CC BY-SA 3.0,https://creativecommons.org/licenses/by-sa/3.0,2018-11-22 15:10:43,Straße & Hausnummer 'hernalser hauptstraße 221' im Bildtext (+0.35) | Hervorragende Geodistanz (37m <= 40m) (+0.30)
17642,BREITENFURTER STR. 477,Breitenfurter Straße 477-485,23,"File:Mosaic Breitenfurter Straße 483, Liesing.jpg",0.60,64.7,"https://commons.wikimedia.org/wiki/File:Mosaic_Breitenfurter_Stra%C3%9Fe_483,_Liesing.jpg",https://upload.wikimedia.org/wikipedia/commons/b/b7/Mosaic_Breitenfurter_Stra%C3%9Fe_483%2C_Liesing.jpg?utm_source=commons.wikimedia.org&utm_campaign=imageinfo&utm_content=original,Herzi Pinki,CC BY-SA 4.0,https://creativecommons.org/licenses/by-sa/4.0,2015-02-03 14:14:12,Straße & Hausnummer 'breitenfurter straße 477' im Bildtext (+0.35) | Sehr gute Geodistanz (65m <= 90m) (+0.25)
17644,GOLDSCHLAGSTRASSE 91,Goldschlagstraße 91,15,"File:Goldschlagstraße 91, Vienna (01) 02.jpg",0.75,29.7,"https://commons.wikimedia.org/wiki/File:Goldschlagstra%C3%9Fe_91,_Vienna_(01)_02.jpg",https://upload.wikimedia.org/wikipedia/commons/b/b4/Goldschlagstra%C3%9Fe_91%2C_Vienna_%2801%29_02.jpg?utm_source=commons.wikimedia.org&utm_campaign=imageinfo&utm_content=original,Herzi Pinki,CC BY-SA 4.0,https://creativecommons.org/licenses/by-sa/4.0,2021-02-12 13:54:34,Straße & Hausnummer 'goldschlagstraße 91' im Bildtext (+0.35) | Hervorragende Geodistanz (30m <= 40m) (+0.30) | Gemeindebau/Kommunalbau-Kontext im Bildtext (+0.10)
17739,GASSMANNSTRASSE 41,Gaßmannstraße 41,12,"File:Gaßmannstraße 41, Vienna.jpg",0.70,45.6,"https://commons.wikimedia.org/wiki/File:Ga%C3%9Fmannstra%C3%9Fe_41,_Vienna.jpg",https://upload.wikimedia.org/wikipedia/commons/d/df/Ga%C3%9Fmannstra%C3%9Fe_41%2C_Vienna.jpg?utm_source=commons.wikimedia.org&utm_campaign=imageinfo&utm_content=original,Herzi Pinki,CC BY-SA 4.0,https://creativecommons.org/licenses/by-sa/4.0,2021-02-13 14:00:27,Straße & Hausnummer 'gaßmannstraße 41' im Bildtext (+0.35) | Sehr gute Geodistanz (46m <= 90m) (+0.25) | Gemeindebau/Kommunalbau-Kontext im Bildtext (+0.10)
17648,JAEGERHAUSGASSE 58-66,Jägerhausgasse 58-66,12,"File:Jägerhausgasse 58-66, Vienna 5.jpg",0.75,3.5,"https://commons.wikimedia.org/wiki/File:J%C3%A4gerhausgasse_58-66,_Vienna_5.jpg",https://upload.wikimedia.org/wikipedia/commons/f/fc/J%C3%A4gerhausgasse_58-66%2C_Vienna_5.jpg?utm_source=commons.wikimedia.org&utm_campaign=imageinfo&utm_content=original,Thomas Ledl,CC BY-SA 4.0,https://creativecommons.org/licenses/by-sa/4.0,2016-08-21 13:00:05,Straße & Hausnummer 'jägerhausgasse 58' im Bildtext (+0.35) | Hervorragende Geodistanz (4m <= 40m) (+0.30) | Gemeindebau/Kommunalbau-Kontext im Bildtext (+0.10)
17745,OBER-LAAER STRASSE 87,Oberlaaer Straße 87,10,"File:Oberlaaer Straße 87, 02.jpg",0.75,21.9,"https://commons.wikimedia.org/wiki/File:Oberlaaer_Stra%C3%9Fe_87,_02.jpg",https://upload.wikimedia.org/wikipedia/commons/c/c7/Oberlaaer_Stra%C3%9Fe_87%2C_02.jpg?utm_source=commons.wikimedia.org&utm_campaign=imageinfo&utm_content=original,Braveheart,CC BY-SA 4.0,https://creativecommons.org/licenses/by-sa/4.0,2017-03-11 14:43:29,Straße & Hausnummer 'oberlaaer straße 87' im Bildtext (+0.35) | Hervorragende Geodistanz (22m <= 40m) (+0.30) | Gemeindebau/Kommunalbau-Kontext im Bildtext (+0.10)
15569,GASSMANNSTRASSE 1-19,Gaßmannstraße 1-19,12,File:Gaßmannstraße 1-19 Gertrud Fronius Bronze.JPG,0.60,129.1,https://commons.wikimedia.org/wiki/File:Ga%C3%9Fmannstra%C3%9Fe_1-19_Gertrud_Fronius_Bronze.JPG,https://upload.wikimedia.org/wikipedia/commons/d/d2/Ga%C3%9Fmannstra%C3%9Fe_1-19_Gertrud_Fronius_Bronze.JPG?utm_source=commons.wikimedia.org&utm_campaign=imageinfo&utm_content=original,Thomas Ledl,CC BY-SA 3.0 at,https://creativecommons.org/licenses/by-sa/3.0/at/deed.en,2013-04-09 11:16:26,Straße & Hausnummer 'gaßmannstraße 1' im Bildtext (+0.35) | Gute Geodistanz (129m <= 160m) (+0.15) | Gemeindebau/Kommunalbau-Kontext im Bildtext (+0.10)
17752,TROSTSTRASSE 64-66,Troststraße 64-66,10,File:Arbeiterburg Troststraße 64-66 Wien.jpg,0.65,18.7,https://commons.wikimedia.org/wiki/File:Arbeiterburg_Troststra%C3%9Fe_64-66_Wien.jpg,https://upload.wikimedia.org/wikipedia/commons/9/9b/Arbeiterburg_Troststra%C3%9Fe_64-66_Wien.jpg?utm_source=commons.wikimedia.org&utm_campaign=imageinfo&utm_content=original,Jacek Rużyczka,CC BY-SA 4.0,https://creativecommons.org/licenses/by-sa/4.0,Taken on 18 June 2013,Straße & Hausnummer 'troststraße 64' im Bildtext (+0.35) | Hervorragende Geodistanz (19m <= 40m) (+0.30)
15573,Leopold-Horacek-Hof,Lenkgasse 1-3,22,File:Wien22 Lenkgasse001-3 GD Horacek 2019-03-13 GuentherZ 4440.jpg,0.60,53.9,https://commons.wikimedia.org/wiki/File:Wien22_Lenkgasse001-3_GD_Horacek_2019-03-13_GuentherZ_4440.jpg,https://upload.wikimedia.org/wikipedia/commons/a/ae/Wien22_Lenkgasse001-3_GD_Horacek_2019-03-13_GuentherZ_4440.jpg?utm_source=commons.wikimedia.org&utm_campaign=imageinfo&utm_content=original,GuentherZ,CC BY-SA 3.0,https://creativecommons.org/licenses/by-sa/3.0,2019-03-13 16:31:42,Straße & Hausnummer 'lenkgasse 1' im Bildtext (+0.35) | Sehr gute Geodistanz (54m <= 90m) (+0.25)
15657,REINDORFGASSE 9,Reindorfgasse 9,15,File:Brix und Nairz Reindorfgassenfest Wien 2020-09-12 c.jpg,0.60,71.9,https://commons.wikimedia.org/wiki/File:Brix_und_Nairz_Reindorfgassenfest_Wien_2020-09-12_c.jpg,https://upload.wikimedia.org/wikipedia/commons/7/7a/Brix_und_Nairz_Reindorfgassenfest_Wien_2020-09-12_c.jpg?utm_source=commons.wikimedia.org&utm_campaign=imageinfo&utm_content=original,Manfred Werner (Tsui),CC BY-SA 4.0,https://creativecommons.org/licenses/by-sa/4.0,2020-09-12,Straße & Hausnummer 'reindorfgasse 9' im Bildtext (+0.35) | Sehr gute Geodistanz (72m <= 90m) (+0.25)
17659,BOSCHSTRASSE 20-22,Boschstraße 20-22,19,File:Sgraffito Boschstraße.jpeg,0.60,47.2,https://commons.wikimedia.org/wiki/File:Sgraffito_Boschstra%C3%9Fe.jpeg,https://upload.wikimedia.org/wikipedia/commons/a/a3/Sgraffito_Boschstra%C3%9Fe.jpeg?utm_source=commons.wikimedia.org&utm_campaign=imageinfo&utm_content=original,Robot8A,CC BY-SA 4.0,https://creativecommons.org/licenses/by-sa/4.0,2021-04-07 11:38:04,Straße & Hausnummer 'boschstraße 20' im Bildtext (+0.35) | Sehr gute Geodistanz (47m <= 90m) (+0.25)
17753,TRINKHAUSSTRASSE 2,Oberleitengasse 1,11,File:Oberleitengasse 1.jpg,0.75,11.8,https://commons.wikimedia.org/wiki/File:Oberleitengasse_1.jpg,https://upload.wikimedia.org/wikipedia/commons/0/0d/Oberleitengasse_1.jpg?utm_source=commons.wikimedia.org&utm_campaign=imageinfo&utm_content=original,Thomas Ledl,CC BY-SA 4.0,https://creativecommons.org/licenses/by-sa/4.0,2017-05-21 11:51:37,Straße & Hausnummer 'oberleitengasse 1' im Bildtext (+0.35) | Hervorragende Geodistanz (12m <= 40m) (+0.30) | Gemeindebau/Kommunalbau-Kontext im Bildtext (+0.10)
15661,Josef-Hala-Hof,Schulgasse 19,18,File:Wien Schulgasse 19.jpg,0.65,7.5,https://commons.wikimedia.org/wiki/File:Wien_Schulgasse_19.jpg,https://upload.wikimedia.org/wikipedia/commons/7/79/Wien_Schulgasse_19.jpg?utm_source=commons.wikimedia.org&utm_campaign=imageinfo&utm_content=original,Hadi,CC0,http://creativecommons.org/publicdomain/zero/1.0/deed.en,2017-12-31,Straße & Hausnummer 'schulgasse 19' im Bildtext (+0.35) | Hervorragende Geodistanz (8m <= 40m) (+0.30)
18827,Davidhof,Effingergasse 31,16,File:David-Hof Effingergasse.jpg,0.75,3.0,https://commons.wikimedia.org/wiki/File:David-Hof_Effingergasse.jpg,https://upload.wikimedia.org/wikipedia/commons/1/18/David-Hof_Effingergasse.jpg?utm_source=commons.wikimedia.org&utm_campaign=imageinfo&utm_content=original,DerHHO,CC0,http://creativecommons.org/publicdomain/zero/1.0/deed.en,2011-06-21,Straße & Hausnummer 'effingergasse 31' im Bildtext (+0.35) | Hervorragende Geodistanz (3m <= 40m) (+0.30) | Gemeindebau/Kommunalbau-Kontext im Bildtext (+0.10)
18752,Aldo-Moro-Hof,Antonigasse 41,18,File:Wien Antonigasse 41.jpg,0.70,40.3,https://commons.wikimedia.org/wiki/File:Wien_Antonigasse_41.jpg,https://upload.wikimedia.org/wikipedia/commons/0/0e/Wien_Antonigasse_41.jpg?utm_source=commons.wikimedia.org&utm_campaign=imageinfo&utm_content=original,Hadi,CC0,http://creativecommons.org/publicdomain/zero/1.0/deed.en,2017-12-31,Straße & Hausnummer 'antonigasse 41' im Bildtext (+0.35) | Sehr gute Geodistanz (40m <= 90m) (+0.25) | Gemeindebau/Kommunalbau-Kontext im Bildtext (+0.10)
18754,STURGASSE 3-5,Sturgasse 3-5,2,File:1020 Sturgasse 7 - Aluminiumskulptur Eruption von Franz Xaver Hauser 1975 IMG 7146.jpg,0.75,51.6,https://commons.wikimedia.org/wiki/File:1020_Sturgasse_7_-_Aluminiumskulptur_Eruption_von_Franz_Xaver_Hauser_1975_IMG_7146.jpg,https://upload.wikimedia.org/wikipedia/commons/9/90/1020_Sturgasse_7_-_Aluminiumskulptur_Eruption_von_Franz_Xaver_Hauser_1975_IMG_7146.jpg?utm_source=commons.wikimedia.org&utm_campaign=imageinfo&utm_content=original,Ewald Judt,CC BY 4.0,https://creativecommons.org/licenses/by/4.0,2013-12-23,Straße & Hausnummer 'sturgasse 3' im Bildtext (+0.35) | Sehr gute Geodistanz (52m <= 90m) (+0.25) | Gemeindebau/Kommunalbau-Kontext im Bildtext (+0.10) | Bezirksbezug (2. Bezirk) im Bildtext (+0.05)
18831,KAROLINENGASSE 14,Karolinengasse 14,4,File:Wien04 Karolinengasse014 GD Stöhr 2019-01-29 GuentherZ 4039.jpg,0.70,42.0,https://commons.wikimedia.org/wiki/File:Wien04_Karolinengasse014_GD_St%C3%B6hr_2019-01-29_GuentherZ_4039.jpg,https://upload.wikimedia.org/wikipedia/commons/a/ad/Wien04_Karolinengasse014_GD_St%C3%B6hr_2019-01-29_GuentherZ_4039.jpg?utm_source=commons.wikimedia.org&utm_campaign=imageinfo&utm_content=original,GuentherZ,CC BY-SA 3.0,https://creativecommons.org/licenses/by-sa/3.0,2019-01-29 16:06:57,Straße & Hausnummer 'karolinengasse 14' im Bildtext (+0.35) | Sehr gute Geodistanz (42m <= 90m) (+0.25) | Gemeindebau/Kommunalbau-Kontext im Bildtext (+0.10)
18834,Holyhof,Gräffergasse 5,17,File:Wien17 Gräffergasse005 2018-11-22 GuentherZ GD Holy 153020.jpg,0.65,20.4,https://commons.wikimedia.org/wiki/File:Wien17_Gr%C3%A4ffergasse005_2018-11-22_GuentherZ_GD_Holy_153020.jpg,https://upload.wikimedia.org/wikipedia/commons/2/28/Wien17_Gr%C3%A4ffergasse005_2018-11-22_GuentherZ_GD_Holy_153020.jpg?utm_source=commons.wikimedia.org&utm_campaign=imageinfo&utm_content=original,GuentherZ,CC BY-SA 3.0,https://creativecommons.org/licenses/by-sa/3.0,2018-11-22 15:30:05,Straße & Hausnummer 'gräffergasse 5' im Bildtext (+0.35) | Hervorragende Geodistanz (20m <= 40m) (+0.30)
18919,GREDLERSTRASSE 7,Gredlerstraße 7,2,"File:2018-09-23 AT Wien 02 Leopoldstadt, Taborstraße @ Gredlerstraße, B 657 Linie 31 (50937593498).jpg",0.60,61.5,"https://commons.wikimedia.org/wiki/File:2018-09-23_AT_Wien_02_Leopoldstadt,_Taborstra%C3%9Fe_@_Gredlerstra%C3%9Fe,_B_657_Linie_31_(50937593498).jpg",https://upload.wikimedia.org/wikipedia/commons/7/7d/2018-09-23_AT_Wien_02_Leopoldstadt%2C_Taborstra%C3%9Fe_%40_Gredlerstra%C3%9Fe%2C_B_657_Linie_31_%2850937593498%29.jpg?utm_source=commons.wikimedia.org&utm_campaign=imageinfo&utm_content=original,Paul Korecky,CC BY-SA 2.0,https://creativecommons.org/licenses/by-sa/2.0,2018-09-23 15:34,Straße & Hausnummer 'gredlerstraße 7' im Bildtext (+0.35) | Sehr gute Geodistanz (62m <= 90m) (+0.25)
18668,GALILEIGASSE 6,Galileigasse 6,9,File:Wien09 Galileigasse008 GD Seitz 2019-10-16 GuentherZ 6020.jpg,0.65,35.2,https://commons.wikimedia.org/wiki/File:Wien09_Galileigasse008_GD_Seitz_2019-10-16_GuentherZ_6020.jpg,https://upload.wikimedia.org/wikipedia/commons/c/c3/Wien09_Galileigasse008_GD_Seitz_2019-10-16_GuentherZ_6020.jpg?utm_source=commons.wikimedia.org&utm_campaign=imageinfo&utm_content=original,GuentherZ,CC BY-SA 3.0,https://creativecommons.org/licenses/by-sa/3.0,2019-10-16 04:08:32,Straße & Hausnummer 'galileigasse 6' im Bildtext (+0.35) | Hervorragende Geodistanz (35m <= 40m) (+0.30)
18837,ARNDTSTRASSE 31-33,Arndtstraße 31-33,12,"File:Arndtstraße 31-33, Vienna - Sgraffito Max Melcher.jpg",0.65,38.3,"https://commons.wikimedia.org/wiki/File:Arndtstra%C3%9Fe_31-33,_Vienna_-_Sgraffito_Max_Melcher.jpg",https://upload.wikimedia.org/wikipedia/commons/1/13/Arndtstra%C3%9Fe_31-33%2C_Vienna_-_Sgraffito_Max_Melcher.jpg?utm_source=commons.wikimedia.org&utm_campaign=imageinfo&utm_content=original,Herzi Pinki,CC BY-SA 4.0,https://creativecommons.org/licenses/by-sa/4.0,2018-03-10 14:49:57,Straße & Hausnummer 'arndtstraße 31' im Bildtext (+0.35) | Hervorragende Geodistanz (38m <= 40m) (+0.30)
18839,KAHLENBERGER STRASSE 7-9,Kahlenberger Straße 7-9,19,"File:Nussdorf (Wien) - Hauerhaus, Kahlenberger Straße 22.JPG",0.60,75.6,"https://commons.wikimedia.org/wiki/File:Nussdorf_(Wien)_-_Hauerhaus,_Kahlenberger_Stra%C3%9Fe_22.JPG",https://upload.wikimedia.org/wikipedia/commons/8/81/Nussdorf_%28Wien%29_-_Hauerhaus%2C_Kahlenberger_Stra%C3%9Fe_22.JPG?utm_source=commons.wikimedia.org&utm_campaign=imageinfo&utm_content=original,C.Stadler/Bwag,CC BY-SA 4.0,https://creativecommons.org/licenses/by-sa/4.0,2016-07-10,Straße & Hausnummer 'kahlenberger straße 7' im Bildtext (+0.35) | Sehr gute Geodistanz (76m <= 90m) (+0.25)
18926,Robert-Uhlir-Hof,Engerthstraße 148-150,2,File:Wien02 Engerthstraße148 GD Sebek+Padaurek+Platzer 2019-01-22 GuentherZ 3947.jpg,0.60,50.1,https://commons.wikimedia.org/wiki/File:Wien02_Engerthstra%C3%9Fe148_GD_Sebek%2BPadaurek%2BPlatzer_2019-01-22_GuentherZ_3947.jpg,https://upload.wikimedia.org/wikipedia/commons/5/5e/Wien02_Engerthstra%C3%9Fe148_GD_Sebek%2BPadaurek%2BPlatzer_2019-01-22_GuentherZ_3947.jpg?utm_source=commons.wikimedia.org&utm_campaign=imageinfo&utm_content=original,GuentherZ,CC BY-SA 3.0,https://creativecommons.org/licenses/by-sa/3.0,2019-01-22 17:39:09,Straße & Hausnummer 'engerthstraße 148' im Bildtext (+0.35) | Sehr gute Geodistanz (50m <= 90m) (+0.25)
18673,JOS.-OESTERREICHER-G 20-22,Josef-Österreicher-Gasse 20-22,23,"File:Josef-Österreicher-Gasse 20-22, Wien.jpg",0.75,6.2,"https://commons.wikimedia.org/wiki/File:Josef-%C3%96sterreicher-Gasse_20-22,_Wien.jpg",https://upload.wikimedia.org/wikipedia/commons/b/b1/Josef-%C3%96sterreicher-Gasse_20-22%2C_Wien.jpg?utm_source=commons.wikimedia.org&utm_campaign=imageinfo&utm_content=original,Thomas Ledl,CC BY-SA 4.0,https://creativecommons.org/licenses/by-sa/4.0,2016-11-01 16:02:35,Straße & Hausnummer 'josef-österreicher-gasse 20' im Bildtext (+0.35) | Hervorragende Geodistanz (6m <= 40m) (+0.30) | Gemeindebau/Kommunalbau-Kontext im Bildtext (+0.10)
18679,Irene-Harand-Hof,Judengasse 4,1,File:Haus-Judengasse 4-01.jpg,0.70,4.5,https://commons.wikimedia.org/wiki/File:Haus-Judengasse_4-01.jpg,https://upload.wikimedia.org/wikipedia/commons/9/9d/Haus-Judengasse_4-01.jpg?utm_source=commons.wikimedia.org&utm_campaign=imageinfo&utm_content=original,Priwo,Public domain,,Taken on 6 August 2011,Straße & Hausnummer 'judengasse 4' im Bildtext (+0.35) | Hervorragende Geodistanz (4m <= 40m) (+0.30) | Bezirksbezug (1. Bezirk) im Bildtext (+0.05)
18681,OBERLEITENGASSE 23,Oberleitengasse 19-23,11,File:Oberleitengasse 19–23.jpg,0.75,10.7,https://commons.wikimedia.org/wiki/File:Oberleitengasse_19%E2%80%9323.jpg,https://upload.wikimedia.org/wikipedia/commons/e/ee/Oberleitengasse_19%E2%80%9323.jpg?utm_source=commons.wikimedia.org&utm_campaign=imageinfo&utm_content=original,Thomas Ledl,CC BY-SA 4.0,https://creativecommons.org/licenses/by-sa/4.0,2017-05-21 11:50:23,Straße & Hausnummer 'oberleitengasse 19' im Bildtext (+0.35) | Hervorragende Geodistanz (11m <= 40m) (+0.30) | Gemeindebau/Kommunalbau-Kontext im Bildtext (+0.10)
18855,GRUNDSTEINGASSE 6,Grundsteingasse 6,16,File:Grundsteingasse - 6.jpg,0.60,63.2,https://commons.wikimedia.org/wiki/File:Grundsteingasse_-_6.jpg,https://upload.wikimedia.org/wikipedia/commons/d/da/Grundsteingasse_-_6.jpg?utm_source=commons.wikimedia.org&utm_campaign=imageinfo&utm_content=original,Ricardalovesmonuments,CC BY-SA 3.0,https://creativecommons.org/licenses/by-sa/3.0,"18 May 2018 (according to <span lang=""en"" dir=""ltr""><a href=""https://en.wikipedia.org/wiki/Exif"" class=""extiw"" title=""en:Exif"">Exif</a></span> data)",Straße & Hausnummer 'grundsteingasse 6' im Bildtext (+0.35) | Sehr gute Geodistanz (63m <= 90m) (+0.25)
18858,GRAUMANNGASSE 12-14,Graumanngasse 12,15,File:Graumanngasse 12.jpg,0.75,18.1,https://commons.wikimedia.org/wiki/File:Graumanngasse_12.jpg,https://upload.wikimedia.org/wikipedia/commons/3/38/Graumanngasse_12.jpg?utm_source=commons.wikimedia.org&utm_campaign=imageinfo&utm_content=original,Herzi Pinki,CC BY-SA 4.0,https://creativecommons.org/licenses/by-sa/4.0,2016-11-01 15:35:49,Straße & Hausnummer 'graumanngasse 12' im Bildtext (+0.35) | Hervorragende Geodistanz (18m <= 40m) (+0.30) | Gemeindebau/Kommunalbau-Kontext im Bildtext (+0.10)
18691,FRIEDRICH-ENGELS-PL. 21,Friedrich-Engels-Platz 21,20,File:Wien-wiener-linien-sl-2-1083872.jpg,0.60,54.6,https://commons.wikimedia.org/wiki/File:Wien-wiener-linien-sl-2-1083872.jpg,https://upload.wikimedia.org/wikipedia/commons/0/0e/Wien-wiener-linien-sl-2-1083872.jpg?utm_source=commons.wikimedia.org&utm_campaign=imageinfo&utm_content=original,Kurt Rasmussen,Attribution,,2018-04-21 12:20:53,Straße & Hausnummer 'friedrich-engels-platz 21' im Bildtext (+0.35) | Sehr gute Geodistanz (55m <= 90m) (+0.25)
18695,LEONHARDGASSE 7-13,Leonhardgasse 7-13,3,File:Wien03 Leonhardgasse003-5 GD Svetlin 2019-04-03 GuentherZ 4587.jpg,0.60,60.2,https://commons.wikimedia.org/wiki/File:Wien03_Leonhardgasse003-5_GD_Svetlin_2019-04-03_GuentherZ_4587.jpg,https://upload.wikimedia.org/wikipedia/commons/b/bd/Wien03_Leonhardgasse003-5_GD_Svetlin_2019-04-03_GuentherZ_4587.jpg?utm_source=commons.wikimedia.org&utm_campaign=imageinfo&utm_content=original,GuentherZ,CC BY-SA 3.0,https://creativecommons.org/licenses/by-sa/3.0,2019-04-03 03:16:12,Straße & Hausnummer 'leonhardgasse 7' im Bildtext (+0.35) | Sehr gute Geodistanz (60m <= 90m) (+0.25)
18696,HERKLOTZGASSE 19,Herklotzgasse 17-19,15,File:2020-05-29 Gemeindebau Herklotzgasse 17-19 plaque.jpg,0.75,16.5,https://commons.wikimedia.org/wiki/File:2020-05-29_Gemeindebau_Herklotzgasse_17-19_plaque.jpg,https://upload.wikimedia.org/wikipedia/commons/a/a2/2020-05-29_Gemeindebau_Herklotzgasse_17-19_plaque.jpg?utm_source=commons.wikimedia.org&utm_campaign=imageinfo&utm_content=original,Rosso Robot,CC BY-SA 4.0,https://creativecommons.org/licenses/by-sa/4.0,2020-05-29 15:21:52,Straße & Hausnummer 'herklotzgasse 17' im Bildtext (+0.35) | Hervorragende Geodistanz (16m <= 40m) (+0.30) | Gemeindebau/Kommunalbau-Kontext im Bildtext (+0.10)
18859,ERLAAER STRASSE 123,Erlaaer Straße 123,23,File:Wohnanlage Erlaaer Straße 123.jpg,0.70,81.1,https://commons.wikimedia.org/wiki/File:Wohnanlage_Erlaaer_Stra%C3%9Fe_123.jpg,https://upload.wikimedia.org/wikipedia/commons/e/e0/Wohnanlage_Erlaaer_Stra%C3%9Fe_123.jpg?utm_source=commons.wikimedia.org&utm_campaign=imageinfo&utm_content=original,Thomas Ledl,CC BY-SA 4.0,https://creativecommons.org/licenses/by-sa/4.0,2017-02-14 12:37:28,Straße & Hausnummer 'erlaaer straße 123' im Bildtext (+0.35) | Sehr gute Geodistanz (81m <= 90m) (+0.25) | Gemeindebau/Kommunalbau-Kontext im Bildtext (+0.10)
18862,HOHENBERGSTRASSE 40,Hohenbergstraße 40,12,File:Wien 12 Hohenbergstraße 040 b.jpg,0.60,40.8,https://commons.wikimedia.org/wiki/File:Wien_12_Hohenbergstra%C3%9Fe_040_b.jpg,https://upload.wikimedia.org/wikipedia/commons/c/c6/Wien_12_Hohenbergstra%C3%9Fe_040_b.jpg?utm_source=commons.wikimedia.org&utm_campaign=imageinfo&utm_content=original,Gugerell,CC0,http://creativecommons.org/publicdomain/zero/1.0/deed.en,2014-06-13,Straße & Hausnummer 'hohenbergstraße 40' im Bildtext (+0.35) | Sehr gute Geodistanz (41m <= 90m) (+0.25)
18969,FULTONSTRASSE 5-11,Fultonstraße 5-11,21,"File:2017-06-11 AT Wien 21 Floridsdorf, Freiligrathplatz, Fultonstraße (50249183521).jpg",0.60,77.2,"https://commons.wikimedia.org/wiki/File:2017-06-11_AT_Wien_21_Floridsdorf,_Freiligrathplatz,_Fultonstra%C3%9Fe_(50249183521).jpg",https://upload.wikimedia.org/wikipedia/commons/b/bf/2017-06-11_AT_Wien_21_Floridsdorf%2C_Freiligrathplatz%2C_Fultonstra%C3%9Fe_%2850249183521%29.jpg?utm_source=commons.wikimedia.org&utm_campaign=imageinfo&utm_content=original,Paul Korecky,CC BY-SA 2.0,https://creativecommons.org/licenses/by-sa/2.0,2017-06-11 08:53,Straße & Hausnummer 'fultonstraße 5' im Bildtext (+0.35) | Sehr gute Geodistanz (77m <= 90m) (+0.25)
18697,STORCHENGASSE 20,Storchengasse 16-20,15,File:Storchengasse 16-20.jpg,0.75,1.3,https://commons.wikimedia.org/wiki/File:Storchengasse_16-20.jpg,https://upload.wikimedia.org/wikipedia/commons/2/23/Storchengasse_16-20.jpg?utm_source=commons.wikimedia.org&utm_campaign=imageinfo&utm_content=original,Herzi Pinki,CC BY-SA 4.0,https://creativecommons.org/licenses/by-sa/4.0,2016-11-01 15:07:40,Straße & Hausnummer 'storchengasse 16' im Bildtext (+0.35) | Hervorragende Geodistanz (1m <= 40m) (+0.30) | Gemeindebau/Kommunalbau-Kontext im Bildtext (+0.10)
18782,MARGARETENGUERTEL 122-124,Margaretengürtel 122-124,5,File:Margareten (Wien) - Ernst-Hinterberger-Hof.JPG,0.70,65.2,https://commons.wikimedia.org/wiki/File:Margareten_(Wien)_-_Ernst-Hinterberger-Hof.JPG,https://upload.wikimedia.org/wikipedia/commons/8/82/Margareten_%28Wien%29_-_Ernst-Hinterberger-Hof.JPG?utm_source=commons.wikimedia.org&utm_campaign=imageinfo&utm_content=original,C.Stadler/Bwag,CC BY-SA 4.0,https://creativecommons.org/licenses/by-sa/4.0,2016-11-13,Straße & Hausnummer 'margaretengürtel 122' im Bildtext (+0.35) | Sehr gute Geodistanz (65m <= 90m) (+0.25) | Gemeindebau/Kommunalbau-Kontext im Bildtext (+0.10)
18864,STURZGASSE 31,Sturzgasse 31-33,15,File:Sturzgasse 29.JPG,0.60,37.4,https://commons.wikimedia.org/wiki/File:Sturzgasse_29.JPG,https://upload.wikimedia.org/wikipedia/commons/9/91/Sturzgasse_29.JPG?utm_source=commons.wikimedia.org&utm_campaign=imageinfo&utm_content=original,Photographer : Wolfgang Glock,CC BY-SA 3.0,https://creativecommons.org/licenses/by-sa/3.0,2011-05-09,Straße 'sturzgasse' im Bildtext (+0.20) | Hervorragende Geodistanz (37m <= 40m) (+0.30) | Gemeindebau/Kommunalbau-Kontext im Bildtext (+0.10)
18958,SIMMERINGER HAUPTSTR 30-32,Simmeringer Hauptstraße 30-32,11,File:Simmering (Wien) - Franz-Haas-Hof.JPG,0.65,32.7,https://commons.wikimedia.org/wiki/File:Simmering_(Wien)_-_Franz-Haas-Hof.JPG,https://upload.wikimedia.org/wikipedia/commons/f/f5/Simmering_%28Wien%29_-_Franz-Haas-Hof.JPG?utm_source=commons.wikimedia.org&utm_campaign=imageinfo&utm_content=original,C.Stadler/Bwag,CC BY-SA 4.0,https://creativecommons.org/licenses/by-sa/4.0,2015-08-15,Straße & Hausnummer 'simmeringer hauptstraße 30' im Bildtext (+0.35) | Hervorragende Geodistanz (33m <= 40m) (+0.30)
18872,ERLAAER STRASSE 6-10,Erlaaer Straße 6-10,23,File:Erlaaer Straße 6-10.jpg,0.75,14.5,https://commons.wikimedia.org/wiki/File:Erlaaer_Stra%C3%9Fe_6-10.jpg,https://upload.wikimedia.org/wikipedia/commons/1/12/Erlaaer_Stra%C3%9Fe_6-10.jpg?utm_source=commons.wikimedia.org&utm_campaign=imageinfo&utm_content=original,Thomas Ledl,CC BY-SA 4.0,https://creativecommons.org/licenses/by-sa/4.0,2016-11-01 16:15:04,Straße & Hausnummer 'erlaaer straße 6' im Bildtext (+0.35) | Hervorragende Geodistanz (14m <= 40m) (+0.30) | Gemeindebau/Kommunalbau-Kontext im Bildtext (+0.10)
18943,Sigmund-Freud-Hof,Gussenbauergasse 5-7,9,File:Wien9 Gussenbauergasse 5-7.jpg,0.65,16.1,https://commons.wikimedia.org/wiki/File:Wien9_Gussenbauergasse_5-7.jpg,https://upload.wikimedia.org/wikipedia/commons/7/7d/Wien9_Gussenbauergasse_5-7.jpg?utm_source=commons.wikimedia.org&utm_campaign=imageinfo&utm_content=original,JonnyBrazil at de.wikipedia,CC BY-SA 3.0,https://creativecommons.org/licenses/by-sa/3.0,2011-07-03,Straße & Hausnummer 'gussenbauergasse 5' im Bildtext (+0.35) | Hervorragende Geodistanz (16m <= 40m) (+0.30)
18945,Otto-Haas-Hof,Winarskystraße 16-20,20,File:Haus-Winarskystraße 16-20-01.jpg,0.65,13.4,https://commons.wikimedia.org/wiki/File:Haus-Winarskystra%C3%9Fe_16-20-01.jpg,https://upload.wikimedia.org/wikipedia/commons/9/9f/Haus-Winarskystra%C3%9Fe_16-20-01.jpg?utm_source=commons.wikimedia.org&utm_campaign=imageinfo&utm_content=original,Priwo,Public domain,,Taken on 18 June 2011,Straße & Hausnummer 'winarskystraße 16' im Bildtext (+0.35) | Hervorragende Geodistanz (13m <= 40m) (+0.30)
18797,LANGOBARDENSTRASSE 128,Langobardenstraße 128,22,"File:2017-05-13 AT Wien 22 Donaustadt, Albert-Schultz-Grüngürtel @ Langobardenstraße 128, Felis silvestris catus (51101180286).jpg",0.60,57.0,"https://commons.wikimedia.org/wiki/File:2017-05-13_AT_Wien_22_Donaustadt,_Albert-Schultz-Gr%C3%BCng%C3%BCrtel_@_Langobardenstra%C3%9Fe_128,_Felis_silvestris_catus_(51101180286).jpg",https://upload.wikimedia.org/wikipedia/commons/e/e8/2017-05-13_AT_Wien_22_Donaustadt%2C_Albert-Schultz-Gr%C3%BCng%C3%BCrtel_%40_Langobardenstra%C3%9Fe_128%2C_Felis_silvestris_catus_%2851101180286%29.jpg?utm_source=commons.wikimedia.org&utm_campaign=imageinfo&utm_content=original,Paul Korecky,CC BY-SA 2.0,https://creativecommons.org/licenses/by-sa/2.0,2017-05-13 18:02,Straße & Hausnummer 'langobardenstraße 128' im Bildtext (+0.35) | Sehr gute Geodistanz (57m <= 90m) (+0.25)
18972,HOHENBERGSTRASSE 36-38,Hohenbergstraße 36-38,12,File:Wien 12 Hohenbergstraße 036 a.jpg,0.60,41.8,https://commons.wikimedia.org/wiki/File:Wien_12_Hohenbergstra%C3%9Fe_036_a.jpg,https://upload.wikimedia.org/wikipedia/commons/e/ef/Wien_12_Hohenbergstra%C3%9Fe_036_a.jpg?utm_source=commons.wikimedia.org&utm_campaign=imageinfo&utm_content=original,Gugerell,CC0,http://creativecommons.org/publicdomain/zero/1.0/deed.en,2014-06-13,Straße & Hausnummer 'hohenbergstraße 36' im Bildtext (+0.35) | Sehr gute Geodistanz (42m <= 90m) (+0.25)
18975,ALSERBACHSTRASSE 41,Alserbachstraße 41,9,File:Alserbachstraße 39 & 41.jpg,0.65,38.9,https://commons.wikimedia.org/wiki/File:Alserbachstra%C3%9Fe_39_%26_41.jpg,https://upload.wikimedia.org/wikipedia/commons/9/98/Alserbachstra%C3%9Fe_39_%26_41.jpg?utm_source=commons.wikimedia.org&utm_campaign=imageinfo&utm_content=original,Herzi Pinki,CC BY-SA 4.0,https://creativecommons.org/licenses/by-sa/4.0,2015-10-24 13:14:11,Straße & Hausnummer 'alserbachstraße 41' im Bildtext (+0.35) | Hervorragende Geodistanz (39m <= 40m) (+0.30)
18961,PUTZENDOPLERGASSE 2,Altmannsdorfer Straße 164-182,23,"File:Mosaikwandbild Abstraktion, Altmannsdorfer Straße 164-185.jpg",0.60,155.0,"https://commons.wikimedia.org/wiki/File:Mosaikwandbild_Abstraktion,_Altmannsdorfer_Stra%C3%9Fe_164-185.jpg",https://upload.wikimedia.org/wikipedia/commons/b/b4/Mosaikwandbild_Abstraktion%2C_Altmannsdorfer_Stra%C3%9Fe_164-185.jpg?utm_source=commons.wikimedia.org&utm_campaign=imageinfo&utm_content=original,Thomas Ledl,CC BY-SA 4.0,https://creativecommons.org/licenses/by-sa/4.0,2017-05-18 18:05:41,Straße & Hausnummer 'altmannsdorfer straße 164' im Bildtext (+0.35) | Gute Geodistanz (155m <= 160m) (+0.15) | Gemeindebau/Kommunalbau-Kontext im Bildtext (+0.10)
18718,FAVORITENSTRASSE 96,Favoritenstraße 96,10,File:Wien 10 Favoritenstraße 096 a.jpg,0.65,30.5,https://commons.wikimedia.org/wiki/File:Wien_10_Favoritenstra%C3%9Fe_096_a.jpg,https://upload.wikimedia.org/wikipedia/commons/6/62/Wien_10_Favoritenstra%C3%9Fe_096_a.jpg?utm_source=commons.wikimedia.org&utm_campaign=imageinfo&utm_content=original,Gugerell,CC0,http://creativecommons.org/publicdomain/zero/1.0/deed.en,2014-03-30,Straße & Hausnummer 'favoritenstraße 96' im Bildtext (+0.35) | Hervorragende Geodistanz (30m <= 40m) (+0.30)
18891,WALDVOGELSTRASSE 18-24,Waldvogelstraße 18-24,13,"File:Waldvogelstraße 18-24, Vienna.jpg",0.60,103.0,"https://commons.wikimedia.org/wiki/File:Waldvogelstra%C3%9Fe_18-24,_Vienna.jpg",https://upload.wikimedia.org/wikipedia/commons/5/55/Waldvogelstra%C3%9Fe_18-24%2C_Vienna.jpg?utm_source=commons.wikimedia.org&utm_campaign=imageinfo&utm_content=original,Herzi Pinki,CC BY-SA 4.0,https://creativecommons.org/licenses/by-sa/4.0,2018-11-17 15:59:52,Straße & Hausnummer 'waldvogelstraße 18' im Bildtext (+0.35) | Gute Geodistanz (103m <= 160m) (+0.15) | Gemeindebau/Kommunalbau-Kontext im Bildtext (+0.10)
18950,FASANGARTENGASSE 65-65A,Fasangartengasse 65,13,"File:Fasanenbaum by Gustav Jekel, Fasangartengasse 65.jpg",0.70,54.9,"https://commons.wikimedia.org/wiki/File:Fasanenbaum_by_Gustav_Jekel,_Fasangartengasse_65.jpg",https://upload.wikimedia.org/wikipedia/commons/a/aa/Fasanenbaum_by_Gustav_Jekel%2C_Fasangartengasse_65.jpg?utm_source=commons.wikimedia.org&utm_campaign=imageinfo&utm_content=original,Herzi Pinki,CC BY-SA 4.0,https://creativecommons.org/licenses/by-sa/4.0,2014-12-20 11:55:19,Straße & Hausnummer 'fasangartengasse 65' im Bildtext (+0.35) | Sehr gute Geodistanz (55m <= 90m) (+0.25) | Gemeindebau/Kommunalbau-Kontext im Bildtext (+0.10)
18894,MEHLFUEHRERGASSE 26-28,Mehlführergasse 26-28,23,"File:Trafik Mehlführergasse, Liesing 01.jpg",0.60,150.5,"https://commons.wikimedia.org/wiki/File:Trafik_Mehlf%C3%BChrergasse,_Liesing_01.jpg",https://upload.wikimedia.org/wikipedia/commons/8/8c/Trafik_Mehlf%C3%BChrergasse%2C_Liesing_01.jpg?utm_source=commons.wikimedia.org&utm_campaign=imageinfo&utm_content=original,Herzi Pinki,CC BY-SA 4.0,https://creativecommons.org/licenses/by-sa/4.0,2015-02-21 14:13:11,Straße & Hausnummer 'mehlführergasse 26' im Bildtext (+0.35) | Gute Geodistanz (150m <= 160m) (+0.15) | Gemeindebau/Kommunalbau-Kontext im Bildtext (+0.10)
18733,MARGARETENSTRASSE 36,Margaretenstraße 36,4,File:Margaretenstraße 36.jpg,0.75,2.3,https://commons.wikimedia.org/wiki/File:Margaretenstra%C3%9Fe_36.jpg,https://upload.wikimedia.org/wikipedia/commons/f/f0/Margaretenstra%C3%9Fe_36.jpg?utm_source=commons.wikimedia.org&utm_campaign=imageinfo&utm_content=original,Thomas Ledl,CC BY-SA 4.0,https://creativecommons.org/licenses/by-sa/4.0,2016-07-30 11:39:19,Straße & Hausnummer 'margaretenstraße 36' im Bildtext (+0.35) | Hervorragende Geodistanz (2m <= 40m) (+0.30) | Gemeindebau/Kommunalbau-Kontext im Bildtext (+0.10)
18809,Jean-Jaures-Hof,Neilreichgasse 105,10,File:Neilreichgasse 08.JPG,0.65,39.4,https://commons.wikimedia.org/wiki/File:Neilreichgasse_08.JPG,https://upload.wikimedia.org/wikipedia/commons/3/36/Neilreichgasse_08.JPG?utm_source=commons.wikimedia.org&utm_campaign=imageinfo&utm_content=original,Buchhändler,CC BY-SA 3.0,https://creativecommons.org/licenses/by-sa/3.0,2010,Straße & Hausnummer 'neilreichgasse 105' im Bildtext (+0.35) | Hervorragende Geodistanz (39m <= 40m) (+0.30)
18896,George-Washington-Hof,Ahornhof 1-17,10,File:George-Washington-Hof - inscription.jpg,0.65,172.3,https://commons.wikimedia.org/wiki/File:George-Washington-Hof_-_inscription.jpg,https://upload.wikimedia.org/wikipedia/commons/5/5f/George-Washington-Hof_-_inscription.jpg?utm_source=commons.wikimedia.org&utm_campaign=imageinfo&utm_content=original,Herzi Pinki,CC BY-SA 4.0,https://creativecommons.org/licenses/by-sa/4.0,2018-07-26 15:49:50,Exakter Hofname 'George-Washington-Hof' im Bildtext (+0.50) | Moderate Geodistanz (172m <= 250m) (+0.05) | Gemeindebau/Kommunalbau-Kontext im Bildtext (+0.10)
18740,Leopoldine-Glöckel-Hof,Steinbauergasse 1-7,12,File:Wien12 Steinbauergasse001-7 2018-03-15 GuentherZ GD GlöckelL 0950.jpg,0.60,70.9,https://commons.wikimedia.org/wiki/File:Wien12_Steinbauergasse001-7_2018-03-15_GuentherZ_GD_Gl%C3%B6ckelL_0950.jpg,https://upload.wikimedia.org/wikipedia/commons/6/64/Wien12_Steinbauergasse001-7_2018-03-15_GuentherZ_GD_Gl%C3%B6ckelL_0950.jpg?utm_source=commons.wikimedia.org&utm_campaign=imageinfo&utm_content=original,GuentherZ,CC BY-SA 3.0,https://creativecommons.org/licenses/by-sa/3.0,2018-03-15 17:27:29,Straße & Hausnummer 'steinbauergasse 1' im Bildtext (+0.35) | Sehr gute Geodistanz (71m <= 90m) (+0.25)
18815,Josef-Illedits-Hof,Kärchergasse 3-13,3,File:Wien03 Kärchergasse003-13 GD Uhlir 2019-01-25 GuentherZ 3996.jpg,0.70,45.6,https://commons.wikimedia.org/wiki/File:Wien03_K%C3%A4rchergasse003-13_GD_Uhlir_2019-01-25_GuentherZ_3996.jpg,https://upload.wikimedia.org/wikipedia/commons/0/08/Wien03_K%C3%A4rchergasse003-13_GD_Uhlir_2019-01-25_GuentherZ_3996.jpg?utm_source=commons.wikimedia.org&utm_campaign=imageinfo&utm_content=original,GuentherZ,CC BY-SA 3.0,https://creativecommons.org/licenses/by-sa/3.0,2019-01-25 16:39:16,Straße & Hausnummer 'kärchergasse 3' im Bildtext (+0.35) | Sehr gute Geodistanz (46m <= 90m) (+0.25) | Gemeindebau/Kommunalbau-Kontext im Bildtext (+0.10)
18816,HARKORTSTRASSE 3,Harkortstraße 3,2,File:Wien 02 Haus Harkortstraße 3 f.jpg,0.65,10.8,https://commons.wikimedia.org/wiki/File:Wien_02_Haus_Harkortstra%C3%9Fe_3_f.jpg,https://upload.wikimedia.org/wikipedia/commons/e/ee/Wien_02_Haus_Harkortstra%C3%9Fe_3_f.jpg?utm_source=commons.wikimedia.org&utm_campaign=imageinfo&utm_content=original,Gugerell,CC0,http://creativecommons.org/publicdomain/zero/1.0/deed.en,2022-01-14 11:30:24,Straße & Hausnummer 'harkortstraße 3' im Bildtext (+0.35) | Hervorragende Geodistanz (11m <= 40m) (+0.30)
18908,PARADISGASSE 62,Grinzinger Allee 19,19,File:Wien-wiener-linien-sl-38-1058311.jpg,0.60,52.3,https://commons.wikimedia.org/wiki/File:Wien-wiener-linien-sl-38-1058311.jpg,https://upload.wikimedia.org/wikipedia/commons/2/20/Wien-wiener-linien-sl-38-1058311.jpg?utm_source=commons.wikimedia.org&utm_campaign=imageinfo&utm_content=original,Kurt Rasmussen,Attribution,,2017-10-19 14:52:58,Straße & Hausnummer 'grinzinger allee 19' im Bildtext (+0.35) | Sehr gute Geodistanz (52m <= 90m) (+0.25)
18743,STACHEGASSE 1-3,Stachegasse 1-3,12,"File:Stachegasse 1, Vienna.jpg",0.75,18.1,"https://commons.wikimedia.org/wiki/File:Stachegasse_1,_Vienna.jpg",https://upload.wikimedia.org/wikipedia/commons/2/20/Stachegasse_1%2C_Vienna.jpg?utm_source=commons.wikimedia.org&utm_campaign=imageinfo&utm_content=original,Thomas Ledl,CC BY-SA 4.0,https://creativecommons.org/licenses/by-sa/4.0,2016-08-21 12:48:22,Straße & Hausnummer 'stachegasse 1' im Bildtext (+0.35) | Hervorragende Geodistanz (18m <= 40m) (+0.30) | Gemeindebau/Kommunalbau-Kontext im Bildtext (+0.10)
18744,PRESSGASSE 7,Preßgasse 7,4,"File:Preßgasse 7, Vienna.jpg",0.75,1.9,"https://commons.wikimedia.org/wiki/File:Pre%C3%9Fgasse_7,_Vienna.jpg",https://upload.wikimedia.org/wikipedia/commons/0/0f/Pre%C3%9Fgasse_7%2C_Vienna.jpg?utm_source=commons.wikimedia.org&utm_campaign=imageinfo&utm_content=original,Thomas Ledl,CC BY-SA 4.0,https://creativecommons.org/licenses/by-sa/4.0,2016-08-02 15:46:19,Straße & Hausnummer 'preßgasse 7' im Bildtext (+0.35) | Hervorragende Geodistanz (2m <= 40m) (+0.30) | Gemeindebau/Kommunalbau-Kontext im Bildtext (+0.10)
19073,ROSA-JOCHMANN-RING 1,Rosa-Jochmann-Ring 1,11,File:Wien-wiener-linien-sl-11-1181851.jpg,0.60,71.8,https://commons.wikimedia.org/wiki/File:Wien-wiener-linien-sl-11-1181851.jpg,https://upload.wikimedia.org/wikipedia/commons/f/f1/Wien-wiener-linien-sl-11-1181851.jpg?utm_source=commons.wikimedia.org&utm_campaign=imageinfo&utm_content=original,Kurt Rasmussen,Attribution,,2019-11-29 17:19:01,Straße & Hausnummer 'rosa-jochmann-ring 1' im Bildtext (+0.35) | Sehr gute Geodistanz (72m <= 90m) (+0.25)
19082,MOOSBRUGGERGASSE 1,Moosbruggergasse 1,12,"File:Mural Telepathy by Nut, 2026-01-23.jpg",0.60,45.9,"https://commons.wikimedia.org/wiki/File:Mural_Telepathy_by_Nut,_2026-01-23.jpg",https://upload.wikimedia.org/wikipedia/commons/3/32/Mural_Telepathy_by_Nut%2C_2026-01-23.jpg?utm_source=commons.wikimedia.org&utm_campaign=imageinfo&utm_content=original,Skunk,CC BY-SA 4.0,https://creativecommons.org/licenses/by-sa/4.0,2026-01-23 14:59:45,Straße & Hausnummer 'moosbruggergasse 1' im Bildtext (+0.35) | Sehr gute Geodistanz (46m <= 90m) (+0.25)
19084,MARGARETENSTRASSE 46,Margaretenstraße 46,4,File:Margaretenstrasse 41-43.jpg,0.65,28.1,https://commons.wikimedia.org/wiki/File:Margaretenstrasse_41-43.jpg,https://upload.wikimedia.org/wikipedia/commons/3/38/Margaretenstrasse_41-43.jpg?utm_source=commons.wikimedia.org&utm_campaign=imageinfo&utm_content=original,Ricardalovesmonuments,CC BY-SA 3.0,https://creativecommons.org/licenses/by-sa/3.0,"19 May 2018 (according to <span lang=""en"" dir=""ltr""><a href=""https://en.wikipedia.org/wiki/Exif"" class=""extiw"" title=""en:Exif"">Exif</a></span> data)",Straße & Hausnummer 'margaretenstraße 46' im Bildtext (+0.35) | Hervorragende Geodistanz (28m <= 40m) (+0.30)
19086,FLURSCHUETZSTRASSE 26,Flurschützstraße 26,12,File:Flurschützstraße 26 (02).jpg,0.75,28.5,https://commons.wikimedia.org/wiki/File:Flursch%C3%BCtzstra%C3%9Fe_26_(02).jpg,https://upload.wikimedia.org/wikipedia/commons/9/97/Flursch%C3%BCtzstra%C3%9Fe_26_%2802%29.jpg?utm_source=commons.wikimedia.org&utm_campaign=imageinfo&utm_content=original,Herzi Pinki,CC BY-SA 4.0,https://creativecommons.org/licenses/by-sa/4.0,2018-03-10 14:16:47,Straße & Hausnummer 'flurschützstraße 26' im Bildtext (+0.35) | Hervorragende Geodistanz (28m <= 40m) (+0.30) | Gemeindebau/Kommunalbau-Kontext im Bildtext (+0.10)
19094,BECKMANNGASSE 64,Beckmanngasse 64,15,"File:Beckmanngasse 66, Vienna - inscription.jpg",0.60,26.9,"https://commons.wikimedia.org/wiki/File:Beckmanngasse_66,_Vienna_-_inscription.jpg",https://upload.wikimedia.org/wikipedia/commons/b/b1/Beckmanngasse_66%2C_Vienna_-_inscription.jpg?utm_source=commons.wikimedia.org&utm_campaign=imageinfo&utm_content=original,Herzi Pinki,CC BY-SA 4.0,https://creativecommons.org/licenses/by-sa/4.0,2021-02-12 14:36:47,Straße 'beckmanngasse' im Bildtext (+0.20) | Hervorragende Geodistanz (27m <= 40m) (+0.30) | Gemeindebau/Kommunalbau-Kontext im Bildtext (+0.10)
19106,BRIGITTENAUER LAENDE 48,Brigittenauer Lände 48,20,File:Brigittenauer Lände 48a (02).jpg,0.75,24.9,https://commons.wikimedia.org/wiki/File:Brigittenauer_L%C3%A4nde_48a_(02).jpg,https://upload.wikimedia.org/wikipedia/commons/9/9f/Brigittenauer_L%C3%A4nde_48a_%2802%29.jpg?utm_source=commons.wikimedia.org&utm_campaign=imageinfo&utm_content=original,Herzi Pinki,CC BY-SA 4.0,https://creativecommons.org/licenses/by-sa/4.0,2018-04-30 13:45:10,Straße & Hausnummer 'brigittenauer lände 48' im Bildtext (+0.35) | Hervorragende Geodistanz (25m <= 40m) (+0.30) | Gemeindebau/Kommunalbau-Kontext im Bildtext (+0.10)
19111,SCHELLEINGASSE 1,Schelleingasse 1,4,File:4. Schelleingasse - 1.jpg,0.65,33.7,https://commons.wikimedia.org/wiki/File:4._Schelleingasse_-_1.jpg,https://upload.wikimedia.org/wikipedia/commons/e/e9/4._Schelleingasse_-_1.jpg?utm_source=commons.wikimedia.org&utm_campaign=imageinfo&utm_content=original,Ricardalovesmonuments,CC BY-SA 3.0,https://creativecommons.org/licenses/by-sa/3.0,"Taken on 13 May 2018 (according to <span lang=""en"" dir=""ltr""><a href=""https://en.wikipedia.org/wiki/Exif"" class=""extiw"" title=""en:Exif"">Exif</a></span> data)",Straße & Hausnummer 'schelleingasse 1' im Bildtext (+0.35) | Hervorragende Geodistanz (34m <= 40m) (+0.30)
19112,THALIASTRASSE 168,Thaliastraße 164,16,File:Wien Thaliastraße 164.jpg,0.75,34.7,https://commons.wikimedia.org/wiki/File:Wien_Thaliastra%C3%9Fe_164.jpg,https://upload.wikimedia.org/wikipedia/commons/d/d3/Wien_Thaliastra%C3%9Fe_164.jpg?utm_source=commons.wikimedia.org&utm_campaign=imageinfo&utm_content=original,Hadi,CC0,http://creativecommons.org/publicdomain/zero/1.0/deed.en,2017-12-28 12:20:51,Straße & Hausnummer 'thaliastraße 164' im Bildtext (+0.35) | Hervorragende Geodistanz (35m <= 40m) (+0.30) | Gemeindebau/Kommunalbau-Kontext im Bildtext (+0.10)
19205,Mithlingerhof Rasenstadt,Neilreichgasse 100,10,"File:GT Rudolf Friemel, Ernst-Ludwig-Gasse 8, Stiege 1, Vienna 02.jpg",0.75,155.9,"https://commons.wikimedia.org/wiki/File:GT_Rudolf_Friemel,_Ernst-Ludwig-Gasse_8,_Stiege_1,_Vienna_02.jpg",https://upload.wikimedia.org/wikipedia/commons/0/0d/GT_Rudolf_Friemel%2C_Ernst-Ludwig-Gasse_8%2C_Stiege_1%2C_Vienna_02.jpg?utm_source=commons.wikimedia.org&utm_campaign=imageinfo&utm_content=original,Herzi Pinki,CC BY-SA 4.0,https://creativecommons.org/licenses/by-sa/4.0,2023-06-30 16:04:53,Exakter Hofname 'Mithlingerhof Rasenstadt' im Bildtext (+0.50) | Gute Geodistanz (156m <= 160m) (+0.15) | Gemeindebau/Kommunalbau-Kontext im Bildtext (+0.10)
19116,LEEBGASSE 102-106,Leebgasse 102-106,10,"File:GT Antonie Alt, Leebgasse 102–106, Stiege 3.jpg",0.75,39.4,"https://commons.wikimedia.org/wiki/File:GT_Antonie_Alt,_Leebgasse_102%E2%80%93106,_Stiege_3.jpg",https://upload.wikimedia.org/wikipedia/commons/a/a9/GT_Antonie_Alt%2C_Leebgasse_102%E2%80%93106%2C_Stiege_3.jpg?utm_source=commons.wikimedia.org&utm_campaign=imageinfo&utm_content=original,Herzi Pinki,CC BY-SA 4.0,https://creativecommons.org/licenses/by-sa/4.0,2023-06-30 15:30:06,Straße & Hausnummer 'leebgasse 102' im Bildtext (+0.35) | Hervorragende Geodistanz (39m <= 40m) (+0.30) | Gemeindebau/Kommunalbau-Kontext im Bildtext (+0.10)
19211,BRIGITTAPLATZ 1-2,Brigittaplatz 1-2,20,"File:2017-06-20 AT Wien 20 Brigittenau, Brigittaplatz, Brigittapark, Pfarre St. Brigitta, E1 4807 Linie 33 (50083828201).jpg",0.60,78.9,"https://commons.wikimedia.org/wiki/File:2017-06-20_AT_Wien_20_Brigittenau,_Brigittaplatz,_Brigittapark,_Pfarre_St._Brigitta,_E1_4807_Linie_33_(50083828201).jpg",https://upload.wikimedia.org/wikipedia/commons/2/20/2017-06-20_AT_Wien_20_Brigittenau%2C_Brigittaplatz%2C_Brigittapark%2C_Pfarre_St._Brigitta%2C_E1_4807_Linie_33_%2850083828201%29.jpg?utm_source=commons.wikimedia.org&utm_campaign=imageinfo&utm_content=original,Paul Korecky,CC BY-SA 2.0,https://creativecommons.org/licenses/by-sa/2.0,2017-06-20 18:14,Straße & Hausnummer 'brigittaplatz 1' im Bildtext (+0.35) | Sehr gute Geodistanz (79m <= 90m) (+0.25)
19122,DOMMAYERGASSE 5,Dommayergasse 5,13,File:Naturdenkmal 182 GuentherZ 2011-08-25 0120 Wien13 Dommayergasse07 Platane.JPG,0.65,33.9,https://commons.wikimedia.org/wiki/File:Naturdenkmal_182_GuentherZ_2011-08-25_0120_Wien13_Dommayergasse07_Platane.JPG,https://upload.wikimedia.org/wikipedia/commons/a/ad/Naturdenkmal_182_GuentherZ_2011-08-25_0120_Wien13_Dommayergasse07_Platane.JPG?utm_source=commons.wikimedia.org&utm_campaign=imageinfo&utm_content=original,GuentherZ,CC BY 3.0,https://creativecommons.org/licenses/by/3.0,2011-08-25,Straße & Hausnummer 'dommayergasse 5' im Bildtext (+0.35) | Hervorragende Geodistanz (34m <= 40m) (+0.30)
19219,LINKE WIENZEILE 6,Linke Wienzeile 6,6,"File:Linke Wienzeile 4, 1060 Wien.JPG",0.65,81.2,"https://commons.wikimedia.org/wiki/File:Linke_Wienzeile_4,_1060_Wien.JPG",https://upload.wikimedia.org/wikipedia/commons/e/e9/Linke_Wienzeile_4%2C_1060_Wien.JPG?utm_source=commons.wikimedia.org&utm_campaign=imageinfo&utm_content=original,böhringer friedrich,CC BY-SA 3.0 at,https://creativecommons.org/licenses/by-sa/3.0/at/deed.en,2012-11-17,Straße & Hausnummer 'linke wienzeile 6' im Bildtext (+0.35) | Sehr gute Geodistanz (81m <= 90m) (+0.25) | Bezirksbezug (6. Bezirk) im Bildtext (+0.05)
19224,Schöffelhof,Wielemansgasse 13-23,18,File:Wien Wielemansgasse 13-23.jpg,0.60,109.4,https://commons.wikimedia.org/wiki/File:Wien_Wielemansgasse_13-23.jpg,https://upload.wikimedia.org/wikipedia/commons/1/10/Wien_Wielemansgasse_13-23.jpg?utm_source=commons.wikimedia.org&utm_campaign=imageinfo&utm_content=original,Hadi,CC0,http://creativecommons.org/publicdomain/zero/1.0/deed.en,2017-12-23,Straße & Hausnummer 'wielemansgasse 13' im Bildtext (+0.35) | Gute Geodistanz (109m <= 160m) (+0.15) | Gemeindebau/Kommunalbau-Kontext im Bildtext (+0.10)
19233,George-Washington-Hof,Ahornhof 1-17,12,File:Wienerberg George Washington Hof 1.JPG,0.65,206.6,https://commons.wikimedia.org/wiki/File:Wienerberg_George_Washington_Hof_1.JPG,https://upload.wikimedia.org/wikipedia/commons/4/43/Wienerberg_George_Washington_Hof_1.JPG?utm_source=commons.wikimedia.org&utm_campaign=imageinfo&utm_content=original,Thomas Ledl,CC BY-SA 3.0 at,https://creativecommons.org/licenses/by-sa/3.0/at/deed.en,2013-04-24,Exakter Hofname 'George-Washington-Hof' im Bildtext (+0.50) | Moderate Geodistanz (207m <= 250m) (+0.05) | Gemeindebau/Kommunalbau-Kontext im Bildtext (+0.10)
19130,JAGDSCHLOSSGASSE 40,Jagdschloßgasse 40,13,"File:Jagdschloßgasse 40, Vienna.jpg",0.70,87.8,"https://commons.wikimedia.org/wiki/File:Jagdschlo%C3%9Fgasse_40,_Vienna.jpg",https://upload.wikimedia.org/wikipedia/commons/d/df/Jagdschlo%C3%9Fgasse_40%2C_Vienna.jpg?utm_source=commons.wikimedia.org&utm_campaign=imageinfo&utm_content=original,Herzi Pinki,CC BY-SA 4.0,https://creativecommons.org/licenses/by-sa/4.0,2018-11-17 15:30:49,Straße & Hausnummer 'jagdschloßgasse 40' im Bildtext (+0.35) | Sehr gute Geodistanz (88m <= 90m) (+0.25) | Gemeindebau/Kommunalbau-Kontext im Bildtext (+0.10)
19241,Mithlingerhof Rasenstadt,Neilreichgasse 100,10,"File:GT Rudolf Friemel, Ernst-Ludwig-Gasse 8, Stiege 1, Vienna 02.jpg",0.65,175.5,"https://commons.wikimedia.org/wiki/File:GT_Rudolf_Friemel,_Ernst-Ludwig-Gasse_8,_Stiege_1,_Vienna_02.jpg",https://upload.wikimedia.org/wikipedia/commons/0/0d/GT_Rudolf_Friemel%2C_Ernst-Ludwig-Gasse_8%2C_Stiege_1%2C_Vienna_02.jpg?utm_source=commons.wikimedia.org&utm_campaign=imageinfo&utm_content=original,Herzi Pinki,CC BY-SA 4.0,https://creativecommons.org/licenses/by-sa/4.0,2023-06-30 16:04:53,Exakter Hofname 'Mithlingerhof Rasenstadt' im Bildtext (+0.50) | Moderate Geodistanz (176m <= 250m) (+0.05) | Gemeindebau/Kommunalbau-Kontext im Bildtext (+0.10)
19136,PUTZENDOPLERGASSE 6,Altmannsdorfer Straße 164-182,23,"File:Mosaikwandbild Abstraktion, Altmannsdorfer Straße 164-185.jpg",0.60,153.3,"https://commons.wikimedia.org/wiki/File:Mosaikwandbild_Abstraktion,_Altmannsdorfer_Stra%C3%9Fe_164-185.jpg",https://upload.wikimedia.org/wikipedia/commons/b/b4/Mosaikwandbild_Abstraktion%2C_Altmannsdorfer_Stra%C3%9Fe_164-185.jpg?utm_source=commons.wikimedia.org&utm_campaign=imageinfo&utm_content=original,Thomas Ledl,CC BY-SA 4.0,https://creativecommons.org/licenses/by-sa/4.0,2017-05-18 18:05:41,Straße & Hausnummer 'altmannsdorfer straße 164' im Bildtext (+0.35) | Gute Geodistanz (153m <= 160m) (+0.15) | Gemeindebau/Kommunalbau-Kontext im Bildtext (+0.10)
19143,Hueberhof,Quellenstraße 24b,10,File:Wien10 Quellenstraße024b GD Hueber 2019-02-28 4398.jpg,0.60,82.7,https://commons.wikimedia.org/wiki/File:Wien10_Quellenstra%C3%9Fe024b_GD_Hueber_2019-02-28_4398.jpg,https://upload.wikimedia.org/wikipedia/commons/c/c3/Wien10_Quellenstra%C3%9Fe024b_GD_Hueber_2019-02-28_4398.jpg?utm_source=commons.wikimedia.org&utm_campaign=imageinfo&utm_content=original,GuentherZ,CC BY-SA 3.0,https://creativecommons.org/licenses/by-sa/3.0,2019-02-28 16:30:35,Straße & Hausnummer 'quellenstraße 24' im Bildtext (+0.35) | Sehr gute Geodistanz (83m <= 90m) (+0.25)
19064,GROSSE PFARRGASSE 16-20,Große Pfarrgasse 16-20,2,File:1020 Große Pfarrgasse 16-20 - Mosaik Ornamentale Flächeneinteilung von Theobald Schmögner 1959 IMG 5789.jpg,0.80,10.2,https://commons.wikimedia.org/wiki/File:1020_Gro%C3%9Fe_Pfarrgasse_16-20_-_Mosaik_Ornamentale_Fl%C3%A4cheneinteilung_von_Theobald_Schm%C3%B6gner_1959_IMG_5789.jpg,https://upload.wikimedia.org/wikipedia/commons/3/35/1020_Gro%C3%9Fe_Pfarrgasse_16-20_-_Mosaik_Ornamentale_Fl%C3%A4cheneinteilung_von_Theobald_Schm%C3%B6gner_1959_IMG_5789.jpg?utm_source=commons.wikimedia.org&utm_campaign=imageinfo&utm_content=original,Ewald Judt ( http://austria-forum.org/af/Infos_zum_AF/Editorial_Board/Judt%2C_Dr._Ewald_%28Wirtschaftswissenschaft%29 ),CC BY 4.0,https://creativecommons.org/licenses/by/4.0,2013-10-25,Straße & Hausnummer 'große pfarrgasse 16' im Bildtext (+0.35) | Hervorragende Geodistanz (10m <= 40m) (+0.30) | Gemeindebau/Kommunalbau-Kontext im Bildtext (+0.10) | Bezirksbezug (2. Bezirk) im Bildtext (+0.05)
