objekt_id,breitengrad,laengengrad,gemeindebezirk_code,gemeindebezirk_bisher,gemeindebezirk_polygon,zaehlgebiet_code,zaehlbezirk_code,sub_district_code,prognoseregion_code,gebietstyp_code,gebietstyp,aggregierter_gebietstyp_code,aggregierter_gebietstyp,zuordnungsmethode,geometrie_datenstand,anzahl_polygon_treffer,grenzfall,grenznah_unter_1m,grenzdistanz_meter,bezirk_konsistent,zaehlbezirk_konsistent,qualitaetsstatus
18995,48.252396,16.366684,19,19,19,19026,1902,91902,19B,D,zwischen- und nachkriegszeitliche Gebiete hoher Dichte,BD,zwischen- und nachkriegszeitliche Strukturen,point_in_polygon_ray_casting,2026-09-03,1,0,0,48.750,1,1,eindeutig_zugeordnet
18996,48.184116,16.360534,5,5,5,05025,0502,90502,5B,G,Gründerzeit mit überwiegend kleineren Wohnungen,AGGGH,gründerzeitliche Gebiete,point_in_polygon_ray_casting,2026-09-03,1,0,0,42.035,1,1,eindeutig_zugeordnet
19041,48.212466,16.371659,1,1,1,01065,0106,90106,1A,A,"Zentrum, Altstadt und Gründerzeit",AGGGH,gründerzeitliche Gebiete,point_in_polygon_ray_casting,2026-09-03,1,0,0,33.571,1,1,eindeutig_zugeordnet
19042,48.194742,16.308535,14,14,14,14047,1404,91404,14C,D,zwischen- und nachkriegszeitliche Gebiete hoher Dichte,BD,zwischen- und nachkriegszeitliche Strukturen,point_in_polygon_ray_casting,2026-09-03,1,0,0,34.199,1,1,eindeutig_zugeordnet
19043,48.212611,16.321739,16,16,16,16044,1604,91604,16C,I,überwiegend industriell-gewerbliche Nutzung,ZI,industriell-gewerblich oder durch sonstige Nutzungen dominierte Gebiete,point_in_polygon_ray_casting,2026-09-03,1,0,0,58.712,1,1,eindeutig_zugeordnet
19044,48.189745,16.327740,15,15,15,15055,1505,91505,15C,G,Gründerzeit mit überwiegend kleineren Wohnungen,AGGGH,gründerzeitliche Gebiete,point_in_polygon_ray_casting,2026-09-03,1,0,0,21.785,1,1,eindeutig_zugeordnet
19045,48.144368,16.291233,23,23,23,23070,2307,92307,23C,C,Bebauung mit überwiegend durchgrüntem Geschoßwohnbau,CXY,stark durchmischte Gebiete geringerer Dichte,point_in_polygon_ray_casting,2026-09-03,1,0,0,47.027,1,1,eindeutig_zugeordnet
19046,48.197287,16.301091,14,14,14,14044,1404,91404,14C,JA,Gebiete dominiert durch Bauten von 1961 bis 1991,JAN,"Mischgebiete der jüngeren Vergangenheit, Neubau- und Stadterweiterungsgebiete",point_in_polygon_ray_casting,2026-09-03,1,0,0,57.633,1,1,eindeutig_zugeordnet
19047,48.252438,16.296937,19,19,19,19100,1910,91910,19A,R,Einfamilienhäuser und Kleingärten,RT,Einfamilienhausgebiete bzw. stark durchgrünte Strukturen,point_in_polygon_ray_casting,2026-09-03,1,0,0,70.212,1,1,eindeutig_zugeordnet
19048,48.169902,16.378279,10,10,10,10031,1003,91003,10C,D,zwischen- und nachkriegszeitliche Gebiete hoher Dichte,BD,zwischen- und nachkriegszeitliche Strukturen,point_in_polygon_ray_casting,2026-09-03,1,0,0,30.939,1,1,eindeutig_zugeordnet
19049,48.154107,16.328438,23,23,23,23030,2303,92303,23B,R,Einfamilienhäuser und Kleingärten,RT,Einfamilienhausgebiete bzw. stark durchgrünte Strukturen,point_in_polygon_ray_casting,2026-09-03,1,0,0,151.268,1,1,eindeutig_zugeordnet
18997,48.227376,16.295229,17,17,17,17052,1705,91705,17C,R,Einfamilienhäuser und Kleingärten,RT,Einfamilienhausgebiete bzw. stark durchgrünte Strukturen,point_in_polygon_ray_casting,2026-09-03,1,0,0,71.115,1,1,eindeutig_zugeordnet
18998,48.254022,16.408168,21,21,21,21233,2123,92123,21D,JA,Gebiete dominiert durch Bauten von 1961 bis 1991,JAN,"Mischgebiete der jüngeren Vergangenheit, Neubau- und Stadterweiterungsgebiete",point_in_polygon_ray_casting,2026-09-03,1,0,0,15.804,1,1,eindeutig_zugeordnet
18999,48.197114,16.283166,14,14,14,14064,1406,91406,14B,JA,Gebiete dominiert durch Bauten von 1961 bis 1991,JAN,"Mischgebiete der jüngeren Vergangenheit, Neubau- und Stadterweiterungsgebiete",point_in_polygon_ray_casting,2026-09-03,1,0,0,8.006,1,1,eindeutig_zugeordnet
19000,48.141313,16.281350,23,23,23,23111,2311,92311,23E,Y,heterogene Bebauung mit Überhang an Geschoßwohnungen,CXY,stark durchmischte Gebiete geringerer Dichte,point_in_polygon_ray_casting,2026-09-03,1,0,0,48.780,1,1,eindeutig_zugeordnet
19001,48.172298,16.412456,11,11,11,11036,1103,91103,11B,D,zwischen- und nachkriegszeitliche Gebiete hoher Dichte,BD,zwischen- und nachkriegszeitliche Strukturen,point_in_polygon_ray_casting,2026-09-03,1,0,0,44.660,1,1,eindeutig_zugeordnet
19002,48.237839,16.308945,18,18,18,18052,1805,91805,18A,H,Cottages,AGGGH,gründerzeitliche Gebiete,point_in_polygon_ray_casting,2026-09-03,1,0,0,32.112,1,1,eindeutig_zugeordnet
19003,48.158179,16.362918,10,10,10,10130,1013,91013,10H,C,Bebauung mit überwiegend durchgrüntem Geschoßwohnbau,CXY,stark durchmischte Gebiete geringerer Dichte,point_in_polygon_ray_casting,2026-09-03,1,0,0,61.392,1,1,eindeutig_zugeordnet
19004,48.198798,16.401140,3,3,3,03101,0310,90310,3D,G,Gründerzeit mit überwiegend kleineren Wohnungen,AGGGH,gründerzeitliche Gebiete,point_in_polygon_ray_casting,2026-09-03,1,0,0,56.604,1,1,eindeutig_zugeordnet
19005,48.267956,16.384875,21,21,21,21180,2118,92118,21F,C,Bebauung mit überwiegend durchgrüntem Geschoßwohnbau,CXY,stark durchmischte Gebiete geringerer Dichte,point_in_polygon_ray_casting,2026-09-03,1,0,0,78.599,1,1,eindeutig_zugeordnet
19006,48.227707,16.356520,9,9,9,09014,0901,90901,9A,G,Gründerzeit mit überwiegend kleineren Wohnungen,AGGGH,gründerzeitliche Gebiete,point_in_polygon_ray_casting,2026-09-03,1,0,0,14.239,1,1,eindeutig_zugeordnet
19007,48.215753,16.383891,2,2,2,02051,0205,90205,2B,GG,Gründerzeit mit überwiegend größeren Wohnungen,AGGGH,gründerzeitliche Gebiete,point_in_polygon_ray_casting,2026-09-03,1,0,0,5.265,1,1,eindeutig_zugeordnet
19008,48.208799,16.211940,14,14,14,14121,1412,91412,14E,R,Einfamilienhäuser und Kleingärten,RT,Einfamilienhausgebiete bzw. stark durchgrünte Strukturen,point_in_polygon_ray_casting,2026-09-03,1,0,0,61.495,1,1,eindeutig_zugeordnet
19009,48.168566,16.421666,11,11,11,11050,1105,91105,11C,B,zwischen- und nachkriegszeitliche Gebiete mittlerer Dichte,BD,zwischen- und nachkriegszeitliche Strukturen,point_in_polygon_ray_casting,2026-09-03,1,0,0,44.925,1,1,eindeutig_zugeordnet
19010,48.207815,16.252436,14,14,14,14102,1410,91410,14E,C,Bebauung mit überwiegend durchgrüntem Geschoßwohnbau,CXY,stark durchmischte Gebiete geringerer Dichte,point_in_polygon_ray_casting,2026-09-03,1,0,0,43.295,1,1,eindeutig_zugeordnet
19011,48.236799,16.387936,20,20,20,20023,2002,92002,20C,G,Gründerzeit mit überwiegend kleineren Wohnungen,AGGGH,gründerzeitliche Gebiete,point_in_polygon_ray_casting,2026-09-03,1,0,0,58.017,1,1,eindeutig_zugeordnet
19012,48.185361,16.339550,12,12,12,12012,1201,91201,12A,JA,Gebiete dominiert durch Bauten von 1961 bis 1991,JAN,"Mischgebiete der jüngeren Vergangenheit, Neubau- und Stadterweiterungsgebiete",point_in_polygon_ray_casting,2026-09-03,1,0,0,17.657,1,1,eindeutig_zugeordnet
19013,48.229824,16.420106,22,22,22,22113,2211,92211,22F,B,zwischen- und nachkriegszeitliche Gebiete mittlerer Dichte,BD,zwischen- und nachkriegszeitliche Strukturen,point_in_polygon_ray_casting,2026-09-03,1,0,0,69.764,1,1,eindeutig_zugeordnet
19014,48.211262,16.327535,16,16,16,16014,1601,91601,16A,JA,Gebiete dominiert durch Bauten von 1961 bis 1991,JAN,"Mischgebiete der jüngeren Vergangenheit, Neubau- und Stadterweiterungsgebiete",point_in_polygon_ray_casting,2026-09-03,1,0,0,24.212,1,1,eindeutig_zugeordnet
19015,48.225596,16.359694,9,9,9,09016,0901,90901,9A,D,zwischen- und nachkriegszeitliche Gebiete hoher Dichte,BD,zwischen- und nachkriegszeitliche Strukturen,point_in_polygon_ray_casting,2026-09-03,1,0,0,48.193,1,1,eindeutig_zugeordnet
19016,48.221726,16.318183,17,17,17,17034,1703,91703,17B,G,Gründerzeit mit überwiegend kleineren Wohnungen,AGGGH,gründerzeitliche Gebiete,point_in_polygon_ray_casting,2026-09-03,1,0,0,23.012,1,1,eindeutig_zugeordnet
19017,48.167297,16.282838,13,13,13,13082,1308,91308,13C,C,Bebauung mit überwiegend durchgrüntem Geschoßwohnbau,CXY,stark durchmischte Gebiete geringerer Dichte,point_in_polygon_ray_casting,2026-09-03,1,0,0,65.764,1,1,eindeutig_zugeordnet
19018,48.235731,16.486376,22,22,22,22060,2206,92206,22A,X,heterogene Bebauung mit Überhang an Einfamilien- und Reihenhäusern,CXY,stark durchmischte Gebiete geringerer Dichte,point_in_polygon_ray_casting,2026-09-03,1,0,0,115.099,1,1,eindeutig_zugeordnet
19019,48.181454,16.349242,5,5,5,05020,0502,90502,5B,D,zwischen- und nachkriegszeitliche Gebiete hoher Dichte,BD,zwischen- und nachkriegszeitliche Strukturen,point_in_polygon_ray_casting,2026-09-03,1,0,0,56.756,1,1,eindeutig_zugeordnet
19020,48.197191,16.320086,15,15,15,15064,1506,91506,15B,G,Gründerzeit mit überwiegend kleineren Wohnungen,AGGGH,gründerzeitliche Gebiete,point_in_polygon_ray_casting,2026-09-03,1,0,0,37.548,1,1,eindeutig_zugeordnet
19021,48.274717,16.408582,21,21,21,21104,2110,92110,21B,X,heterogene Bebauung mit Überhang an Einfamilien- und Reihenhäusern,CXY,stark durchmischte Gebiete geringerer Dichte,point_in_polygon_ray_casting,2026-09-03,1,0,0,80.143,1,1,eindeutig_zugeordnet
19022,48.210298,16.320893,16,16,16,16101,1610,91610,16B,D,zwischen- und nachkriegszeitliche Gebiete hoher Dichte,BD,zwischen- und nachkriegszeitliche Strukturen,point_in_polygon_ray_casting,2026-09-03,1,0,0,50.052,1,1,eindeutig_zugeordnet
19023,48.186832,16.333433,15,15,15,15045,1504,91504,15C,G,Gründerzeit mit überwiegend kleineren Wohnungen,AGGGH,gründerzeitliche Gebiete,point_in_polygon_ray_casting,2026-09-03,1,0,0,18.497,1,1,eindeutig_zugeordnet
19024,48.262739,16.404171,21,21,21,21213,2121,92121,21G,B,zwischen- und nachkriegszeitliche Gebiete mittlerer Dichte,BD,zwischen- und nachkriegszeitliche Strukturen,point_in_polygon_ray_casting,2026-09-03,1,0,0,35.390,1,1,eindeutig_zugeordnet
19025,48.202116,16.336272,15,15,15,15014,1501,91501,15A,Z,überwiegend städtische Infrastruktur und sonstige Nutzungen,ZI,industriell-gewerblich oder durch sonstige Nutzungen dominierte Gebiete,point_in_polygon_ray_casting,2026-09-03,1,0,0,68.066,1,1,eindeutig_zugeordnet
19026,48.237362,16.378256,20,20,20,20071,2007,92007,20B,JN,Neubau ab 1991 und Stadterweiterung,JAN,"Mischgebiete der jüngeren Vergangenheit, Neubau- und Stadterweiterungsgebiete",point_in_polygon_ray_casting,2026-09-03,1,0,0,101.660,1,1,eindeutig_zugeordnet
19028,48.212757,16.474921,22,22,22,22241,2224,92224,22H,X,heterogene Bebauung mit Überhang an Einfamilien- und Reihenhäusern,CXY,stark durchmischte Gebiete geringerer Dichte,point_in_polygon_ray_casting,2026-09-03,1,0,0,221.907,1,1,eindeutig_zugeordnet
19029,48.137232,16.235791,23,23,23,23160,2316,92316,23F,R,Einfamilienhäuser und Kleingärten,RT,Einfamilienhausgebiete bzw. stark durchgrünte Strukturen,point_in_polygon_ray_casting,2026-09-03,1,0,0,34.797,1,1,eindeutig_zugeordnet
19030,48.138236,16.238608,23,23,23,23160,2316,92316,23F,R,Einfamilienhäuser und Kleingärten,RT,Einfamilienhausgebiete bzw. stark durchgrünte Strukturen,point_in_polygon_ray_casting,2026-09-03,1,0,0,112.316,1,1,eindeutig_zugeordnet
19031,48.240889,16.369571,20,20,20,20040,2004,92004,20A,JN,Neubau ab 1991 und Stadterweiterung,JAN,"Mischgebiete der jüngeren Vergangenheit, Neubau- und Stadterweiterungsgebiete",point_in_polygon_ray_casting,2026-09-03,1,0,0,110.092,1,1,eindeutig_zugeordnet
19032,48.252186,16.352583,19,19,19,19052,1905,91905,19C,C,Bebauung mit überwiegend durchgrüntem Geschoßwohnbau,CXY,stark durchmischte Gebiete geringerer Dichte,point_in_polygon_ray_casting,2026-09-03,1,0,0,102.974,1,1,eindeutig_zugeordnet
19033,48.191887,16.292387,14,14,14,14031,1403,91403,14B,B,zwischen- und nachkriegszeitliche Gebiete mittlerer Dichte,BD,zwischen- und nachkriegszeitliche Strukturen,point_in_polygon_ray_casting,2026-09-03,1,0,0,62.163,1,1,eindeutig_zugeordnet
19027,48.191989,16.307910,14,14,14,14037,1403,91403,14B,GG,Gründerzeit mit überwiegend größeren Wohnungen,AGGGH,gründerzeitliche Gebiete,point_in_polygon_ray_casting,2026-09-03,1,0,0,35.630,1,1,eindeutig_zugeordnet
19035,48.186310,16.372169,4,4,4,04045,0404,90404,4B,D,zwischen- und nachkriegszeitliche Gebiete hoher Dichte,BD,zwischen- und nachkriegszeitliche Strukturen,point_in_polygon_ray_casting,2026-09-03,1,0,0,11.340,1,1,eindeutig_zugeordnet
19036,48.185530,16.352591,5,5,5,05033,0503,90503,5C,G,Gründerzeit mit überwiegend kleineren Wohnungen,AGGGH,gründerzeitliche Gebiete,point_in_polygon_ray_casting,2026-09-03,1,0,0,33.392,1,1,eindeutig_zugeordnet
19037,48.276525,16.412389,21,21,21,21100,2110,92110,21B,B,zwischen- und nachkriegszeitliche Gebiete mittlerer Dichte,BD,zwischen- und nachkriegszeitliche Strukturen,point_in_polygon_ray_casting,2026-09-03,1,0,0,26.408,1,1,eindeutig_zugeordnet
19038,48.169467,16.325276,12,12,12,12081,1208,91208,12D,I,überwiegend industriell-gewerbliche Nutzung,ZI,industriell-gewerblich oder durch sonstige Nutzungen dominierte Gebiete,point_in_polygon_ray_casting,2026-09-03,1,0,0,76.467,1,1,eindeutig_zugeordnet
19039,48.237458,16.367661,20,20,20,20063,2006,92006,20B,JA,Gebiete dominiert durch Bauten von 1961 bis 1991,JAN,"Mischgebiete der jüngeren Vergangenheit, Neubau- und Stadterweiterungsgebiete",point_in_polygon_ray_casting,2026-09-03,1,0,0,85.543,1,1,eindeutig_zugeordnet
19040,48.200578,16.390838,3,3,3,03094,0309,90309,3B,GG,Gründerzeit mit überwiegend größeren Wohnungen,AGGGH,gründerzeitliche Gebiete,point_in_polygon_ray_casting,2026-09-03,1,0,0,52.551,1,1,eindeutig_zugeordnet
19034,48.248237,16.377192,20,20,20,20012,2001,92001,20A,D,zwischen- und nachkriegszeitliche Gebiete hoher Dichte,BD,zwischen- und nachkriegszeitliche Strukturen,point_in_polygon_ray_casting,2026-09-03,1,0,0,68.322,1,1,eindeutig_zugeordnet
18983,48.183051,16.328777,12,12,12,12050,1205,91205,12B,A,"Zentrum, Altstadt und Gründerzeit",AGGGH,gründerzeitliche Gebiete,point_in_polygon_ray_casting,2026-09-03,1,0,0,72.603,1,1,eindeutig_zugeordnet
18984,48.232305,16.445905,22,22,22,22152,2215,92215,22E,C,Bebauung mit überwiegend durchgrüntem Geschoßwohnbau,CXY,stark durchmischte Gebiete geringerer Dichte,point_in_polygon_ray_casting,2026-09-03,1,0,0,31.097,1,1,eindeutig_zugeordnet
18985,48.213749,16.312595,16,16,16,16040,1604,91604,16C,G,Gründerzeit mit überwiegend kleineren Wohnungen,AGGGH,gründerzeitliche Gebiete,point_in_polygon_ray_casting,2026-09-03,1,0,0,82.926,1,1,eindeutig_zugeordnet
18986,48.154091,16.362863,10,10,10,10133,1013,91013,10H,C,Bebauung mit überwiegend durchgrüntem Geschoßwohnbau,CXY,stark durchmischte Gebiete geringerer Dichte,point_in_polygon_ray_casting,2026-09-03,1,0,0,42.253,1,1,eindeutig_zugeordnet
18987,48.213768,16.331729,16,16,16,16011,1601,91601,16A,G,Gründerzeit mit überwiegend kleineren Wohnungen,AGGGH,gründerzeitliche Gebiete,point_in_polygon_ray_casting,2026-09-03,1,0,0,10.687,1,1,eindeutig_zugeordnet
18988,48.190650,16.333064,15,15,15,15035,1503,91503,15C,G,Gründerzeit mit überwiegend kleineren Wohnungen,AGGGH,gründerzeitliche Gebiete,point_in_polygon_ray_casting,2026-09-03,1,0,0,40.697,1,1,eindeutig_zugeordnet
18989,48.231016,16.377713,20,20,20,20037,2003,92003,20D,D,zwischen- und nachkriegszeitliche Gebiete hoher Dichte,BD,zwischen- und nachkriegszeitliche Strukturen,point_in_polygon_ray_casting,2026-09-03,1,0,0,49.119,1,1,eindeutig_zugeordnet
18990,48.211592,16.315614,16,16,16,16031,1603,91603,16B,G,Gründerzeit mit überwiegend kleineren Wohnungen,AGGGH,gründerzeitliche Gebiete,point_in_polygon_ray_casting,2026-09-03,1,0,0,61.140,1,1,eindeutig_zugeordnet
18991,48.226932,16.402526,2,2,2,02012,0201,90201,2A,D,zwischen- und nachkriegszeitliche Gebiete hoher Dichte,BD,zwischen- und nachkriegszeitliche Strukturen,point_in_polygon_ray_casting,2026-09-03,1,0,0,43.893,1,1,eindeutig_zugeordnet
18992,48.219863,16.371172,2,2,2,02033,0203,90203,2C,GG,Gründerzeit mit überwiegend größeren Wohnungen,AGGGH,gründerzeitliche Gebiete,point_in_polygon_ray_casting,2026-09-03,1,0,0,36.578,1,1,eindeutig_zugeordnet
18993,48.178162,16.418327,11,11,11,11025,1102,91102,11A,JA,Gebiete dominiert durch Bauten von 1961 bis 1991,JAN,"Mischgebiete der jüngeren Vergangenheit, Neubau- und Stadterweiterungsgebiete",point_in_polygon_ray_casting,2026-09-03,1,0,0,72.391,1,1,eindeutig_zugeordnet
18994,48.249424,16.339200,19,19,19,19064,1906,91906,19A,R,Einfamilienhäuser und Kleingärten,RT,Einfamilienhausgebiete bzw. stark durchgrünte Strukturen,point_in_polygon_ray_casting,2026-09-03,1,0,0,12.260,1,1,eindeutig_zugeordnet
18620,48.190854,16.327258,15,15,15,15055,1505,91505,15C,G,Gründerzeit mit überwiegend kleineren Wohnungen,AGGGH,gründerzeitliche Gebiete,point_in_polygon_ray_casting,2026-09-03,1,0,0,16.244,1,1,eindeutig_zugeordnet
18621,48.207662,16.392218,3,3,3,03018,0301,90301,3A,GG,Gründerzeit mit überwiegend größeren Wohnungen,AGGGH,gründerzeitliche Gebiete,point_in_polygon_ray_casting,2026-09-03,1,0,0,68.382,1,1,eindeutig_zugeordnet
18622,48.171283,16.365843,10,10,10,10102,1010,91010,10F,D,zwischen- und nachkriegszeitliche Gebiete hoher Dichte,BD,zwischen- und nachkriegszeitliche Strukturen,point_in_polygon_ray_casting,2026-09-03,1,0,0,32.697,1,1,eindeutig_zugeordnet
18623,48.190905,16.370275,4,4,4,04040,0404,90404,4B,B,zwischen- und nachkriegszeitliche Gebiete mittlerer Dichte,BD,zwischen- und nachkriegszeitliche Strukturen,point_in_polygon_ray_casting,2026-09-03,1,0,0,50.168,1,1,eindeutig_zugeordnet
18624,48.188954,16.350757,5,5,5,05041,0504,90504,5A,G,Gründerzeit mit überwiegend kleineren Wohnungen,AGGGH,gründerzeitliche Gebiete,point_in_polygon_ray_casting,2026-09-03,1,0,0,50.256,1,1,eindeutig_zugeordnet
18625,48.195082,16.317384,15,15,15,15065,1506,91506,15B,G,Gründerzeit mit überwiegend kleineren Wohnungen,AGGGH,gründerzeitliche Gebiete,point_in_polygon_ray_casting,2026-09-03,1,0,0,42.384,1,1,eindeutig_zugeordnet
18626,48.226604,16.357739,9,9,9,09014,0901,90901,9A,G,Gründerzeit mit überwiegend kleineren Wohnungen,AGGGH,gründerzeitliche Gebiete,point_in_polygon_ray_casting,2026-09-03,1,0,0,71.824,1,1,eindeutig_zugeordnet
18627,48.185610,16.339483,12,12,12,12012,1201,91201,12A,JA,Gebiete dominiert durch Bauten von 1961 bis 1991,JAN,"Mischgebiete der jüngeren Vergangenheit, Neubau- und Stadterweiterungsgebiete",point_in_polygon_ray_casting,2026-09-03,1,0,0,15.055,1,1,eindeutig_zugeordnet
18628,48.175846,16.324836,12,12,12,12072,1207,91207,12C,B,zwischen- und nachkriegszeitliche Gebiete mittlerer Dichte,BD,zwischen- und nachkriegszeitliche Strukturen,point_in_polygon_ray_casting,2026-09-03,1,0,0,69.844,1,1,eindeutig_zugeordnet
18629,48.238789,16.369992,20,20,20,20063,2006,92006,20B,JA,Gebiete dominiert durch Bauten von 1961 bis 1991,JAN,"Mischgebiete der jüngeren Vergangenheit, Neubau- und Stadterweiterungsgebiete",point_in_polygon_ray_casting,2026-09-03,1,0,0,77.834,1,1,eindeutig_zugeordnet
18630,48.194323,16.390557,3,3,3,03052,0305,90305,3C,GG,Gründerzeit mit überwiegend größeren Wohnungen,AGGGH,gründerzeitliche Gebiete,point_in_polygon_ray_casting,2026-09-03,1,0,0,41.404,1,1,eindeutig_zugeordnet
18631,48.228247,16.359640,9,9,9,09015,0901,90901,9A,D,zwischen- und nachkriegszeitliche Gebiete hoher Dichte,BD,zwischen- und nachkriegszeitliche Strukturen,point_in_polygon_ray_casting,2026-09-03,1,0,0,4.340,1,1,eindeutig_zugeordnet
18632,48.226825,16.359079,9,9,9,09015,0901,90901,9A,D,zwischen- und nachkriegszeitliche Gebiete hoher Dichte,BD,zwischen- und nachkriegszeitliche Strukturen,point_in_polygon_ray_casting,2026-09-03,1,0,0,25.305,1,1,eindeutig_zugeordnet
18633,48.172004,16.388493,10,10,10,10027,1002,91002,10B,D,zwischen- und nachkriegszeitliche Gebiete hoher Dichte,BD,zwischen- und nachkriegszeitliche Strukturen,point_in_polygon_ray_casting,2026-09-03,1,0,0,36.423,1,1,eindeutig_zugeordnet
18634,48.227162,16.337185,18,18,18,18023,1802,91802,18B,GG,Gründerzeit mit überwiegend größeren Wohnungen,AGGGH,gründerzeitliche Gebiete,point_in_polygon_ray_casting,2026-09-03,1,0,0,76.421,1,1,eindeutig_zugeordnet
18635,48.188268,16.326433,15,15,15,15056,1505,91505,15C,JA,Gebiete dominiert durch Bauten von 1961 bis 1991,JAN,"Mischgebiete der jüngeren Vergangenheit, Neubau- und Stadterweiterungsgebiete",point_in_polygon_ray_casting,2026-09-03,1,0,0,66.470,1,1,eindeutig_zugeordnet
18636,48.197989,16.403788,3,3,3,03102,0310,90310,3D,D,zwischen- und nachkriegszeitliche Gebiete hoher Dichte,BD,zwischen- und nachkriegszeitliche Strukturen,point_in_polygon_ray_casting,2026-09-03,1,0,0,93.530,1,1,eindeutig_zugeordnet
18637,48.174127,16.410374,11,11,11,11034,1103,91103,11B,D,zwischen- und nachkriegszeitliche Gebiete hoher Dichte,BD,zwischen- und nachkriegszeitliche Strukturen,point_in_polygon_ray_casting,2026-09-03,1,0,0,38.257,1,1,eindeutig_zugeordnet
18638,48.290346,16.383957,21,21,21,21141,2114,92114,21E,C,Bebauung mit überwiegend durchgrüntem Geschoßwohnbau,CXY,stark durchmischte Gebiete geringerer Dichte,point_in_polygon_ray_casting,2026-09-03,1,0,0,130.510,1,1,eindeutig_zugeordnet
18639,48.210861,16.329225,16,16,16,16014,1601,91601,16A,JA,Gebiete dominiert durch Bauten von 1961 bis 1991,JAN,"Mischgebiete der jüngeren Vergangenheit, Neubau- und Stadterweiterungsgebiete",point_in_polygon_ray_casting,2026-09-03,1,0,0,31.562,1,1,eindeutig_zugeordnet
18640,48.229658,16.355085,9,9,9,09012,0901,90901,9A,GG,Gründerzeit mit überwiegend größeren Wohnungen,AGGGH,gründerzeitliche Gebiete,point_in_polygon_ray_casting,2026-09-03,1,0,0,53.554,1,1,eindeutig_zugeordnet
18641,48.233965,16.351005,19,19,19,19049,1904,91904,19B,D,zwischen- und nachkriegszeitliche Gebiete hoher Dichte,BD,zwischen- und nachkriegszeitliche Strukturen,point_in_polygon_ray_casting,2026-09-03,1,0,0,32.582,1,1,eindeutig_zugeordnet
18642,48.175426,16.322961,12,12,12,12071,1207,91207,12C,B,zwischen- und nachkriegszeitliche Gebiete mittlerer Dichte,BD,zwischen- und nachkriegszeitliche Strukturen,point_in_polygon_ray_casting,2026-09-03,1,0,0,38.258,1,1,eindeutig_zugeordnet
18643,48.219700,16.327546,17,17,17,17020,1702,91702,17A,G,Gründerzeit mit überwiegend kleineren Wohnungen,AGGGH,gründerzeitliche Gebiete,point_in_polygon_ray_casting,2026-09-03,1,0,0,63.240,1,1,eindeutig_zugeordnet
18644,48.188333,16.358233,5,5,5,05035,0503,90503,5C,G,Gründerzeit mit überwiegend kleineren Wohnungen,AGGGH,gründerzeitliche Gebiete,point_in_polygon_ray_casting,2026-09-03,1,0,0,3.636,1,1,eindeutig_zugeordnet
18560,48.199794,16.325764,15,15,15,15017,1501,91501,15A,D,zwischen- und nachkriegszeitliche Gebiete hoher Dichte,BD,zwischen- und nachkriegszeitliche Strukturen,point_in_polygon_ray_casting,2026-09-03,1,0,0,31.404,1,1,eindeutig_zugeordnet
18561,48.240302,16.383830,20,20,20,20021,2002,92002,20C,G,Gründerzeit mit überwiegend kleineren Wohnungen,AGGGH,gründerzeitliche Gebiete,point_in_polygon_ray_casting,2026-09-03,1,0,0,40.312,1,1,eindeutig_zugeordnet
18562,48.194749,16.341749,6,6,6,06030,0603,90603,6A,GG,Gründerzeit mit überwiegend größeren Wohnungen,AGGGH,gründerzeitliche Gebiete,point_in_polygon_ray_casting,2026-09-03,1,0,0,114.806,1,1,eindeutig_zugeordnet
18563,48.209824,16.393603,3,3,3,03017,0301,90301,3A,GG,Gründerzeit mit überwiegend größeren Wohnungen,AGGGH,gründerzeitliche Gebiete,point_in_polygon_ray_casting,2026-09-03,1,0,0,75.485,1,1,eindeutig_zugeordnet
18564,48.194023,16.407165,3,3,3,03071,0307,90307,3E,B,zwischen- und nachkriegszeitliche Gebiete mittlerer Dichte,BD,zwischen- und nachkriegszeitliche Strukturen,point_in_polygon_ray_casting,2026-09-03,1,0,0,35.603,1,1,eindeutig_zugeordnet
18565,48.190599,16.334790,15,15,15,15038,1503,91503,15C,G,Gründerzeit mit überwiegend kleineren Wohnungen,AGGGH,gründerzeitliche Gebiete,point_in_polygon_ray_casting,2026-09-03,1,0,0,12.319,1,1,eindeutig_zugeordnet
18566,48.214118,16.334377,16,16,16,16012,1601,91601,16A,G,Gründerzeit mit überwiegend kleineren Wohnungen,AGGGH,gründerzeitliche Gebiete,point_in_polygon_ray_casting,2026-09-03,1,0,0,46.958,1,1,eindeutig_zugeordnet
18567,48.242766,16.333160,19,19,19,19084,1908,91908,19C,JA,Gebiete dominiert durch Bauten von 1961 bis 1991,JAN,"Mischgebiete der jüngeren Vergangenheit, Neubau- und Stadterweiterungsgebiete",point_in_polygon_ray_casting,2026-09-03,1,0,0,9.512,1,1,eindeutig_zugeordnet
18568,48.211718,16.320475,16,16,16,16046,1604,91604,16C,G,Gründerzeit mit überwiegend kleineren Wohnungen,AGGGH,gründerzeitliche Gebiete,point_in_polygon_ray_casting,2026-09-03,1,0,0,51.725,1,1,eindeutig_zugeordnet
18569,48.153323,16.285405,23,23,23,23096,2309,92309,23D,C,Bebauung mit überwiegend durchgrüntem Geschoßwohnbau,CXY,stark durchmischte Gebiete geringerer Dichte,point_in_polygon_ray_casting,2026-09-03,1,0,0,23.348,1,1,eindeutig_zugeordnet
18570,48.242440,16.339170,19,19,19,19086,1908,91908,19C,B,zwischen- und nachkriegszeitliche Gebiete mittlerer Dichte,BD,zwischen- und nachkriegszeitliche Strukturen,point_in_polygon_ray_casting,2026-09-03,1,0,0,5.800,1,1,eindeutig_zugeordnet
18571,48.212559,16.331569,16,16,16,16011,1601,91601,16A,G,Gründerzeit mit überwiegend kleineren Wohnungen,AGGGH,gründerzeitliche Gebiete,point_in_polygon_ray_casting,2026-09-03,1,0,0,10.447,1,1,eindeutig_zugeordnet
18572,48.194371,16.402405,3,3,3,03064,0306,90306,3D,D,zwischen- und nachkriegszeitliche Gebiete hoher Dichte,BD,zwischen- und nachkriegszeitliche Strukturen,point_in_polygon_ray_casting,2026-09-03,1,0,0,5.408,1,1,eindeutig_zugeordnet
18574,48.254610,16.363001,19,19,19,19014,1901,91901,19A,R,Einfamilienhäuser und Kleingärten,RT,Einfamilienhausgebiete bzw. stark durchgrünte Strukturen,point_in_polygon_ray_casting,2026-09-03,1,0,0,40.745,1,1,eindeutig_zugeordnet
18575,48.176506,16.282972,13,13,13,13060,1306,91306,13A,C,Bebauung mit überwiegend durchgrüntem Geschoßwohnbau,CXY,stark durchmischte Gebiete geringerer Dichte,point_in_polygon_ray_casting,2026-09-03,1,0,0,187.716,1,1,eindeutig_zugeordnet
18576,48.208620,16.347084,8,8,8,08025,0802,90802,8A,GG,Gründerzeit mit überwiegend größeren Wohnungen,AGGGH,gründerzeitliche Gebiete,point_in_polygon_ray_casting,2026-09-03,1,0,0,30.190,1,1,eindeutig_zugeordnet
18577,48.184169,16.354977,5,5,5,05037,0503,90503,5C,G,Gründerzeit mit überwiegend kleineren Wohnungen,AGGGH,gründerzeitliche Gebiete,point_in_polygon_ray_casting,2026-09-03,1,0,0,25.146,1,1,eindeutig_zugeordnet
18578,48.214940,16.312066,16,16,16,16056,1605,91605,16C,GG,Gründerzeit mit überwiegend größeren Wohnungen,AGGGH,gründerzeitliche Gebiete,point_in_polygon_ray_casting,2026-09-03,1,0,0,8.138,1,1,eindeutig_zugeordnet
18579,48.191125,16.349139,6,6,6,06023,0602,90602,6A,D,zwischen- und nachkriegszeitliche Gebiete hoher Dichte,BD,zwischen- und nachkriegszeitliche Strukturen,point_in_polygon_ray_casting,2026-09-03,1,0,0,67.222,1,1,eindeutig_zugeordnet
18573,48.166991,16.361314,10,10,10,10105,1010,91010,10F,JA,Gebiete dominiert durch Bauten von 1961 bis 1991,JAN,"Mischgebiete der jüngeren Vergangenheit, Neubau- und Stadterweiterungsgebiete",point_in_polygon_ray_casting,2026-09-03,1,0,0,126.978,1,1,eindeutig_zugeordnet
18581,48.239758,16.319796,18,18,18,18053,1805,91805,18A,H,Cottages,AGGGH,gründerzeitliche Gebiete,point_in_polygon_ray_casting,2026-09-03,1,0,0,41.404,1,1,eindeutig_zugeordnet
18582,48.184354,16.352573,5,5,5,05037,0503,90503,5C,G,Gründerzeit mit überwiegend kleineren Wohnungen,AGGGH,gründerzeitliche Gebiete,point_in_polygon_ray_casting,2026-09-03,1,0,0,31.614,1,1,eindeutig_zugeordnet
18580,48.193387,16.335990,15,15,15,15037,1503,91503,15C,G,Gründerzeit mit überwiegend kleineren Wohnungen,AGGGH,gründerzeitliche Gebiete,point_in_polygon_ray_casting,2026-09-03,1,0,0,18.077,1,1,eindeutig_zugeordnet
18583,48.222854,16.465489,22,22,22,22220,2222,92222,22I,T,Reihenhäuser,RT,Einfamilienhausgebiete bzw. stark durchgrünte Strukturen,point_in_polygon_ray_casting,2026-09-03,1,0,0,103.868,1,1,eindeutig_zugeordnet
18584,48.168275,16.384780,10,10,10,10231,1023,91023,10C,B,zwischen- und nachkriegszeitliche Gebiete mittlerer Dichte,BD,zwischen- und nachkriegszeitliche Strukturen,point_in_polygon_ray_casting,2026-09-03,1,0,0,72.477,1,1,eindeutig_zugeordnet
18586,48.212462,16.325538,16,16,16,16044,1604,91604,16C,I,überwiegend industriell-gewerbliche Nutzung,ZI,industriell-gewerblich oder durch sonstige Nutzungen dominierte Gebiete,point_in_polygon_ray_casting,2026-09-03,1,0,0,53.286,1,1,eindeutig_zugeordnet
18587,48.186684,16.324023,15,15,15,15053,1505,91505,15C,GG,Gründerzeit mit überwiegend größeren Wohnungen,AGGGH,gründerzeitliche Gebiete,point_in_polygon_ray_casting,2026-09-03,1,0,0,36.158,1,1,eindeutig_zugeordnet
18588,48.204212,16.391873,3,3,3,03026,0302,90302,3A,JA,Gebiete dominiert durch Bauten von 1961 bis 1991,JAN,"Mischgebiete der jüngeren Vergangenheit, Neubau- und Stadterweiterungsgebiete",point_in_polygon_ray_casting,2026-09-03,1,0,0,41.969,1,1,eindeutig_zugeordnet
18589,48.222082,16.398730,2,2,2,02071,0207,90207,2E,D,zwischen- und nachkriegszeitliche Gebiete hoher Dichte,BD,zwischen- und nachkriegszeitliche Strukturen,point_in_polygon_ray_casting,2026-09-03,1,0,0,6.742,1,1,eindeutig_zugeordnet
18585,48.242409,16.376877,20,20,20,20074,2007,92007,20B,JA,Gebiete dominiert durch Bauten von 1961 bis 1991,JAN,"Mischgebiete der jüngeren Vergangenheit, Neubau- und Stadterweiterungsgebiete",point_in_polygon_ray_casting,2026-09-03,1,0,0,18.829,1,1,eindeutig_zugeordnet
18590,48.243569,16.320260,19,19,19,19104,1910,91910,19A,R,Einfamilienhäuser und Kleingärten,RT,Einfamilienhausgebiete bzw. stark durchgrünte Strukturen,point_in_polygon_ray_casting,2026-09-03,1,0,0,16.718,1,1,eindeutig_zugeordnet
18591,48.222807,16.366429,9,9,9,09026,0902,90902,9B,GG,Gründerzeit mit überwiegend größeren Wohnungen,AGGGH,gründerzeitliche Gebiete,point_in_polygon_ray_casting,2026-09-03,1,0,0,9.632,1,1,eindeutig_zugeordnet
18592,48.162498,16.375551,10,10,10,10116,1011,91011,10H,X,heterogene Bebauung mit Überhang an Einfamilien- und Reihenhäusern,CXY,stark durchmischte Gebiete geringerer Dichte,point_in_polygon_ray_casting,2026-09-03,1,0,0,95.293,1,1,eindeutig_zugeordnet
18593,48.150490,16.325475,23,23,23,23031,2303,92303,23B,R,Einfamilienhäuser und Kleingärten,RT,Einfamilienhausgebiete bzw. stark durchgrünte Strukturen,point_in_polygon_ray_casting,2026-09-03,1,0,0,129.026,1,1,eindeutig_zugeordnet
18594,48.189425,16.359496,5,5,5,05017,0501,90501,5A,GG,Gründerzeit mit überwiegend größeren Wohnungen,AGGGH,gründerzeitliche Gebiete,point_in_polygon_ray_casting,2026-09-03,1,0,0,19.208,1,1,eindeutig_zugeordnet
18595,48.210706,16.388434,3,3,3,03011,0301,90301,3A,GG,Gründerzeit mit überwiegend größeren Wohnungen,AGGGH,gründerzeitliche Gebiete,point_in_polygon_ray_casting,2026-09-03,1,0,0,45.592,1,1,eindeutig_zugeordnet
18596,48.146563,16.295025,23,23,23,23071,2307,92307,23C,C,Bebauung mit überwiegend durchgrüntem Geschoßwohnbau,CXY,stark durchmischte Gebiete geringerer Dichte,point_in_polygon_ray_casting,2026-09-03,1,0,0,112.482,1,1,eindeutig_zugeordnet
18597,48.187904,16.366094,4,4,4,04039,0403,90403,4A,GG,Gründerzeit mit überwiegend größeren Wohnungen,AGGGH,gründerzeitliche Gebiete,point_in_polygon_ray_casting,2026-09-03,1,0,0,26.576,1,1,eindeutig_zugeordnet
18598,48.217322,16.349755,9,9,9,09034,0903,90903,9B,GG,Gründerzeit mit überwiegend größeren Wohnungen,AGGGH,gründerzeitliche Gebiete,point_in_polygon_ray_casting,2026-09-03,1,0,0,31.223,1,1,eindeutig_zugeordnet
18599,48.194948,16.355151,5,5,5,05010,0501,90501,5A,GG,Gründerzeit mit überwiegend größeren Wohnungen,AGGGH,gründerzeitliche Gebiete,point_in_polygon_ray_casting,2026-09-03,1,0,0,52.374,1,1,eindeutig_zugeordnet
18600,48.229917,16.292124,17,17,17,17052,1705,91705,17C,R,Einfamilienhäuser und Kleingärten,RT,Einfamilienhausgebiete bzw. stark durchgrünte Strukturen,point_in_polygon_ray_casting,2026-09-03,1,0,0,83.383,1,1,eindeutig_zugeordnet
18601,48.243057,16.380667,20,20,20,20073,2007,92007,20B,D,zwischen- und nachkriegszeitliche Gebiete hoher Dichte,BD,zwischen- und nachkriegszeitliche Strukturen,point_in_polygon_ray_casting,2026-09-03,1,0,0,49.747,1,1,eindeutig_zugeordnet
18602,48.292093,16.382770,21,21,21,21141,2114,92114,21E,C,Bebauung mit überwiegend durchgrüntem Geschoßwohnbau,CXY,stark durchmischte Gebiete geringerer Dichte,point_in_polygon_ray_casting,2026-09-03,1,0,0,172.500,1,1,eindeutig_zugeordnet
18603,48.194856,16.357375,5,5,5,05010,0501,90501,5A,GG,Gründerzeit mit überwiegend größeren Wohnungen,AGGGH,gründerzeitliche Gebiete,point_in_polygon_ray_casting,2026-09-03,1,0,0,25.610,1,1,eindeutig_zugeordnet
18604,48.203152,16.298687,14,14,14,14052,1405,91405,14D,Z,überwiegend städtische Infrastruktur und sonstige Nutzungen,ZI,industriell-gewerblich oder durch sonstige Nutzungen dominierte Gebiete,point_in_polygon_ray_casting,2026-09-03,1,0,0,70.625,1,1,eindeutig_zugeordnet
18605,48.175523,16.335038,12,12,12,12046,1204,91204,12B,GG,Gründerzeit mit überwiegend größeren Wohnungen,AGGGH,gründerzeitliche Gebiete,point_in_polygon_ray_casting,2026-09-03,1,0,0,36.436,1,1,eindeutig_zugeordnet
18606,48.225229,16.339240,18,18,18,18033,1803,91803,18B,G,Gründerzeit mit überwiegend kleineren Wohnungen,AGGGH,gründerzeitliche Gebiete,point_in_polygon_ray_casting,2026-09-03,1,0,0,13.671,1,1,eindeutig_zugeordnet
18607,48.169963,16.283160,13,13,13,13080,1308,91308,13C,C,Bebauung mit überwiegend durchgrüntem Geschoßwohnbau,CXY,stark durchmischte Gebiete geringerer Dichte,point_in_polygon_ray_casting,2026-09-03,1,0,0,181.215,1,1,eindeutig_zugeordnet
18608,48.245070,16.436931,22,22,22,22131,2213,92213,22G,Z,überwiegend städtische Infrastruktur und sonstige Nutzungen,ZI,industriell-gewerblich oder durch sonstige Nutzungen dominierte Gebiete,point_in_polygon_ray_casting,2026-09-03,1,0,0,31.894,1,1,eindeutig_zugeordnet
18609,48.270823,16.446314,21,21,21,21052,2105,92105,21C,JA,Gebiete dominiert durch Bauten von 1961 bis 1991,JAN,"Mischgebiete der jüngeren Vergangenheit, Neubau- und Stadterweiterungsgebiete",point_in_polygon_ray_casting,2026-09-03,1,0,0,112.502,1,1,eindeutig_zugeordnet
18610,48.189262,16.354833,5,5,5,05046,0504,90504,5A,G,Gründerzeit mit überwiegend kleineren Wohnungen,AGGGH,gründerzeitliche Gebiete,point_in_polygon_ray_casting,2026-09-03,1,0,0,8.488,1,1,eindeutig_zugeordnet
18611,48.180127,16.284662,13,13,13,13025,1302,91302,13A,R,Einfamilienhäuser und Kleingärten,RT,Einfamilienhausgebiete bzw. stark durchgrünte Strukturen,point_in_polygon_ray_casting,2026-09-03,1,0,0,12.729,1,1,eindeutig_zugeordnet
18612,48.240234,16.337815,19,19,19,19090,1909,91909,19A,H,Cottages,AGGGH,gründerzeitliche Gebiete,point_in_polygon_ray_casting,2026-09-03,1,0,0,29.091,1,1,eindeutig_zugeordnet
18613,48.171721,16.354448,10,10,10,10083,1008,91008,10F,D,zwischen- und nachkriegszeitliche Gebiete hoher Dichte,BD,zwischen- und nachkriegszeitliche Strukturen,point_in_polygon_ray_casting,2026-09-03,1,0,0,28.739,1,1,eindeutig_zugeordnet
18614,48.197404,16.309405,14,14,14,14021,1402,91402,14A,D,zwischen- und nachkriegszeitliche Gebiete hoher Dichte,BD,zwischen- und nachkriegszeitliche Strukturen,point_in_polygon_ray_casting,2026-09-03,1,0,0,76.339,1,1,eindeutig_zugeordnet
18615,48.190137,16.388256,3,3,3,03045,0304,90304,3C,D,zwischen- und nachkriegszeitliche Gebiete hoher Dichte,BD,zwischen- und nachkriegszeitliche Strukturen,point_in_polygon_ray_casting,2026-09-03,1,0,0,64.484,1,1,eindeutig_zugeordnet
18616,48.251564,16.446316,22,22,22,22080,2208,92208,22D,JN,Neubau ab 1991 und Stadterweiterung,JAN,"Mischgebiete der jüngeren Vergangenheit, Neubau- und Stadterweiterungsgebiete",point_in_polygon_ray_casting,2026-09-03,1,0,0,102.185,1,1,eindeutig_zugeordnet
18617,48.151208,16.285512,23,23,23,23096,2309,92309,23D,C,Bebauung mit überwiegend durchgrüntem Geschoßwohnbau,CXY,stark durchmischte Gebiete geringerer Dichte,point_in_polygon_ray_casting,2026-09-03,1,0,0,86.354,1,1,eindeutig_zugeordnet
18618,48.254348,16.400586,21,21,21,21260,2126,92126,21D,B,zwischen- und nachkriegszeitliche Gebiete mittlerer Dichte,BD,zwischen- und nachkriegszeitliche Strukturen,point_in_polygon_ray_casting,2026-09-03,1,0,0,58.769,1,1,eindeutig_zugeordnet
18619,48.259287,16.442679,22,22,22,22092,2209,92209,22G,JA,Gebiete dominiert durch Bauten von 1961 bis 1991,JAN,"Mischgebiete der jüngeren Vergangenheit, Neubau- und Stadterweiterungsgebiete",point_in_polygon_ray_casting,2026-09-03,1,0,0,27.252,1,1,eindeutig_zugeordnet
18307,48.196317,16.306796,14,14,14,14047,1404,91404,14C,D,zwischen- und nachkriegszeitliche Gebiete hoher Dichte,BD,zwischen- und nachkriegszeitliche Strukturen,point_in_polygon_ray_casting,2026-09-03,1,0,0,47.677,1,1,eindeutig_zugeordnet
18308,48.146466,16.293624,23,23,23,23071,2307,92307,23C,C,Bebauung mit überwiegend durchgrüntem Geschoßwohnbau,CXY,stark durchmischte Gebiete geringerer Dichte,point_in_polygon_ray_casting,2026-09-03,1,0,0,22.682,1,1,eindeutig_zugeordnet
18309,48.158263,16.327070,12,12,12,12091,1209,91209,12D,Y,heterogene Bebauung mit Überhang an Geschoßwohnungen,CXY,stark durchmischte Gebiete geringerer Dichte,point_in_polygon_ray_casting,2026-09-03,1,0,0,183.047,1,1,eindeutig_zugeordnet
18306,48.190936,16.358950,5,5,5,05014,0501,90501,5A,GG,Gründerzeit mit überwiegend größeren Wohnungen,AGGGH,gründerzeitliche Gebiete,point_in_polygon_ray_casting,2026-09-03,1,0,0,26.026,1,1,eindeutig_zugeordnet
18310,48.189898,16.370925,4,4,4,04040,0404,90404,4B,B,zwischen- und nachkriegszeitliche Gebiete mittlerer Dichte,BD,zwischen- und nachkriegszeitliche Strukturen,point_in_polygon_ray_casting,2026-09-03,1,0,0,16.537,1,1,eindeutig_zugeordnet
18311,48.200842,16.330867,15,15,15,15019,1501,91501,15A,GG,Gründerzeit mit überwiegend größeren Wohnungen,AGGGH,gründerzeitliche Gebiete,point_in_polygon_ray_casting,2026-09-03,1,0,0,32.575,1,1,eindeutig_zugeordnet
18314,48.221187,16.372622,2,2,2,02033,0203,90203,2C,GG,Gründerzeit mit überwiegend größeren Wohnungen,AGGGH,gründerzeitliche Gebiete,point_in_polygon_ray_casting,2026-09-03,1,0,0,49.510,1,1,eindeutig_zugeordnet
18315,48.169257,16.377236,10,10,10,10031,1003,91003,10C,D,zwischen- und nachkriegszeitliche Gebiete hoher Dichte,BD,zwischen- und nachkriegszeitliche Strukturen,point_in_polygon_ray_casting,2026-09-03,1,0,0,75.897,1,1,eindeutig_zugeordnet
18316,48.241680,16.337470,19,19,19,19085,1908,91908,19C,D,zwischen- und nachkriegszeitliche Gebiete hoher Dichte,BD,zwischen- und nachkriegszeitliche Strukturen,point_in_polygon_ray_casting,2026-09-03,1,0,0,67.011,1,1,eindeutig_zugeordnet
18317,48.224079,16.338629,18,18,18,18033,1803,91803,18B,G,Gründerzeit mit überwiegend kleineren Wohnungen,AGGGH,gründerzeitliche Gebiete,point_in_polygon_ray_casting,2026-09-03,1,0,0,15.020,1,1,eindeutig_zugeordnet
18318,48.184931,16.297374,13,13,13,13023,1302,91302,13A,GG,Gründerzeit mit überwiegend größeren Wohnungen,AGGGH,gründerzeitliche Gebiete,point_in_polygon_ray_casting,2026-09-03,1,0,0,28.813,1,1,eindeutig_zugeordnet
18312,48.135232,16.278238,23,23,23,23112,2311,92311,23E,C,Bebauung mit überwiegend durchgrüntem Geschoßwohnbau,CXY,stark durchmischte Gebiete geringerer Dichte,point_in_polygon_ray_casting,2026-09-03,1,0,0,112.623,1,1,eindeutig_zugeordnet
18313,48.205114,16.333197,16,16,16,16025,1602,91602,16A,G,Gründerzeit mit überwiegend kleineren Wohnungen,AGGGH,gründerzeitliche Gebiete,point_in_polygon_ray_casting,2026-09-03,1,0,0,25.151,1,1,eindeutig_zugeordnet
18319,48.198071,16.330400,15,15,15,15024,1502,91502,15B,G,Gründerzeit mit überwiegend kleineren Wohnungen,AGGGH,gründerzeitliche Gebiete,point_in_polygon_ray_casting,2026-09-03,1,0,0,70.699,1,1,eindeutig_zugeordnet
18320,48.186873,16.323139,15,15,15,15053,1505,91505,15C,GG,Gründerzeit mit überwiegend größeren Wohnungen,AGGGH,gründerzeitliche Gebiete,point_in_polygon_ray_casting,2026-09-03,1,0,0,63.893,1,1,eindeutig_zugeordnet
18321,48.212297,16.325958,16,16,16,16044,1604,91604,16C,I,überwiegend industriell-gewerbliche Nutzung,ZI,industriell-gewerblich oder durch sonstige Nutzungen dominierte Gebiete,point_in_polygon_ray_casting,2026-09-03,1,0,0,19.944,1,1,eindeutig_zugeordnet
18322,48.203416,16.404814,2,2,2,02065,0206,90206,2D,GG,Gründerzeit mit überwiegend größeren Wohnungen,AGGGH,gründerzeitliche Gebiete,point_in_polygon_ray_casting,2026-09-03,1,0,0,42.216,1,1,eindeutig_zugeordnet
18323,48.225848,16.342330,18,18,18,18024,1802,91802,18B,GG,Gründerzeit mit überwiegend größeren Wohnungen,AGGGH,gründerzeitliche Gebiete,point_in_polygon_ray_casting,2026-09-03,1,0,0,6.608,1,1,eindeutig_zugeordnet
18324,48.164137,16.414232,11,11,11,11055,1105,91105,11C,R,Einfamilienhäuser und Kleingärten,RT,Einfamilienhausgebiete bzw. stark durchgrünte Strukturen,point_in_polygon_ray_casting,2026-09-03,1,0,0,118.047,1,1,eindeutig_zugeordnet
18325,48.204808,16.326286,15,15,15,15010,1501,91501,15A,D,zwischen- und nachkriegszeitliche Gebiete hoher Dichte,BD,zwischen- und nachkriegszeitliche Strukturen,point_in_polygon_ray_casting,2026-09-03,1,0,0,38.538,1,1,eindeutig_zugeordnet
18326,48.182670,16.353063,5,5,5,05022,0502,90502,5B,G,Gründerzeit mit überwiegend kleineren Wohnungen,AGGGH,gründerzeitliche Gebiete,point_in_polygon_ray_casting,2026-09-03,1,0,0,39.002,1,1,eindeutig_zugeordnet
18327,48.198592,16.388952,3,3,3,03095,0309,90309,3B,GG,Gründerzeit mit überwiegend größeren Wohnungen,AGGGH,gründerzeitliche Gebiete,point_in_polygon_ray_casting,2026-09-03,1,0,0,41.027,1,1,eindeutig_zugeordnet
18328,48.170271,16.385781,10,10,10,10233,1023,91023,10C,JN,Neubau ab 1991 und Stadterweiterung,JAN,"Mischgebiete der jüngeren Vergangenheit, Neubau- und Stadterweiterungsgebiete",point_in_polygon_ray_casting,2026-09-03,1,0,0,99.778,1,1,eindeutig_zugeordnet
18329,48.177172,16.412876,11,11,11,11033,1103,91103,11B,D,zwischen- und nachkriegszeitliche Gebiete hoher Dichte,BD,zwischen- und nachkriegszeitliche Strukturen,point_in_polygon_ray_casting,2026-09-03,1,0,0,12.989,1,1,eindeutig_zugeordnet
18330,48.197139,16.309728,14,14,14,14021,1402,91402,14A,D,zwischen- und nachkriegszeitliche Gebiete hoher Dichte,BD,zwischen- und nachkriegszeitliche Strukturen,point_in_polygon_ray_casting,2026-09-03,1,0,0,49.442,1,1,eindeutig_zugeordnet
18332,48.168306,16.379263,10,10,10,10032,1003,91003,10C,D,zwischen- und nachkriegszeitliche Gebiete hoher Dichte,BD,zwischen- und nachkriegszeitliche Strukturen,point_in_polygon_ray_casting,2026-09-03,1,0,0,55.119,1,1,eindeutig_zugeordnet
18333,48.189817,16.376750,4,4,4,04026,0402,90402,4B,GG,Gründerzeit mit überwiegend größeren Wohnungen,AGGGH,gründerzeitliche Gebiete,point_in_polygon_ray_casting,2026-09-03,1,0,0,82.018,1,1,eindeutig_zugeordnet
18334,48.209465,16.328020,16,16,16,16103,1610,91610,16B,G,Gründerzeit mit überwiegend kleineren Wohnungen,AGGGH,gründerzeitliche Gebiete,point_in_polygon_ray_casting,2026-09-03,1,0,0,5.422,1,1,eindeutig_zugeordnet
18335,48.197374,16.329552,15,15,15,15024,1502,91502,15B,G,Gründerzeit mit überwiegend kleineren Wohnungen,AGGGH,gründerzeitliche Gebiete,point_in_polygon_ray_casting,2026-09-03,1,0,0,23.340,1,1,eindeutig_zugeordnet
18331,48.168637,16.281510,13,13,13,13080,1308,91308,13C,C,Bebauung mit überwiegend durchgrüntem Geschoßwohnbau,CXY,stark durchmischte Gebiete geringerer Dichte,point_in_polygon_ray_casting,2026-09-03,1,0,0,55.854,1,1,eindeutig_zugeordnet
18238,48.216475,16.326258,17,17,17,17023,1702,91702,17A,G,Gründerzeit mit überwiegend kleineren Wohnungen,AGGGH,gründerzeitliche Gebiete,point_in_polygon_ray_casting,2026-09-03,1,0,0,52.961,1,1,eindeutig_zugeordnet
18239,48.204729,16.309192,16,16,16,16037,1603,91603,16B,Z,überwiegend städtische Infrastruktur und sonstige Nutzungen,ZI,industriell-gewerblich oder durch sonstige Nutzungen dominierte Gebiete,point_in_polygon_ray_casting,2026-09-03,1,0,0,72.973,1,1,eindeutig_zugeordnet
18240,48.223456,16.407632,2,2,2,02092,0209,90209,2E,D,zwischen- und nachkriegszeitliche Gebiete hoher Dichte,BD,zwischen- und nachkriegszeitliche Strukturen,point_in_polygon_ray_casting,2026-09-03,1,0,0,21.955,1,1,eindeutig_zugeordnet
18241,48.202542,16.307876,14,14,14,14012,1401,91401,14A,G,Gründerzeit mit überwiegend kleineren Wohnungen,AGGGH,gründerzeitliche Gebiete,point_in_polygon_ray_casting,2026-09-03,1,0,0,12.491,1,1,eindeutig_zugeordnet
18242,48.192645,16.327117,15,15,15,15031,1503,91503,15C,G,Gründerzeit mit überwiegend kleineren Wohnungen,AGGGH,gründerzeitliche Gebiete,point_in_polygon_ray_casting,2026-09-03,1,0,0,27.206,1,1,eindeutig_zugeordnet
18243,48.178993,16.327920,12,12,12,12052,1205,91205,12B,G,Gründerzeit mit überwiegend kleineren Wohnungen,AGGGH,gründerzeitliche Gebiete,point_in_polygon_ray_casting,2026-09-03,1,0,0,91.580,1,1,eindeutig_zugeordnet
18244,48.166994,16.358091,10,10,10,10100,1010,91010,10F,B,zwischen- und nachkriegszeitliche Gebiete mittlerer Dichte,BD,zwischen- und nachkriegszeitliche Strukturen,point_in_polygon_ray_casting,2026-09-03,1,0,0,44.119,1,1,eindeutig_zugeordnet
18245,48.171889,16.387262,10,10,10,10027,1002,91002,10B,D,zwischen- und nachkriegszeitliche Gebiete hoher Dichte,BD,zwischen- und nachkriegszeitliche Strukturen,point_in_polygon_ray_casting,2026-09-03,1,0,0,73.434,1,1,eindeutig_zugeordnet
18246,48.177300,16.321470,12,12,12,12071,1207,91207,12C,B,zwischen- und nachkriegszeitliche Gebiete mittlerer Dichte,BD,zwischen- und nachkriegszeitliche Strukturen,point_in_polygon_ray_casting,2026-09-03,1,0,0,50.074,1,1,eindeutig_zugeordnet
18247,48.236141,16.372648,20,20,20,20062,2006,92006,20B,JA,Gebiete dominiert durch Bauten von 1961 bis 1991,JAN,"Mischgebiete der jüngeren Vergangenheit, Neubau- und Stadterweiterungsgebiete",point_in_polygon_ray_casting,2026-09-03,1,0,0,47.435,1,1,eindeutig_zugeordnet
18248,48.173563,16.412858,11,11,11,11035,1103,91103,11B,JN,Neubau ab 1991 und Stadterweiterung,JAN,"Mischgebiete der jüngeren Vergangenheit, Neubau- und Stadterweiterungsgebiete",point_in_polygon_ray_casting,2026-09-03,1,0,0,31.433,1,1,eindeutig_zugeordnet
18249,48.194033,16.403235,3,3,3,03065,0306,90306,3D,B,zwischen- und nachkriegszeitliche Gebiete mittlerer Dichte,BD,zwischen- und nachkriegszeitliche Strukturen,point_in_polygon_ray_casting,2026-09-03,1,0,0,4.913,1,1,eindeutig_zugeordnet
18250,48.193334,16.362206,5,5,5,05016,0501,90501,5A,G,Gründerzeit mit überwiegend kleineren Wohnungen,AGGGH,gründerzeitliche Gebiete,point_in_polygon_ray_casting,2026-09-03,1,0,0,15.874,1,1,eindeutig_zugeordnet
18251,48.183875,16.361474,5,5,5,05026,0502,90502,5B,D,zwischen- und nachkriegszeitliche Gebiete hoher Dichte,BD,zwischen- und nachkriegszeitliche Strukturen,point_in_polygon_ray_casting,2026-09-03,1,0,0,11.622,1,1,eindeutig_zugeordnet
18252,48.157862,16.470867,11,11,11,11112,1111,91111,11D,C,Bebauung mit überwiegend durchgrüntem Geschoßwohnbau,CXY,stark durchmischte Gebiete geringerer Dichte,point_in_polygon_ray_casting,2026-09-03,1,0,0,67.627,1,1,eindeutig_zugeordnet
18253,48.196089,16.408965,3,3,3,03066,0306,90306,3D,G,Gründerzeit mit überwiegend kleineren Wohnungen,AGGGH,gründerzeitliche Gebiete,point_in_polygon_ray_casting,2026-09-03,1,0,0,36.655,1,1,eindeutig_zugeordnet
18254,48.207365,16.287211,16,16,16,16080,1608,91608,16E,T,Reihenhäuser,RT,Einfamilienhausgebiete bzw. stark durchgrünte Strukturen,point_in_polygon_ray_casting,2026-09-03,1,0,0,90.548,1,1,eindeutig_zugeordnet
18255,48.151929,16.384311,10,10,10,10200,1020,91020,10I,JA,Gebiete dominiert durch Bauten von 1961 bis 1991,JAN,"Mischgebiete der jüngeren Vergangenheit, Neubau- und Stadterweiterungsgebiete",point_in_polygon_ray_casting,2026-09-03,1,0,0,54.527,1,1,eindeutig_zugeordnet
18256,48.185434,16.331128,15,15,15,15044,1504,91504,15C,G,Gründerzeit mit überwiegend kleineren Wohnungen,AGGGH,gründerzeitliche Gebiete,point_in_polygon_ray_casting,2026-09-03,1,0,0,28.865,1,1,eindeutig_zugeordnet
18257,48.188770,16.332730,15,15,15,15039,1503,91503,15C,G,Gründerzeit mit überwiegend kleineren Wohnungen,AGGGH,gründerzeitliche Gebiete,point_in_polygon_ray_casting,2026-09-03,1,0,0,75.858,1,1,eindeutig_zugeordnet
18258,48.226092,16.339815,18,18,18,18023,1802,91802,18B,GG,Gründerzeit mit überwiegend größeren Wohnungen,AGGGH,gründerzeitliche Gebiete,point_in_polygon_ray_casting,2026-09-03,1,0,0,89.953,1,1,eindeutig_zugeordnet
18259,48.179840,16.344406,12,12,12,12029,1202,91202,12A,Z,überwiegend städtische Infrastruktur und sonstige Nutzungen,ZI,industriell-gewerblich oder durch sonstige Nutzungen dominierte Gebiete,point_in_polygon_ray_casting,2026-09-03,1,0,0,54.715,1,1,eindeutig_zugeordnet
18260,48.139098,16.316459,23,23,23,23043,2304,92304,23B,JN,Neubau ab 1991 und Stadterweiterung,JAN,"Mischgebiete der jüngeren Vergangenheit, Neubau- und Stadterweiterungsgebiete",point_in_polygon_ray_casting,2026-09-03,1,0,0,35.341,1,1,eindeutig_zugeordnet
18261,48.232903,16.364572,20,20,20,20052,2005,92005,20D,G,Gründerzeit mit überwiegend kleineren Wohnungen,AGGGH,gründerzeitliche Gebiete,point_in_polygon_ray_casting,2026-09-03,1,0,0,55.392,1,1,eindeutig_zugeordnet
18262,48.150794,16.305712,23,23,23,23190,2319,92319,23G,C,Bebauung mit überwiegend durchgrüntem Geschoßwohnbau,CXY,stark durchmischte Gebiete geringerer Dichte,point_in_polygon_ray_casting,2026-09-03,1,0,0,121.670,1,1,eindeutig_zugeordnet
18263,48.255095,16.411151,21,21,21,21232,2123,92123,21D,JA,Gebiete dominiert durch Bauten von 1961 bis 1991,JAN,"Mischgebiete der jüngeren Vergangenheit, Neubau- und Stadterweiterungsgebiete",point_in_polygon_ray_casting,2026-09-03,1,0,0,25.662,1,1,eindeutig_zugeordnet
18264,48.254389,16.343529,19,19,19,19051,1905,91905,19C,H,Cottages,AGGGH,gründerzeitliche Gebiete,point_in_polygon_ray_casting,2026-09-03,1,0,0,19.312,1,1,eindeutig_zugeordnet
18265,48.192670,16.408523,3,3,3,03071,0307,90307,3E,B,zwischen- und nachkriegszeitliche Gebiete mittlerer Dichte,BD,zwischen- und nachkriegszeitliche Strukturen,point_in_polygon_ray_casting,2026-09-03,1,0,0,38.091,1,1,eindeutig_zugeordnet
18266,48.261440,16.403879,21,21,21,21213,2121,92121,21G,B,zwischen- und nachkriegszeitliche Gebiete mittlerer Dichte,BD,zwischen- und nachkriegszeitliche Strukturen,point_in_polygon_ray_casting,2026-09-03,1,0,0,47.976,1,1,eindeutig_zugeordnet
18267,48.146135,16.295670,23,23,23,23071,2307,92307,23C,C,Bebauung mit überwiegend durchgrüntem Geschoßwohnbau,CXY,stark durchmischte Gebiete geringerer Dichte,point_in_polygon_ray_casting,2026-09-03,1,0,0,87.699,1,1,eindeutig_zugeordnet
18268,48.188264,16.327520,15,15,15,15056,1505,91505,15C,JA,Gebiete dominiert durch Bauten von 1961 bis 1991,JAN,"Mischgebiete der jüngeren Vergangenheit, Neubau- und Stadterweiterungsgebiete",point_in_polygon_ray_casting,2026-09-03,1,0,0,24.396,1,1,eindeutig_zugeordnet
18269,48.250155,16.362240,19,19,19,19024,1902,91902,19B,JA,Gebiete dominiert durch Bauten von 1961 bis 1991,JAN,"Mischgebiete der jüngeren Vergangenheit, Neubau- und Stadterweiterungsgebiete",point_in_polygon_ray_casting,2026-09-03,1,0,0,34.674,1,1,eindeutig_zugeordnet
18270,48.198888,16.381520,3,3,3,03035,0303,90303,3B,D,zwischen- und nachkriegszeitliche Gebiete hoher Dichte,BD,zwischen- und nachkriegszeitliche Strukturen,point_in_polygon_ray_casting,2026-09-03,1,0,0,10.318,1,1,eindeutig_zugeordnet
18271,48.188977,16.329388,15,15,15,15057,1505,91505,15C,G,Gründerzeit mit überwiegend kleineren Wohnungen,AGGGH,gründerzeitliche Gebiete,point_in_polygon_ray_casting,2026-09-03,1,0,0,22.622,1,1,eindeutig_zugeordnet
18272,48.185592,16.347577,5,5,5,05031,0503,90503,5C,G,Gründerzeit mit überwiegend kleineren Wohnungen,AGGGH,gründerzeitliche Gebiete,point_in_polygon_ray_casting,2026-09-03,1,0,0,36.238,1,1,eindeutig_zugeordnet
18273,48.184968,16.327810,15,15,15,15041,1504,91504,15C,JN,Neubau ab 1991 und Stadterweiterung,JAN,"Mischgebiete der jüngeren Vergangenheit, Neubau- und Stadterweiterungsgebiete",point_in_polygon_ray_casting,2026-09-03,1,0,0,41.167,1,1,eindeutig_zugeordnet
18274,48.217545,16.481208,22,22,22,22230,2223,92223,22I,X,heterogene Bebauung mit Überhang an Einfamilien- und Reihenhäusern,CXY,stark durchmischte Gebiete geringerer Dichte,point_in_polygon_ray_casting,2026-09-03,1,0,0,108.861,1,1,eindeutig_zugeordnet
18275,48.218530,16.408636,2,2,2,02078,0207,90207,2E,G,Gründerzeit mit überwiegend kleineren Wohnungen,AGGGH,gründerzeitliche Gebiete,point_in_polygon_ray_casting,2026-09-03,1,0,0,32.945,1,1,eindeutig_zugeordnet
18276,48.221139,16.401355,2,2,2,02074,0207,90207,2E,D,zwischen- und nachkriegszeitliche Gebiete hoher Dichte,BD,zwischen- und nachkriegszeitliche Strukturen,point_in_polygon_ray_casting,2026-09-03,1,0,0,22.623,1,1,eindeutig_zugeordnet
18277,48.175318,16.373895,10,10,10,10046,1004,91004,10D,G,Gründerzeit mit überwiegend kleineren Wohnungen,AGGGH,gründerzeitliche Gebiete,point_in_polygon_ray_casting,2026-09-03,1,0,0,11.053,1,1,eindeutig_zugeordnet
18278,48.264717,16.393015,21,21,21,21184,2118,92118,21F,G,Gründerzeit mit überwiegend kleineren Wohnungen,AGGGH,gründerzeitliche Gebiete,point_in_polygon_ray_casting,2026-09-03,1,0,0,50.645,1,1,eindeutig_zugeordnet
18279,48.243816,16.349644,19,19,19,19041,1904,91904,19B,C,Bebauung mit überwiegend durchgrüntem Geschoßwohnbau,CXY,stark durchmischte Gebiete geringerer Dichte,point_in_polygon_ray_casting,2026-09-03,1,0,0,26.430,1,1,eindeutig_zugeordnet
18282,48.209954,16.331456,16,16,16,16018,1601,91601,16A,G,Gründerzeit mit überwiegend kleineren Wohnungen,AGGGH,gründerzeitliche Gebiete,point_in_polygon_ray_casting,2026-09-03,1,0,0,42.284,1,1,eindeutig_zugeordnet
18283,48.203934,16.328582,15,15,15,15012,1501,91501,15A,D,zwischen- und nachkriegszeitliche Gebiete hoher Dichte,BD,zwischen- und nachkriegszeitliche Strukturen,point_in_polygon_ray_casting,2026-09-03,1,0,0,31.440,1,1,eindeutig_zugeordnet
18284,48.187832,16.322625,15,15,15,15053,1505,91505,15C,GG,Gründerzeit mit überwiegend größeren Wohnungen,AGGGH,gründerzeitliche Gebiete,point_in_polygon_ray_casting,2026-09-03,1,0,0,67.779,1,1,eindeutig_zugeordnet
18285,48.277191,16.411427,21,21,21,21092,2109,92109,21B,C,Bebauung mit überwiegend durchgrüntem Geschoßwohnbau,CXY,stark durchmischte Gebiete geringerer Dichte,point_in_polygon_ray_casting,2026-09-03,1,0,0,33.239,1,1,eindeutig_zugeordnet
18280,48.204338,16.274694,14,14,14,14080,1408,91408,14D,R,Einfamilienhäuser und Kleingärten,RT,Einfamilienhausgebiete bzw. stark durchgrünte Strukturen,point_in_polygon_ray_casting,2026-09-03,1,0,0,135.928,1,1,eindeutig_zugeordnet
18281,48.225259,16.387262,2,2,2,02021,0202,90202,2B,G,Gründerzeit mit überwiegend kleineren Wohnungen,AGGGH,gründerzeitliche Gebiete,point_in_polygon_ray_casting,2026-09-03,1,0,0,8.328,1,1,eindeutig_zugeordnet
18286,48.187108,16.375061,4,4,4,04027,0402,90402,4B,D,zwischen- und nachkriegszeitliche Gebiete hoher Dichte,BD,zwischen- und nachkriegszeitliche Strukturen,point_in_polygon_ray_casting,2026-09-03,1,0,0,72.880,1,1,eindeutig_zugeordnet
18287,48.295852,16.389425,21,21,21,21132,2113,92113,21A,X,heterogene Bebauung mit Überhang an Einfamilien- und Reihenhäusern,CXY,stark durchmischte Gebiete geringerer Dichte,point_in_polygon_ray_casting,2026-09-03,1,0,0,247.301,1,1,eindeutig_zugeordnet
18288,48.186128,16.371544,4,4,4,04045,0404,90404,4B,D,zwischen- und nachkriegszeitliche Gebiete hoher Dichte,BD,zwischen- und nachkriegszeitliche Strukturen,point_in_polygon_ray_casting,2026-09-03,1,0,0,5.401,1,1,eindeutig_zugeordnet
18289,48.133569,16.283108,23,23,23,23113,2311,92311,23E,C,Bebauung mit überwiegend durchgrüntem Geschoßwohnbau,CXY,stark durchmischte Gebiete geringerer Dichte,point_in_polygon_ray_casting,2026-09-03,1,0,0,45.206,1,1,eindeutig_zugeordnet
18290,48.213529,16.372554,1,1,1,01058,0105,90105,1A,A,"Zentrum, Altstadt und Gründerzeit",AGGGH,gründerzeitliche Gebiete,point_in_polygon_ray_casting,2026-09-03,1,0,0,33.698,1,1,eindeutig_zugeordnet
18291,48.209700,16.319682,16,16,16,16104,1610,91610,16B,G,Gründerzeit mit überwiegend kleineren Wohnungen,AGGGH,gründerzeitliche Gebiete,point_in_polygon_ray_casting,2026-09-03,1,0,0,12.266,1,1,eindeutig_zugeordnet
18292,48.190302,16.334933,15,15,15,15038,1503,91503,15C,G,Gründerzeit mit überwiegend kleineren Wohnungen,AGGGH,gründerzeitliche Gebiete,point_in_polygon_ray_casting,2026-09-03,1,0,0,43.107,1,1,eindeutig_zugeordnet
18293,48.202083,16.394537,3,3,3,03028,0302,90302,3A,GG,Gründerzeit mit überwiegend größeren Wohnungen,AGGGH,gründerzeitliche Gebiete,point_in_polygon_ray_casting,2026-09-03,1,0,0,32.851,1,1,eindeutig_zugeordnet
18294,48.195714,16.396807,3,3,3,03061,0306,90306,3D,G,Gründerzeit mit überwiegend kleineren Wohnungen,AGGGH,gründerzeitliche Gebiete,point_in_polygon_ray_casting,2026-09-03,1,0,0,9.380,1,1,eindeutig_zugeordnet
18295,48.183345,16.324402,12,12,12,12060,1206,91206,12C,G,Gründerzeit mit überwiegend kleineren Wohnungen,AGGGH,gründerzeitliche Gebiete,point_in_polygon_ray_casting,2026-09-03,1,0,0,57.160,1,1,eindeutig_zugeordnet
18296,48.198057,16.284872,14,14,14,14060,1406,91406,14B,JA,Gebiete dominiert durch Bauten von 1961 bis 1991,JAN,"Mischgebiete der jüngeren Vergangenheit, Neubau- und Stadterweiterungsgebiete",point_in_polygon_ray_casting,2026-09-03,1,0,0,30.230,1,1,eindeutig_zugeordnet
18297,48.137885,16.260188,23,23,23,23120,2312,92312,23E,X,heterogene Bebauung mit Überhang an Einfamilien- und Reihenhäusern,CXY,stark durchmischte Gebiete geringerer Dichte,point_in_polygon_ray_casting,2026-09-03,1,0,0,44.517,1,1,eindeutig_zugeordnet
18298,48.185246,16.362874,5,5,5,05028,0502,90502,5B,D,zwischen- und nachkriegszeitliche Gebiete hoher Dichte,BD,zwischen- und nachkriegszeitliche Strukturen,point_in_polygon_ray_casting,2026-09-03,1,0,0,8.304,1,1,eindeutig_zugeordnet
18299,48.217200,16.384859,2,2,2,02043,0204,90204,2C,GG,Gründerzeit mit überwiegend größeren Wohnungen,AGGGH,gründerzeitliche Gebiete,point_in_polygon_ray_casting,2026-09-03,1,0,0,27.307,1,1,eindeutig_zugeordnet
18300,48.171075,16.414970,11,11,11,11037,1103,91103,11B,JA,Gebiete dominiert durch Bauten von 1961 bis 1991,JAN,"Mischgebiete der jüngeren Vergangenheit, Neubau- und Stadterweiterungsgebiete",point_in_polygon_ray_casting,2026-09-03,1,0,0,28.096,1,1,eindeutig_zugeordnet
18301,48.214718,16.345454,8,8,8,08031,0803,90803,8A,GG,Gründerzeit mit überwiegend größeren Wohnungen,AGGGH,gründerzeitliche Gebiete,point_in_polygon_ray_casting,2026-09-03,1,0,0,5.572,1,1,eindeutig_zugeordnet
18302,48.191593,16.402181,3,3,3,03063,0306,90306,3D,G,Gründerzeit mit überwiegend kleineren Wohnungen,AGGGH,gründerzeitliche Gebiete,point_in_polygon_ray_casting,2026-09-03,1,0,0,27.174,1,1,eindeutig_zugeordnet
18303,48.211706,16.316214,16,16,16,16031,1603,91603,16B,G,Gründerzeit mit überwiegend kleineren Wohnungen,AGGGH,gründerzeitliche Gebiete,point_in_polygon_ray_casting,2026-09-03,1,0,0,38.868,1,1,eindeutig_zugeordnet
18304,48.154310,16.396909,10,10,10,10161,1016,91016,10J,X,heterogene Bebauung mit Überhang an Einfamilien- und Reihenhäusern,CXY,stark durchmischte Gebiete geringerer Dichte,point_in_polygon_ray_casting,2026-09-03,1,0,0,25.576,1,1,eindeutig_zugeordnet
18305,48.169984,16.325821,12,12,12,12081,1208,91208,12D,I,überwiegend industriell-gewerbliche Nutzung,ZI,industriell-gewerblich oder durch sonstige Nutzungen dominierte Gebiete,point_in_polygon_ray_casting,2026-09-03,1,0,0,57.891,1,1,eindeutig_zugeordnet
18382,48.239636,16.484491,22,22,22,22063,2206,92206,22A,JA,Gebiete dominiert durch Bauten von 1961 bis 1991,JAN,"Mischgebiete der jüngeren Vergangenheit, Neubau- und Stadterweiterungsgebiete",point_in_polygon_ray_casting,2026-09-03,1,0,0,71.554,1,1,eindeutig_zugeordnet
18383,48.159869,16.320588,12,12,12,12106,1210,91210,12D,X,heterogene Bebauung mit Überhang an Einfamilien- und Reihenhäusern,CXY,stark durchmischte Gebiete geringerer Dichte,point_in_polygon_ray_casting,2026-09-03,1,0,0,98.593,1,1,eindeutig_zugeordnet
18384,48.181387,16.355840,5,5,5,05023,0502,90502,5B,D,zwischen- und nachkriegszeitliche Gebiete hoher Dichte,BD,zwischen- und nachkriegszeitliche Strukturen,point_in_polygon_ray_casting,2026-09-03,1,0,0,107.492,1,1,eindeutig_zugeordnet
18385,48.222420,16.400346,2,2,2,02072,0207,90207,2E,D,zwischen- und nachkriegszeitliche Gebiete hoher Dichte,BD,zwischen- und nachkriegszeitliche Strukturen,point_in_polygon_ray_casting,2026-09-03,1,0,0,52.940,1,1,eindeutig_zugeordnet
18386,48.223900,16.320895,17,17,17,17033,1703,91703,17B,G,Gründerzeit mit überwiegend kleineren Wohnungen,AGGGH,gründerzeitliche Gebiete,point_in_polygon_ray_casting,2026-09-03,1,0,0,62.837,1,1,eindeutig_zugeordnet
18387,48.187424,16.324715,15,15,15,15056,1505,91505,15C,JA,Gebiete dominiert durch Bauten von 1961 bis 1991,JAN,"Mischgebiete der jüngeren Vergangenheit, Neubau- und Stadterweiterungsgebiete",point_in_polygon_ray_casting,2026-09-03,1,0,0,18.673,1,1,eindeutig_zugeordnet
18388,48.237692,16.383329,20,20,20,20021,2002,92002,20C,G,Gründerzeit mit überwiegend kleineren Wohnungen,AGGGH,gründerzeitliche Gebiete,point_in_polygon_ray_casting,2026-09-03,1,0,0,24.060,1,1,eindeutig_zugeordnet
18389,48.187071,16.323797,15,15,15,15053,1505,91505,15C,GG,Gründerzeit mit überwiegend größeren Wohnungen,AGGGH,gründerzeitliche Gebiete,point_in_polygon_ray_casting,2026-09-03,1,0,0,53.216,1,1,eindeutig_zugeordnet
18390,48.132909,16.283223,23,23,23,23113,2311,92311,23E,C,Bebauung mit überwiegend durchgrüntem Geschoßwohnbau,CXY,stark durchmischte Gebiete geringerer Dichte,point_in_polygon_ray_casting,2026-09-03,1,0,0,45.134,1,1,eindeutig_zugeordnet
18391,48.197484,16.314335,15,15,15,15063,1506,91506,15B,G,Gründerzeit mit überwiegend kleineren Wohnungen,AGGGH,gründerzeitliche Gebiete,point_in_polygon_ray_casting,2026-09-03,1,0,0,18.112,1,1,eindeutig_zugeordnet
18392,48.136614,16.248909,23,23,23,23161,2316,92316,23F,R,Einfamilienhäuser und Kleingärten,RT,Einfamilienhausgebiete bzw. stark durchgrünte Strukturen,point_in_polygon_ray_casting,2026-09-03,1,0,0,75.471,1,1,eindeutig_zugeordnet
18393,48.173931,16.370970,10,10,10,10050,1005,91005,10G,G,Gründerzeit mit überwiegend kleineren Wohnungen,AGGGH,gründerzeitliche Gebiete,point_in_polygon_ray_casting,2026-09-03,1,0,0,38.898,1,1,eindeutig_zugeordnet
18394,48.194356,16.316437,15,15,15,15067,1506,91506,15B,G,Gründerzeit mit überwiegend kleineren Wohnungen,AGGGH,gründerzeitliche Gebiete,point_in_polygon_ray_casting,2026-09-03,1,0,0,15.951,1,1,eindeutig_zugeordnet
18395,48.186135,16.332288,15,15,15,15045,1504,91504,15C,G,Gründerzeit mit überwiegend kleineren Wohnungen,AGGGH,gründerzeitliche Gebiete,point_in_polygon_ray_casting,2026-09-03,1,0,0,52.634,1,1,eindeutig_zugeordnet
18396,48.201116,16.336428,15,15,15,15029,1502,91502,15B,G,Gründerzeit mit überwiegend kleineren Wohnungen,AGGGH,gründerzeitliche Gebiete,point_in_polygon_ray_casting,2026-09-03,1,0,0,9.725,1,1,eindeutig_zugeordnet
18397,48.178018,16.413013,11,11,11,11021,1102,91102,11A,G,Gründerzeit mit überwiegend kleineren Wohnungen,AGGGH,gründerzeitliche Gebiete,point_in_polygon_ray_casting,2026-09-03,1,0,0,19.490,1,1,eindeutig_zugeordnet
18399,48.198790,16.403946,3,3,3,03102,0310,90310,3D,D,zwischen- und nachkriegszeitliche Gebiete hoher Dichte,BD,zwischen- und nachkriegszeitliche Strukturen,point_in_polygon_ray_casting,2026-09-03,1,0,0,40.876,1,1,eindeutig_zugeordnet
18400,48.220671,16.325632,17,17,17,17036,1703,91703,17B,G,Gründerzeit mit überwiegend kleineren Wohnungen,AGGGH,gründerzeitliche Gebiete,point_in_polygon_ray_casting,2026-09-03,1,0,0,66.472,1,1,eindeutig_zugeordnet
18401,48.136573,16.288593,23,23,23,23065,2306,92306,23C,I,überwiegend industriell-gewerbliche Nutzung,ZI,industriell-gewerblich oder durch sonstige Nutzungen dominierte Gebiete,point_in_polygon_ray_casting,2026-09-03,1,0,0,11.531,1,1,eindeutig_zugeordnet
18398,48.265407,16.386973,21,21,21,21183,2118,92118,21F,G,Gründerzeit mit überwiegend kleineren Wohnungen,AGGGH,gründerzeitliche Gebiete,point_in_polygon_ray_casting,2026-09-03,1,0,0,41.145,1,1,eindeutig_zugeordnet
18402,48.199238,16.404200,3,3,3,03103,0310,90310,3D,JN,Neubau ab 1991 und Stadterweiterung,JAN,"Mischgebiete der jüngeren Vergangenheit, Neubau- und Stadterweiterungsgebiete",point_in_polygon_ray_casting,2026-09-03,1,0,0,9.198,1,1,eindeutig_zugeordnet
18403,48.198396,16.381901,3,3,3,03035,0303,90303,3B,D,zwischen- und nachkriegszeitliche Gebiete hoher Dichte,BD,zwischen- und nachkriegszeitliche Strukturen,point_in_polygon_ray_casting,2026-09-03,1,0,0,27.243,1,1,eindeutig_zugeordnet
18404,48.191726,16.334647,15,15,15,15036,1503,91503,15C,GG,Gründerzeit mit überwiegend größeren Wohnungen,AGGGH,gründerzeitliche Gebiete,point_in_polygon_ray_casting,2026-09-03,1,0,0,35.420,1,1,eindeutig_zugeordnet
18405,48.149805,16.265748,23,23,23,23140,2314,92314,23F,R,Einfamilienhäuser und Kleingärten,RT,Einfamilienhausgebiete bzw. stark durchgrünte Strukturen,point_in_polygon_ray_casting,2026-09-03,1,0,0,91.864,1,1,eindeutig_zugeordnet
18406,48.135572,16.274443,23,23,23,23112,2311,92311,23E,C,Bebauung mit überwiegend durchgrüntem Geschoßwohnbau,CXY,stark durchmischte Gebiete geringerer Dichte,point_in_polygon_ray_casting,2026-09-03,1,0,0,141.654,1,1,eindeutig_zugeordnet
18337,48.224607,16.371878,2,2,2,02032,0203,90203,2C,JN,Neubau ab 1991 und Stadterweiterung,JAN,"Mischgebiete der jüngeren Vergangenheit, Neubau- und Stadterweiterungsgebiete",point_in_polygon_ray_casting,2026-09-03,1,0,0,12.347,1,1,eindeutig_zugeordnet
18338,48.197155,16.356206,6,6,6,06019,0601,90601,6A,GG,Gründerzeit mit überwiegend größeren Wohnungen,AGGGH,gründerzeitliche Gebiete,point_in_polygon_ray_casting,2026-09-03,1,0,0,70.870,1,1,eindeutig_zugeordnet
18336,48.195656,16.297069,14,14,14,14043,1404,91404,14C,JA,Gebiete dominiert durch Bauten von 1961 bis 1991,JAN,"Mischgebiete der jüngeren Vergangenheit, Neubau- und Stadterweiterungsgebiete",point_in_polygon_ray_casting,2026-09-03,1,0,0,29.132,1,1,eindeutig_zugeordnet
18339,48.224816,16.457846,22,22,22,22191,2219,92219,22I,JA,Gebiete dominiert durch Bauten von 1961 bis 1991,JAN,"Mischgebiete der jüngeren Vergangenheit, Neubau- und Stadterweiterungsgebiete",point_in_polygon_ray_casting,2026-09-03,1,0,0,45.680,1,1,eindeutig_zugeordnet
18340,48.214373,16.382258,2,2,2,02049,0204,90204,2C,GG,Gründerzeit mit überwiegend größeren Wohnungen,AGGGH,gründerzeitliche Gebiete,point_in_polygon_ray_casting,2026-09-03,1,0,0,35.061,1,1,eindeutig_zugeordnet
18341,48.182775,16.348003,5,5,5,05020,0502,90502,5B,D,zwischen- und nachkriegszeitliche Gebiete hoher Dichte,BD,zwischen- und nachkriegszeitliche Strukturen,point_in_polygon_ray_casting,2026-09-03,1,0,0,74.198,1,1,eindeutig_zugeordnet
18342,48.180405,16.342124,12,12,12,12025,1202,91202,12A,G,Gründerzeit mit überwiegend kleineren Wohnungen,AGGGH,gründerzeitliche Gebiete,point_in_polygon_ray_casting,2026-09-03,1,0,0,13.116,1,1,eindeutig_zugeordnet
18343,48.252949,16.413307,21,21,21,21233,2123,92123,21D,JA,Gebiete dominiert durch Bauten von 1961 bis 1991,JAN,"Mischgebiete der jüngeren Vergangenheit, Neubau- und Stadterweiterungsgebiete",point_in_polygon_ray_casting,2026-09-03,1,0,0,44.592,1,1,eindeutig_zugeordnet
18344,48.255944,16.459045,22,22,22,22085,2208,92208,22D,Y,heterogene Bebauung mit Überhang an Geschoßwohnungen,CXY,stark durchmischte Gebiete geringerer Dichte,point_in_polygon_ray_casting,2026-09-03,1,0,0,99.354,1,1,eindeutig_zugeordnet
18345,48.242245,16.328608,19,19,19,19083,1908,91908,19C,JA,Gebiete dominiert durch Bauten von 1961 bis 1991,JAN,"Mischgebiete der jüngeren Vergangenheit, Neubau- und Stadterweiterungsgebiete",point_in_polygon_ray_casting,2026-09-03,1,0,0,29.119,1,1,eindeutig_zugeordnet
18346,48.294124,16.414123,21,21,21,21020,2102,92102,21A,Y,heterogene Bebauung mit Überhang an Geschoßwohnungen,CXY,stark durchmischte Gebiete geringerer Dichte,point_in_polygon_ray_casting,2026-09-03,1,0,0,106.299,1,1,eindeutig_zugeordnet
18347,48.209594,16.317448,16,16,16,16033,1603,91603,16B,D,zwischen- und nachkriegszeitliche Gebiete hoher Dichte,BD,zwischen- und nachkriegszeitliche Strukturen,point_in_polygon_ray_casting,2026-09-03,1,0,0,54.171,1,1,eindeutig_zugeordnet
18348,48.180245,16.415459,11,11,11,11023,1102,91102,11A,JN,Neubau ab 1991 und Stadterweiterung,JAN,"Mischgebiete der jüngeren Vergangenheit, Neubau- und Stadterweiterungsgebiete",point_in_polygon_ray_casting,2026-09-03,1,0,0,53.238,1,1,eindeutig_zugeordnet
18349,48.203432,16.330585,15,15,15,15012,1501,91501,15A,D,zwischen- und nachkriegszeitliche Gebiete hoher Dichte,BD,zwischen- und nachkriegszeitliche Strukturen,point_in_polygon_ray_casting,2026-09-03,1,0,0,19.661,1,1,eindeutig_zugeordnet
18350,48.228464,16.359519,9,9,9,09015,0901,90901,9A,D,zwischen- und nachkriegszeitliche Gebiete hoher Dichte,BD,zwischen- und nachkriegszeitliche Strukturen,point_in_polygon_ray_casting,2026-09-03,1,0,0,6.338,1,1,eindeutig_zugeordnet
18351,48.196397,16.405026,3,3,3,03066,0306,90306,3D,G,Gründerzeit mit überwiegend kleineren Wohnungen,AGGGH,gründerzeitliche Gebiete,point_in_polygon_ray_casting,2026-09-03,1,0,0,28.654,1,1,eindeutig_zugeordnet
18352,48.237687,16.376874,20,20,20,20071,2007,92007,20B,JN,Neubau ab 1991 und Stadterweiterung,JAN,"Mischgebiete der jüngeren Vergangenheit, Neubau- und Stadterweiterungsgebiete",point_in_polygon_ray_casting,2026-09-03,1,0,0,115.993,1,1,eindeutig_zugeordnet
18353,48.167445,16.364509,10,10,10,10107,1010,91010,10F,D,zwischen- und nachkriegszeitliche Gebiete hoher Dichte,BD,zwischen- und nachkriegszeitliche Strukturen,point_in_polygon_ray_casting,2026-09-03,1,0,0,28.494,1,1,eindeutig_zugeordnet
18354,48.144479,16.297590,23,23,23,23075,2307,92307,23C,C,Bebauung mit überwiegend durchgrüntem Geschoßwohnbau,CXY,stark durchmischte Gebiete geringerer Dichte,point_in_polygon_ray_casting,2026-09-03,1,0,0,12.178,1,1,eindeutig_zugeordnet
18355,48.222269,16.333706,17,17,17,17012,1701,91701,17A,G,Gründerzeit mit überwiegend kleineren Wohnungen,AGGGH,gründerzeitliche Gebiete,point_in_polygon_ray_casting,2026-09-03,1,0,0,32.190,1,1,eindeutig_zugeordnet
18356,48.204624,16.327625,15,15,15,15011,1501,91501,15A,D,zwischen- und nachkriegszeitliche Gebiete hoher Dichte,BD,zwischen- und nachkriegszeitliche Strukturen,point_in_polygon_ray_casting,2026-09-03,1,0,0,22.742,1,1,eindeutig_zugeordnet
18357,48.276743,16.410642,21,21,21,21100,2110,92110,21B,B,zwischen- und nachkriegszeitliche Gebiete mittlerer Dichte,BD,zwischen- und nachkriegszeitliche Strukturen,point_in_polygon_ray_casting,2026-09-03,1,0,0,33.728,1,1,eindeutig_zugeordnet
18358,48.245437,16.440061,22,22,22,22133,2213,92213,22G,JN,Neubau ab 1991 und Stadterweiterung,JAN,"Mischgebiete der jüngeren Vergangenheit, Neubau- und Stadterweiterungsgebiete",point_in_polygon_ray_casting,2026-09-03,1,0,0,23.802,1,1,eindeutig_zugeordnet
18359,48.214096,16.387190,2,2,2,02054,0205,90205,2B,GG,Gründerzeit mit überwiegend größeren Wohnungen,AGGGH,gründerzeitliche Gebiete,point_in_polygon_ray_casting,2026-09-03,1,0,0,24.390,1,1,eindeutig_zugeordnet
18360,48.236853,16.328700,18,18,18,18053,1805,91805,18A,H,Cottages,AGGGH,gründerzeitliche Gebiete,point_in_polygon_ray_casting,2026-09-03,1,0,0,74.301,1,1,eindeutig_zugeordnet
18361,48.256820,16.366258,19,19,19,19020,1902,91902,19B,B,zwischen- und nachkriegszeitliche Gebiete mittlerer Dichte,BD,zwischen- und nachkriegszeitliche Strukturen,point_in_polygon_ray_casting,2026-09-03,1,0,0,26.261,1,1,eindeutig_zugeordnet
18362,48.125987,16.306009,23,23,23,23052,2305,92305,23C,R,Einfamilienhäuser und Kleingärten,RT,Einfamilienhausgebiete bzw. stark durchgrünte Strukturen,point_in_polygon_ray_casting,2026-09-03,1,0,0,10.974,1,1,eindeutig_zugeordnet
18363,48.204834,16.334501,16,16,16,16026,1602,91602,16A,G,Gründerzeit mit überwiegend kleineren Wohnungen,AGGGH,gründerzeitliche Gebiete,point_in_polygon_ray_casting,2026-09-03,1,0,0,45.574,1,1,eindeutig_zugeordnet
18364,48.194573,16.398402,3,3,3,03062,0306,90306,3D,GG,Gründerzeit mit überwiegend größeren Wohnungen,AGGGH,gründerzeitliche Gebiete,point_in_polygon_ray_casting,2026-09-03,1,0,0,63.938,1,1,eindeutig_zugeordnet
18365,48.286986,16.387135,21,21,21,21142,2114,92114,21E,C,Bebauung mit überwiegend durchgrüntem Geschoßwohnbau,CXY,stark durchmischte Gebiete geringerer Dichte,point_in_polygon_ray_casting,2026-09-03,1,0,0,163.115,1,1,eindeutig_zugeordnet
18366,48.226129,16.340823,18,18,18,18023,1802,91802,18B,GG,Gründerzeit mit überwiegend größeren Wohnungen,AGGGH,gründerzeitliche Gebiete,point_in_polygon_ray_casting,2026-09-03,1,0,0,107.475,1,1,eindeutig_zugeordnet
18367,48.200115,16.389860,3,3,3,03093,0309,90309,3B,JA,Gebiete dominiert durch Bauten von 1961 bis 1991,JAN,"Mischgebiete der jüngeren Vergangenheit, Neubau- und Stadterweiterungsgebiete",point_in_polygon_ray_casting,2026-09-03,1,0,0,1.589,1,1,eindeutig_zugeordnet
18368,48.242372,16.381718,20,20,20,20073,2007,92007,20B,D,zwischen- und nachkriegszeitliche Gebiete hoher Dichte,BD,zwischen- und nachkriegszeitliche Strukturen,point_in_polygon_ray_casting,2026-09-03,1,0,0,69.740,1,1,eindeutig_zugeordnet
18369,48.146804,16.298516,23,23,23,23072,2307,92307,23C,X,heterogene Bebauung mit Überhang an Einfamilien- und Reihenhäusern,CXY,stark durchmischte Gebiete geringerer Dichte,point_in_polygon_ray_casting,2026-09-03,1,0,0,69.118,1,1,eindeutig_zugeordnet
18370,48.230836,16.376370,20,20,20,20035,2003,92003,20D,G,Gründerzeit mit überwiegend kleineren Wohnungen,AGGGH,gründerzeitliche Gebiete,point_in_polygon_ray_casting,2026-09-03,1,0,0,36.305,1,1,eindeutig_zugeordnet
18371,48.170672,16.413895,11,11,11,11038,1103,91103,11B,JA,Gebiete dominiert durch Bauten von 1961 bis 1991,JAN,"Mischgebiete der jüngeren Vergangenheit, Neubau- und Stadterweiterungsgebiete",point_in_polygon_ray_casting,2026-09-03,1,0,0,63.383,1,1,eindeutig_zugeordnet
18373,48.189188,16.293283,13,13,13,13033,1303,91303,13A,C,Bebauung mit überwiegend durchgrüntem Geschoßwohnbau,CXY,stark durchmischte Gebiete geringerer Dichte,point_in_polygon_ray_casting,2026-09-03,1,0,0,63.703,1,1,eindeutig_zugeordnet
18374,48.169435,16.284946,13,13,13,13080,1308,91308,13C,C,Bebauung mit überwiegend durchgrüntem Geschoßwohnbau,CXY,stark durchmischte Gebiete geringerer Dichte,point_in_polygon_ray_casting,2026-09-03,1,0,0,40.359,1,1,eindeutig_zugeordnet
18375,48.182826,16.363246,5,5,5,05027,0502,90502,5B,D,zwischen- und nachkriegszeitliche Gebiete hoher Dichte,BD,zwischen- und nachkriegszeitliche Strukturen,point_in_polygon_ray_casting,2026-09-03,1,0,0,36.481,1,1,eindeutig_zugeordnet
18376,48.214466,16.309689,16,16,16,16066,1606,91606,16D,JA,Gebiete dominiert durch Bauten von 1961 bis 1991,JAN,"Mischgebiete der jüngeren Vergangenheit, Neubau- und Stadterweiterungsgebiete",point_in_polygon_ray_casting,2026-09-03,1,0,0,33.831,1,1,eindeutig_zugeordnet
18372,48.261590,16.419959,21,21,21,21071,2107,92107,21C,Y,heterogene Bebauung mit Überhang an Geschoßwohnungen,CXY,stark durchmischte Gebiete geringerer Dichte,point_in_polygon_ray_casting,2026-09-03,1,0,0,42.179,1,1,eindeutig_zugeordnet
18377,48.210970,16.327998,16,16,16,16014,1601,91601,16A,JA,Gebiete dominiert durch Bauten von 1961 bis 1991,JAN,"Mischgebiete der jüngeren Vergangenheit, Neubau- und Stadterweiterungsgebiete",point_in_polygon_ray_casting,2026-09-03,1,0,0,23.000,1,1,eindeutig_zugeordnet
18378,48.160284,16.450797,11,11,11,11100,1110,91110,11E,JN,Neubau ab 1991 und Stadterweiterung,JAN,"Mischgebiete der jüngeren Vergangenheit, Neubau- und Stadterweiterungsgebiete",point_in_polygon_ray_casting,2026-09-03,1,0,0,35.868,1,1,eindeutig_zugeordnet
18379,48.197051,16.315546,15,15,15,15063,1506,91506,15B,G,Gründerzeit mit überwiegend kleineren Wohnungen,AGGGH,gründerzeitliche Gebiete,point_in_polygon_ray_casting,2026-09-03,1,0,0,81.055,1,1,eindeutig_zugeordnet
18380,48.144271,16.346129,23,23,23,23181,2318,92318,23A,I,überwiegend industriell-gewerbliche Nutzung,ZI,industriell-gewerblich oder durch sonstige Nutzungen dominierte Gebiete,point_in_polygon_ray_casting,2026-09-03,1,0,0,66.800,1,1,eindeutig_zugeordnet
18381,48.284843,16.414728,21,21,21,21030,2103,92103,21A,X,heterogene Bebauung mit Überhang an Einfamilien- und Reihenhäusern,CXY,stark durchmischte Gebiete geringerer Dichte,point_in_polygon_ray_casting,2026-09-03,1,0,0,109.332,1,1,eindeutig_zugeordnet
18458,48.222963,16.405892,2,2,2,02092,0209,90209,2E,D,zwischen- und nachkriegszeitliche Gebiete hoher Dichte,BD,zwischen- und nachkriegszeitliche Strukturen,point_in_polygon_ray_casting,2026-09-03,1,0,0,66.742,1,1,eindeutig_zugeordnet
18459,48.190593,16.373224,4,4,4,04021,0402,90402,4B,GG,Gründerzeit mit überwiegend größeren Wohnungen,AGGGH,gründerzeitliche Gebiete,point_in_polygon_ray_casting,2026-09-03,1,0,0,34.197,1,1,eindeutig_zugeordnet
18460,48.209888,16.308050,16,16,16,16073,1607,91607,16D,D,zwischen- und nachkriegszeitliche Gebiete hoher Dichte,BD,zwischen- und nachkriegszeitliche Strukturen,point_in_polygon_ray_casting,2026-09-03,1,0,0,11.872,1,1,eindeutig_zugeordnet
18461,48.169058,16.303818,12,12,12,12114,1211,91211,12E,C,Bebauung mit überwiegend durchgrüntem Geschoßwohnbau,CXY,stark durchmischte Gebiete geringerer Dichte,point_in_polygon_ray_casting,2026-09-03,1,0,0,35.425,1,1,eindeutig_zugeordnet
18462,48.284644,16.450074,21,21,21,21040,2104,92104,21B,R,Einfamilienhäuser und Kleingärten,RT,Einfamilienhausgebiete bzw. stark durchgrünte Strukturen,point_in_polygon_ray_casting,2026-09-03,1,0,0,154.637,1,1,eindeutig_zugeordnet
18463,48.210472,16.316162,16,16,16,16031,1603,91603,16B,G,Gründerzeit mit überwiegend kleineren Wohnungen,AGGGH,gründerzeitliche Gebiete,point_in_polygon_ray_casting,2026-09-03,1,0,0,50.282,1,1,eindeutig_zugeordnet
18464,48.183965,16.407495,11,11,11,11020,1102,91102,11A,B,zwischen- und nachkriegszeitliche Gebiete mittlerer Dichte,BD,zwischen- und nachkriegszeitliche Strukturen,point_in_polygon_ray_casting,2026-09-03,1,0,0,64.528,1,1,eindeutig_zugeordnet
18466,48.203869,16.391047,3,3,3,03026,0302,90302,3A,JA,Gebiete dominiert durch Bauten von 1961 bis 1991,JAN,"Mischgebiete der jüngeren Vergangenheit, Neubau- und Stadterweiterungsgebiete",point_in_polygon_ray_casting,2026-09-03,1,0,0,10.898,1,1,eindeutig_zugeordnet
18467,48.176569,16.320817,12,12,12,12071,1207,91207,12C,B,zwischen- und nachkriegszeitliche Gebiete mittlerer Dichte,BD,zwischen- und nachkriegszeitliche Strukturen,point_in_polygon_ray_casting,2026-09-03,1,0,0,17.809,1,1,eindeutig_zugeordnet
18468,48.166298,16.361091,10,10,10,10105,1010,91010,10F,JA,Gebiete dominiert durch Bauten von 1961 bis 1991,JAN,"Mischgebiete der jüngeren Vergangenheit, Neubau- und Stadterweiterungsgebiete",point_in_polygon_ray_casting,2026-09-03,1,0,0,48.177,1,1,eindeutig_zugeordnet
18469,48.180154,16.344098,12,12,12,12029,1202,91202,12A,Z,überwiegend städtische Infrastruktur und sonstige Nutzungen,ZI,industriell-gewerblich oder durch sonstige Nutzungen dominierte Gebiete,point_in_polygon_ray_casting,2026-09-03,1,0,0,18.193,1,1,eindeutig_zugeordnet
18465,48.185522,16.332159,15,15,15,15045,1504,91504,15C,G,Gründerzeit mit überwiegend kleineren Wohnungen,AGGGH,gründerzeitliche Gebiete,point_in_polygon_ray_casting,2026-09-03,1,0,0,31.916,1,1,eindeutig_zugeordnet
18470,48.190716,16.350837,6,6,6,06023,0602,90602,6A,D,zwischen- und nachkriegszeitliche Gebiete hoher Dichte,BD,zwischen- und nachkriegszeitliche Strukturen,point_in_polygon_ray_casting,2026-09-03,1,0,0,29.587,1,1,eindeutig_zugeordnet
18471,48.197269,16.310498,14,14,14,14021,1402,91402,14A,D,zwischen- und nachkriegszeitliche Gebiete hoher Dichte,BD,zwischen- und nachkriegszeitliche Strukturen,point_in_polygon_ray_casting,2026-09-03,1,0,0,48.046,1,1,eindeutig_zugeordnet
18472,48.197976,16.402160,3,3,3,03102,0310,90310,3D,D,zwischen- und nachkriegszeitliche Gebiete hoher Dichte,BD,zwischen- und nachkriegszeitliche Strukturen,point_in_polygon_ray_casting,2026-09-03,1,0,0,29.814,1,1,eindeutig_zugeordnet
18473,48.247391,16.450752,22,22,22,22081,2208,92208,22D,C,Bebauung mit überwiegend durchgrüntem Geschoßwohnbau,CXY,stark durchmischte Gebiete geringerer Dichte,point_in_polygon_ray_casting,2026-09-03,1,0,0,36.380,1,1,eindeutig_zugeordnet
18474,48.170557,16.428936,11,11,11,11071,1107,91107,11D,Y,heterogene Bebauung mit Überhang an Geschoßwohnungen,CXY,stark durchmischte Gebiete geringerer Dichte,point_in_polygon_ray_casting,2026-09-03,1,0,0,213.694,1,1,eindeutig_zugeordnet
18475,48.197428,16.307819,14,14,14,14021,1402,91402,14A,D,zwischen- und nachkriegszeitliche Gebiete hoher Dichte,BD,zwischen- und nachkriegszeitliche Strukturen,point_in_polygon_ray_casting,2026-09-03,1,0,0,68.030,1,1,eindeutig_zugeordnet
18476,48.243334,16.308161,18,18,18,18050,1805,91805,18A,R,Einfamilienhäuser und Kleingärten,RT,Einfamilienhausgebiete bzw. stark durchgrünte Strukturen,point_in_polygon_ray_casting,2026-09-03,1,0,0,163.567,1,1,eindeutig_zugeordnet
18477,48.190314,16.346025,6,6,6,06022,0602,90602,6A,JA,Gebiete dominiert durch Bauten von 1961 bis 1991,JAN,"Mischgebiete der jüngeren Vergangenheit, Neubau- und Stadterweiterungsgebiete",point_in_polygon_ray_casting,2026-09-03,1,0,0,60.151,1,1,eindeutig_zugeordnet
18479,48.201938,16.327191,15,15,15,15015,1501,91501,15A,D,zwischen- und nachkriegszeitliche Gebiete hoher Dichte,BD,zwischen- und nachkriegszeitliche Strukturen,point_in_polygon_ray_casting,2026-09-03,1,0,0,39.833,1,1,eindeutig_zugeordnet
18480,48.209775,16.315777,16,16,16,16031,1603,91603,16B,G,Gründerzeit mit überwiegend kleineren Wohnungen,AGGGH,gründerzeitliche Gebiete,point_in_polygon_ray_casting,2026-09-03,1,0,0,21.662,1,1,eindeutig_zugeordnet
18481,48.195748,16.354265,6,6,6,06018,0601,90601,6A,GG,Gründerzeit mit überwiegend größeren Wohnungen,AGGGH,gründerzeitliche Gebiete,point_in_polygon_ray_casting,2026-09-03,1,0,0,41.513,1,1,eindeutig_zugeordnet
18482,48.226513,16.357801,9,9,9,09014,0901,90901,9A,G,Gründerzeit mit überwiegend kleineren Wohnungen,AGGGH,gründerzeitliche Gebiete,point_in_polygon_ray_casting,2026-09-03,1,0,0,61.484,1,1,eindeutig_zugeordnet
18478,48.133675,16.273782,23,23,23,23112,2311,92311,23E,C,Bebauung mit überwiegend durchgrüntem Geschoßwohnbau,CXY,stark durchmischte Gebiete geringerer Dichte,point_in_polygon_ray_casting,2026-09-03,1,0,0,14.291,1,1,eindeutig_zugeordnet
18483,48.202626,16.305176,14,14,14,14011,1401,91401,14A,JA,Gebiete dominiert durch Bauten von 1961 bis 1991,JAN,"Mischgebiete der jüngeren Vergangenheit, Neubau- und Stadterweiterungsgebiete",point_in_polygon_ray_casting,2026-09-03,1,0,0,65.708,1,1,eindeutig_zugeordnet
18484,48.220240,16.303377,16,16,16,16063,1606,91606,16D,JA,Gebiete dominiert durch Bauten von 1961 bis 1991,JAN,"Mischgebiete der jüngeren Vergangenheit, Neubau- und Stadterweiterungsgebiete",point_in_polygon_ray_casting,2026-09-03,1,0,0,34.222,1,1,eindeutig_zugeordnet
18485,48.221650,16.406176,2,2,2,02092,0209,90209,2E,D,zwischen- und nachkriegszeitliche Gebiete hoher Dichte,BD,zwischen- und nachkriegszeitliche Strukturen,point_in_polygon_ray_casting,2026-09-03,1,0,0,34.093,1,1,eindeutig_zugeordnet
18486,48.201880,16.395623,3,3,3,03028,0302,90302,3A,GG,Gründerzeit mit überwiegend größeren Wohnungen,AGGGH,gründerzeitliche Gebiete,point_in_polygon_ray_casting,2026-09-03,1,0,0,14.234,1,1,eindeutig_zugeordnet
18487,48.185330,16.352356,5,5,5,05033,0503,90503,5C,G,Gründerzeit mit überwiegend kleineren Wohnungen,AGGGH,gründerzeitliche Gebiete,point_in_polygon_ray_casting,2026-09-03,1,0,0,21.486,1,1,eindeutig_zugeordnet
18488,48.198556,16.406694,3,3,3,03103,0310,90310,3D,JN,Neubau ab 1991 und Stadterweiterung,JAN,"Mischgebiete der jüngeren Vergangenheit, Neubau- und Stadterweiterungsgebiete",point_in_polygon_ray_casting,2026-09-03,1,0,0,70.390,1,1,eindeutig_zugeordnet
18407,48.150734,16.298145,23,23,23,23081,2308,92308,23G,JN,Neubau ab 1991 und Stadterweiterung,JAN,"Mischgebiete der jüngeren Vergangenheit, Neubau- und Stadterweiterungsgebiete",point_in_polygon_ray_casting,2026-09-03,1,0,0,117.560,1,1,eindeutig_zugeordnet
18408,48.219025,16.326116,17,17,17,17037,1703,91703,17B,G,Gründerzeit mit überwiegend kleineren Wohnungen,AGGGH,gründerzeitliche Gebiete,point_in_polygon_ray_casting,2026-09-03,1,0,0,9.460,1,1,eindeutig_zugeordnet
18409,48.214077,16.311258,16,16,16,16040,1604,91604,16C,G,Gründerzeit mit überwiegend kleineren Wohnungen,AGGGH,gründerzeitliche Gebiete,point_in_polygon_ray_casting,2026-09-03,1,0,0,62.820,1,1,eindeutig_zugeordnet
18410,48.281852,16.399816,21,21,21,21121,2112,92112,21E,X,heterogene Bebauung mit Überhang an Einfamilien- und Reihenhäusern,CXY,stark durchmischte Gebiete geringerer Dichte,point_in_polygon_ray_casting,2026-09-03,1,0,0,112.218,1,1,eindeutig_zugeordnet
18411,48.204908,16.390667,3,3,3,03023,0302,90302,3A,GG,Gründerzeit mit überwiegend größeren Wohnungen,AGGGH,gründerzeitliche Gebiete,point_in_polygon_ray_casting,2026-09-03,1,0,0,47.012,1,1,eindeutig_zugeordnet
18412,48.198027,16.308094,14,14,14,14021,1402,91402,14A,D,zwischen- und nachkriegszeitliche Gebiete hoher Dichte,BD,zwischen- und nachkriegszeitliche Strukturen,point_in_polygon_ray_casting,2026-09-03,1,0,0,32.918,1,1,eindeutig_zugeordnet
18413,48.181154,16.356167,5,5,5,05023,0502,90502,5B,D,zwischen- und nachkriegszeitliche Gebiete hoher Dichte,BD,zwischen- und nachkriegszeitliche Strukturen,point_in_polygon_ray_casting,2026-09-03,1,0,0,136.493,1,1,eindeutig_zugeordnet
18416,48.203837,16.327687,15,15,15,15011,1501,91501,15A,D,zwischen- und nachkriegszeitliche Gebiete hoher Dichte,BD,zwischen- und nachkriegszeitliche Strukturen,point_in_polygon_ray_casting,2026-09-03,1,0,0,33.573,1,1,eindeutig_zugeordnet
18417,48.206795,16.318996,16,16,16,16034,1603,91603,16B,D,zwischen- und nachkriegszeitliche Gebiete hoher Dichte,BD,zwischen- und nachkriegszeitliche Strukturen,point_in_polygon_ray_casting,2026-09-03,1,0,0,56.267,1,1,eindeutig_zugeordnet
18418,48.184146,16.339572,12,12,12,12021,1202,91202,12A,G,Gründerzeit mit überwiegend kleineren Wohnungen,AGGGH,gründerzeitliche Gebiete,point_in_polygon_ray_casting,2026-09-03,1,0,0,36.890,1,1,eindeutig_zugeordnet
18419,48.217249,16.375159,2,2,2,02037,0203,90203,2C,G,Gründerzeit mit überwiegend kleineren Wohnungen,AGGGH,gründerzeitliche Gebiete,point_in_polygon_ray_casting,2026-09-03,1,0,0,20.313,1,1,eindeutig_zugeordnet
18414,48.180298,16.379209,10,10,10,10221,1022,91022,10D,G,Gründerzeit mit überwiegend kleineren Wohnungen,AGGGH,gründerzeitliche Gebiete,point_in_polygon_ray_casting,2026-09-03,1,0,0,10.063,1,1,eindeutig_zugeordnet
18415,48.212094,16.308286,16,16,16,16070,1607,91607,16D,G,Gründerzeit mit überwiegend kleineren Wohnungen,AGGGH,gründerzeitliche Gebiete,point_in_polygon_ray_casting,2026-09-03,1,0,0,25.315,1,1,eindeutig_zugeordnet
18420,48.228406,16.301373,17,17,17,17051,1705,91705,17C,C,Bebauung mit überwiegend durchgrüntem Geschoßwohnbau,CXY,stark durchmischte Gebiete geringerer Dichte,point_in_polygon_ray_casting,2026-09-03,1,0,0,14.267,1,1,eindeutig_zugeordnet
18421,48.172391,16.386988,10,10,10,10027,1002,91002,10B,D,zwischen- und nachkriegszeitliche Gebiete hoher Dichte,BD,zwischen- und nachkriegszeitliche Strukturen,point_in_polygon_ray_casting,2026-09-03,1,0,0,25.390,1,1,eindeutig_zugeordnet
18422,48.166816,16.300811,12,12,12,12113,1211,91211,12E,GG,Gründerzeit mit überwiegend größeren Wohnungen,AGGGH,gründerzeitliche Gebiete,point_in_polygon_ray_casting,2026-09-03,1,0,0,37.327,1,1,eindeutig_zugeordnet
18423,48.256931,16.355356,19,19,19,19012,1901,91901,19A,R,Einfamilienhäuser und Kleingärten,RT,Einfamilienhausgebiete bzw. stark durchgrünte Strukturen,point_in_polygon_ray_casting,2026-09-03,1,0,0,126.959,1,1,eindeutig_zugeordnet
18424,48.195436,16.368603,4,4,4,04037,0403,90403,4A,GG,Gründerzeit mit überwiegend größeren Wohnungen,AGGGH,gründerzeitliche Gebiete,point_in_polygon_ray_casting,2026-09-03,1,0,0,25.288,1,1,eindeutig_zugeordnet
18425,48.209559,16.394599,3,3,3,03017,0301,90301,3A,GG,Gründerzeit mit überwiegend größeren Wohnungen,AGGGH,gründerzeitliche Gebiete,point_in_polygon_ray_casting,2026-09-03,1,0,0,78.971,1,1,eindeutig_zugeordnet
18426,48.195916,16.396922,3,3,3,03061,0306,90306,3D,G,Gründerzeit mit überwiegend kleineren Wohnungen,AGGGH,gründerzeitliche Gebiete,point_in_polygon_ray_casting,2026-09-03,1,0,0,25.916,1,1,eindeutig_zugeordnet
18427,48.194188,16.343896,6,6,6,06030,0603,90603,6A,GG,Gründerzeit mit überwiegend größeren Wohnungen,AGGGH,gründerzeitliche Gebiete,point_in_polygon_ray_casting,2026-09-03,1,0,0,6.441,1,1,eindeutig_zugeordnet
18428,48.154313,16.468340,11,11,11,11101,1110,91110,11E,Y,heterogene Bebauung mit Überhang an Geschoßwohnungen,CXY,stark durchmischte Gebiete geringerer Dichte,point_in_polygon_ray_casting,2026-09-03,1,0,0,100.991,1,1,eindeutig_zugeordnet
18429,48.235211,16.352199,19,19,19,19046,1904,91904,19B,B,zwischen- und nachkriegszeitliche Gebiete mittlerer Dichte,BD,zwischen- und nachkriegszeitliche Strukturen,point_in_polygon_ray_casting,2026-09-03,1,0,0,73.385,1,1,eindeutig_zugeordnet
18430,48.187614,16.328138,15,15,15,15057,1505,91505,15C,G,Gründerzeit mit überwiegend kleineren Wohnungen,AGGGH,gründerzeitliche Gebiete,point_in_polygon_ray_casting,2026-09-03,1,0,0,11.886,1,1,eindeutig_zugeordnet
18431,48.168937,16.375743,10,10,10,10031,1003,91003,10C,D,zwischen- und nachkriegszeitliche Gebiete hoher Dichte,BD,zwischen- und nachkriegszeitliche Strukturen,point_in_polygon_ray_casting,2026-09-03,1,0,0,61.444,1,1,eindeutig_zugeordnet
18432,48.213316,16.353594,8,8,8,08014,0801,90801,8A,A,"Zentrum, Altstadt und Gründerzeit",AGGGH,gründerzeitliche Gebiete,point_in_polygon_ray_casting,2026-09-03,1,0,0,19.836,1,1,eindeutig_zugeordnet
18433,48.180474,16.372681,10,10,10,10041,1004,91004,10D,D,zwischen- und nachkriegszeitliche Gebiete hoher Dichte,BD,zwischen- und nachkriegszeitliche Strukturen,point_in_polygon_ray_casting,2026-09-03,1,0,0,26.376,1,1,eindeutig_zugeordnet
18434,48.196181,16.309075,14,14,14,14023,1402,91402,14A,D,zwischen- und nachkriegszeitliche Gebiete hoher Dichte,BD,zwischen- und nachkriegszeitliche Strukturen,point_in_polygon_ray_casting,2026-09-03,1,0,0,61.398,1,1,eindeutig_zugeordnet
18435,48.156104,16.469577,11,11,11,11101,1110,91110,11E,Y,heterogene Bebauung mit Überhang an Geschoßwohnungen,CXY,stark durchmischte Gebiete geringerer Dichte,point_in_polygon_ray_casting,2026-09-03,1,0,0,80.442,1,1,eindeutig_zugeordnet
18436,48.194431,16.344316,6,6,6,06034,0603,90603,6A,GG,Gründerzeit mit überwiegend größeren Wohnungen,AGGGH,gründerzeitliche Gebiete,point_in_polygon_ray_casting,2026-09-03,1,0,0,5.513,1,1,eindeutig_zugeordnet
18437,48.276817,16.415342,21,21,21,21092,2109,92109,21B,C,Bebauung mit überwiegend durchgrüntem Geschoßwohnbau,CXY,stark durchmischte Gebiete geringerer Dichte,point_in_polygon_ray_casting,2026-09-03,1,0,0,25.592,1,1,eindeutig_zugeordnet
18438,48.259342,16.365088,19,19,19,19015,1901,91901,19A,C,Bebauung mit überwiegend durchgrüntem Geschoßwohnbau,CXY,stark durchmischte Gebiete geringerer Dichte,point_in_polygon_ray_casting,2026-09-03,1,0,0,21.859,1,1,eindeutig_zugeordnet
18439,48.218208,16.376718,2,2,2,02038,0203,90203,2C,D,zwischen- und nachkriegszeitliche Gebiete hoher Dichte,BD,zwischen- und nachkriegszeitliche Strukturen,point_in_polygon_ray_casting,2026-09-03,1,0,0,46.174,1,1,eindeutig_zugeordnet
18440,48.179673,16.416573,11,11,11,11023,1102,91102,11A,JN,Neubau ab 1991 und Stadterweiterung,JAN,"Mischgebiete der jüngeren Vergangenheit, Neubau- und Stadterweiterungsgebiete",point_in_polygon_ray_casting,2026-09-03,1,0,0,57.660,1,1,eindeutig_zugeordnet
18441,48.171420,16.365354,10,10,10,10102,1010,91010,10F,D,zwischen- und nachkriegszeitliche Gebiete hoher Dichte,BD,zwischen- und nachkriegszeitliche Strukturen,point_in_polygon_ray_casting,2026-09-03,1,0,0,25.757,1,1,eindeutig_zugeordnet
18442,48.245803,16.338464,19,19,19,19080,1908,91908,19C,C,Bebauung mit überwiegend durchgrüntem Geschoßwohnbau,CXY,stark durchmischte Gebiete geringerer Dichte,point_in_polygon_ray_casting,2026-09-03,1,0,0,118.182,1,1,eindeutig_zugeordnet
18443,48.155397,16.395614,10,10,10,10160,1016,91016,10J,B,zwischen- und nachkriegszeitliche Gebiete mittlerer Dichte,BD,zwischen- und nachkriegszeitliche Strukturen,point_in_polygon_ray_casting,2026-09-03,1,0,0,34.096,1,1,eindeutig_zugeordnet
18444,48.178574,16.294495,13,13,13,13070,1307,91307,13A,C,Bebauung mit überwiegend durchgrüntem Geschoßwohnbau,CXY,stark durchmischte Gebiete geringerer Dichte,point_in_polygon_ray_casting,2026-09-03,1,0,0,17.544,1,1,eindeutig_zugeordnet
18445,48.226801,16.333400,18,18,18,18031,1803,91803,18B,G,Gründerzeit mit überwiegend kleineren Wohnungen,AGGGH,gründerzeitliche Gebiete,point_in_polygon_ray_casting,2026-09-03,1,0,0,74.693,1,1,eindeutig_zugeordnet
18446,48.163311,16.290203,13,13,13,13083,1308,91308,13C,R,Einfamilienhäuser und Kleingärten,RT,Einfamilienhausgebiete bzw. stark durchgrünte Strukturen,point_in_polygon_ray_casting,2026-09-03,1,0,0,65.536,1,1,eindeutig_zugeordnet
18447,48.191068,16.336316,15,15,15,15038,1503,91503,15C,G,Gründerzeit mit überwiegend kleineren Wohnungen,AGGGH,gründerzeitliche Gebiete,point_in_polygon_ray_casting,2026-09-03,1,0,0,14.038,1,1,eindeutig_zugeordnet
18448,48.209268,16.319488,16,16,16,16104,1610,91610,16B,G,Gründerzeit mit überwiegend kleineren Wohnungen,AGGGH,gründerzeitliche Gebiete,point_in_polygon_ray_casting,2026-09-03,1,0,0,8.774,1,1,eindeutig_zugeordnet
18449,48.230423,16.355878,9,9,9,09012,0901,90901,9A,GG,Gründerzeit mit überwiegend größeren Wohnungen,AGGGH,gründerzeitliche Gebiete,point_in_polygon_ray_casting,2026-09-03,1,0,0,6.678,1,1,eindeutig_zugeordnet
18450,48.134807,16.278595,23,23,23,23112,2311,92311,23E,C,Bebauung mit überwiegend durchgrüntem Geschoßwohnbau,CXY,stark durchmischte Gebiete geringerer Dichte,point_in_polygon_ray_casting,2026-09-03,1,0,0,67.787,1,1,eindeutig_zugeordnet
18451,48.239071,16.453782,22,22,22,22160,2216,92216,22E,Y,heterogene Bebauung mit Überhang an Geschoßwohnungen,CXY,stark durchmischte Gebiete geringerer Dichte,point_in_polygon_ray_casting,2026-09-03,1,0,0,43.873,1,1,eindeutig_zugeordnet
18452,48.211995,16.421489,2,2,2,02096,0209,90209,2E,JA,Gebiete dominiert durch Bauten von 1961 bis 1991,JAN,"Mischgebiete der jüngeren Vergangenheit, Neubau- und Stadterweiterungsgebiete",point_in_polygon_ray_casting,2026-09-03,1,0,0,52.812,1,1,eindeutig_zugeordnet
18454,48.291597,16.385439,21,21,21,21141,2114,92114,21E,C,Bebauung mit überwiegend durchgrüntem Geschoßwohnbau,CXY,stark durchmischte Gebiete geringerer Dichte,point_in_polygon_ray_casting,2026-09-03,1,0,0,45.225,1,1,eindeutig_zugeordnet
18455,48.193194,16.272334,14,14,14,14067,1406,91406,14B,B,zwischen- und nachkriegszeitliche Gebiete mittlerer Dichte,BD,zwischen- und nachkriegszeitliche Strukturen,point_in_polygon_ray_casting,2026-09-03,1,0,0,55.858,1,1,eindeutig_zugeordnet
18456,48.219409,16.327150,17,17,17,17020,1702,91702,17A,G,Gründerzeit mit überwiegend kleineren Wohnungen,AGGGH,gründerzeitliche Gebiete,point_in_polygon_ray_casting,2026-09-03,1,0,0,42.243,1,1,eindeutig_zugeordnet
18457,48.197440,16.408214,3,3,3,03104,0310,90310,3D,D,zwischen- und nachkriegszeitliche Gebiete hoher Dichte,BD,zwischen- und nachkriegszeitliche Strukturen,point_in_polygon_ray_casting,2026-09-03,1,0,0,90.395,1,1,eindeutig_zugeordnet
18453,48.127112,16.313459,23,23,23,23051,2305,92305,23C,C,Bebauung mit überwiegend durchgrüntem Geschoßwohnbau,CXY,stark durchmischte Gebiete geringerer Dichte,point_in_polygon_ray_casting,2026-09-03,1,0,0,167.207,1,1,eindeutig_zugeordnet
18536,48.168484,16.413397,11,11,11,11038,1103,91103,11B,JA,Gebiete dominiert durch Bauten von 1961 bis 1991,JAN,"Mischgebiete der jüngeren Vergangenheit, Neubau- und Stadterweiterungsgebiete",point_in_polygon_ray_casting,2026-09-03,1,0,0,124.926,1,1,eindeutig_zugeordnet
18537,48.205673,16.262188,14,14,14,14100,1410,91410,14E,R,Einfamilienhäuser und Kleingärten,RT,Einfamilienhausgebiete bzw. stark durchgrünte Strukturen,point_in_polygon_ray_casting,2026-09-03,1,0,0,246.481,1,1,eindeutig_zugeordnet
18538,48.201649,16.342753,7,7,7,07048,0704,90704,7B,GG,Gründerzeit mit überwiegend größeren Wohnungen,AGGGH,gründerzeitliche Gebiete,point_in_polygon_ray_casting,2026-09-03,1,0,0,11.438,1,1,eindeutig_zugeordnet
18539,48.155047,16.364108,10,10,10,10134,1013,91013,10H,T,Reihenhäuser,RT,Einfamilienhausgebiete bzw. stark durchgrünte Strukturen,point_in_polygon_ray_casting,2026-09-03,1,0,0,28.050,1,1,eindeutig_zugeordnet
18540,48.171788,16.338660,12,12,12,12032,1203,91203,12D,D,zwischen- und nachkriegszeitliche Gebiete hoher Dichte,BD,zwischen- und nachkriegszeitliche Strukturen,point_in_polygon_ray_casting,2026-09-03,1,0,0,68.019,1,1,eindeutig_zugeordnet
18542,48.216285,16.306362,16,16,16,16064,1606,91606,16D,C,Bebauung mit überwiegend durchgrüntem Geschoßwohnbau,CXY,stark durchmischte Gebiete geringerer Dichte,point_in_polygon_ray_casting,2026-09-03,1,0,0,54.222,1,1,eindeutig_zugeordnet
18543,48.207355,16.351952,8,8,8,08028,0802,90802,8A,GG,Gründerzeit mit überwiegend größeren Wohnungen,AGGGH,gründerzeitliche Gebiete,point_in_polygon_ray_casting,2026-09-03,1,0,0,68.654,1,1,eindeutig_zugeordnet
18544,48.203742,16.326663,15,15,15,15011,1501,91501,15A,D,zwischen- und nachkriegszeitliche Gebiete hoher Dichte,BD,zwischen- und nachkriegszeitliche Strukturen,point_in_polygon_ray_casting,2026-09-03,1,0,0,32.717,1,1,eindeutig_zugeordnet
18545,48.228853,16.332965,18,18,18,18020,1802,91802,18B,GG,Gründerzeit mit überwiegend größeren Wohnungen,AGGGH,gründerzeitliche Gebiete,point_in_polygon_ray_casting,2026-09-03,1,0,0,26.902,1,1,eindeutig_zugeordnet
18541,48.183639,16.407608,11,11,11,11020,1102,91102,11A,B,zwischen- und nachkriegszeitliche Gebiete mittlerer Dichte,BD,zwischen- und nachkriegszeitliche Strukturen,point_in_polygon_ray_casting,2026-09-03,1,0,0,49.982,1,1,eindeutig_zugeordnet
18547,48.198988,16.344323,7,7,7,07034,0703,90703,7A,GG,Gründerzeit mit überwiegend größeren Wohnungen,AGGGH,gründerzeitliche Gebiete,point_in_polygon_ray_casting,2026-09-03,1,0,0,27.929,1,1,eindeutig_zugeordnet
18548,48.208243,16.377386,1,1,1,01012,0101,90101,1A,A,"Zentrum, Altstadt und Gründerzeit",AGGGH,gründerzeitliche Gebiete,point_in_polygon_ray_casting,2026-09-03,1,0,0,27.285,1,1,eindeutig_zugeordnet
18549,48.156128,16.395199,10,10,10,10160,1016,91016,10J,B,zwischen- und nachkriegszeitliche Gebiete mittlerer Dichte,BD,zwischen- und nachkriegszeitliche Strukturen,point_in_polygon_ray_casting,2026-09-03,1,0,0,7.898,1,1,eindeutig_zugeordnet
18546,48.199170,16.268231,14,14,14,14070,1407,91407,14B,B,zwischen- und nachkriegszeitliche Gebiete mittlerer Dichte,BD,zwischen- und nachkriegszeitliche Strukturen,point_in_polygon_ray_casting,2026-09-03,1,0,0,34.603,1,1,eindeutig_zugeordnet
18550,48.244729,16.328074,19,19,19,19105,1910,91910,19A,C,Bebauung mit überwiegend durchgrüntem Geschoßwohnbau,CXY,stark durchmischte Gebiete geringerer Dichte,point_in_polygon_ray_casting,2026-09-03,1,0,0,45.729,1,1,eindeutig_zugeordnet
18551,48.200838,16.438130,2,2,2,02080,0208,90208,2D,R,Einfamilienhäuser und Kleingärten,RT,Einfamilienhausgebiete bzw. stark durchgrünte Strukturen,point_in_polygon_ray_casting,2026-09-03,1,0,0,85.196,1,1,eindeutig_zugeordnet
18552,48.159850,16.464666,11,11,11,11111,1111,91111,11D,X,heterogene Bebauung mit Überhang an Einfamilien- und Reihenhäusern,CXY,stark durchmischte Gebiete geringerer Dichte,point_in_polygon_ray_casting,2026-09-03,1,0,0,40.287,1,1,eindeutig_zugeordnet
18553,48.225575,16.455460,22,22,22,22190,2219,92219,22I,JA,Gebiete dominiert durch Bauten von 1961 bis 1991,JAN,"Mischgebiete der jüngeren Vergangenheit, Neubau- und Stadterweiterungsgebiete",point_in_polygon_ray_casting,2026-09-03,1,0,0,133.508,1,1,eindeutig_zugeordnet
18554,48.187770,16.366553,4,4,4,04043,0404,90404,4B,JA,Gebiete dominiert durch Bauten von 1961 bis 1991,JAN,"Mischgebiete der jüngeren Vergangenheit, Neubau- und Stadterweiterungsgebiete",point_in_polygon_ray_casting,2026-09-03,1,0,0,5.923,1,1,eindeutig_zugeordnet
18555,48.273610,16.446100,21,21,21,21052,2105,92105,21C,JA,Gebiete dominiert durch Bauten von 1961 bis 1991,JAN,"Mischgebiete der jüngeren Vergangenheit, Neubau- und Stadterweiterungsgebiete",point_in_polygon_ray_casting,2026-09-03,1,0,0,55.753,1,1,eindeutig_zugeordnet
18556,48.194029,16.360142,5,5,5,05011,0501,90501,5A,GG,Gründerzeit mit überwiegend größeren Wohnungen,AGGGH,gründerzeitliche Gebiete,point_in_polygon_ray_casting,2026-09-03,1,0,0,62.141,1,1,eindeutig_zugeordnet
18557,48.192886,16.346101,6,6,6,06039,0603,90603,6A,GG,Gründerzeit mit überwiegend größeren Wohnungen,AGGGH,gründerzeitliche Gebiete,point_in_polygon_ray_casting,2026-09-03,1,0,0,14.534,1,1,eindeutig_zugeordnet
18558,48.183745,16.357869,5,5,5,05024,0502,90502,5B,G,Gründerzeit mit überwiegend kleineren Wohnungen,AGGGH,gründerzeitliche Gebiete,point_in_polygon_ray_casting,2026-09-03,1,0,0,105.741,1,1,eindeutig_zugeordnet
18559,48.199803,16.401574,3,3,3,03101,0310,90310,3D,G,Gründerzeit mit überwiegend kleineren Wohnungen,AGGGH,gründerzeitliche Gebiete,point_in_polygon_ray_casting,2026-09-03,1,0,0,66.551,1,1,eindeutig_zugeordnet
18489,48.198039,16.365414,4,4,4,04010,0401,90401,4A,D,zwischen- und nachkriegszeitliche Gebiete hoher Dichte,BD,zwischen- und nachkriegszeitliche Strukturen,point_in_polygon_ray_casting,2026-09-03,1,0,0,58.446,1,1,eindeutig_zugeordnet
18490,48.205813,16.338996,7,7,7,07055,0705,90705,7B,GG,Gründerzeit mit überwiegend größeren Wohnungen,AGGGH,gründerzeitliche Gebiete,point_in_polygon_ray_casting,2026-09-03,1,0,0,23.040,1,1,eindeutig_zugeordnet
18491,48.183990,16.349731,5,5,5,05039,0503,90503,5C,G,Gründerzeit mit überwiegend kleineren Wohnungen,AGGGH,gründerzeitliche Gebiete,point_in_polygon_ray_casting,2026-09-03,1,0,0,22.812,1,1,eindeutig_zugeordnet
18492,48.201076,16.327356,15,15,15,15017,1501,91501,15A,D,zwischen- und nachkriegszeitliche Gebiete hoher Dichte,BD,zwischen- und nachkriegszeitliche Strukturen,point_in_polygon_ray_casting,2026-09-03,1,0,0,8.177,1,1,eindeutig_zugeordnet
18493,48.148819,16.335681,23,23,23,23021,2302,92302,23B,I,überwiegend industriell-gewerbliche Nutzung,ZI,industriell-gewerblich oder durch sonstige Nutzungen dominierte Gebiete,point_in_polygon_ray_casting,2026-09-03,1,0,0,63.830,1,1,eindeutig_zugeordnet
18494,48.229365,16.331534,18,18,18,18020,1802,91802,18B,GG,Gründerzeit mit überwiegend größeren Wohnungen,AGGGH,gründerzeitliche Gebiete,point_in_polygon_ray_casting,2026-09-03,1,0,0,44.972,1,1,eindeutig_zugeordnet
18495,48.274886,16.416681,21,21,21,21103,2110,92110,21B,B,zwischen- und nachkriegszeitliche Gebiete mittlerer Dichte,BD,zwischen- und nachkriegszeitliche Strukturen,point_in_polygon_ray_casting,2026-09-03,1,0,0,32.075,1,1,eindeutig_zugeordnet
18496,48.228499,16.324241,18,18,18,18049,1804,91804,18C,C,Bebauung mit überwiegend durchgrüntem Geschoßwohnbau,CXY,stark durchmischte Gebiete geringerer Dichte,point_in_polygon_ray_casting,2026-09-03,1,0,0,33.766,1,1,eindeutig_zugeordnet
18497,48.176118,16.383191,10,10,10,10021,1002,91002,10B,D,zwischen- und nachkriegszeitliche Gebiete hoher Dichte,BD,zwischen- und nachkriegszeitliche Strukturen,point_in_polygon_ray_casting,2026-09-03,1,0,0,15.572,1,1,eindeutig_zugeordnet
18499,48.240302,16.451814,22,22,22,22142,2214,92214,22E,C,Bebauung mit überwiegend durchgrüntem Geschoßwohnbau,CXY,stark durchmischte Gebiete geringerer Dichte,point_in_polygon_ray_casting,2026-09-03,1,0,0,31.171,1,1,eindeutig_zugeordnet
18500,48.191459,16.324314,15,15,15,15051,1505,91505,15C,G,Gründerzeit mit überwiegend kleineren Wohnungen,AGGGH,gründerzeitliche Gebiete,point_in_polygon_ray_casting,2026-09-03,1,0,0,63.801,1,1,eindeutig_zugeordnet
18501,48.195841,16.409690,3,3,3,03072,0307,90307,3E,Z,überwiegend städtische Infrastruktur und sonstige Nutzungen,ZI,industriell-gewerblich oder durch sonstige Nutzungen dominierte Gebiete,point_in_polygon_ray_casting,2026-09-03,1,0,0,17.880,1,1,eindeutig_zugeordnet
18498,48.188983,16.329674,15,15,15,15057,1505,91505,15C,G,Gründerzeit mit überwiegend kleineren Wohnungen,AGGGH,gründerzeitliche Gebiete,point_in_polygon_ray_casting,2026-09-03,1,0,0,24.951,1,1,eindeutig_zugeordnet
18502,48.151093,16.268730,23,23,23,23140,2314,92314,23F,R,Einfamilienhäuser und Kleingärten,RT,Einfamilienhausgebiete bzw. stark durchgrünte Strukturen,point_in_polygon_ray_casting,2026-09-03,1,0,0,32.760,1,1,eindeutig_zugeordnet
18503,48.190538,16.377002,4,4,4,04026,0402,90402,4B,GG,Gründerzeit mit überwiegend größeren Wohnungen,AGGGH,gründerzeitliche Gebiete,point_in_polygon_ray_casting,2026-09-03,1,0,0,35.990,1,1,eindeutig_zugeordnet
18504,48.191614,16.360884,5,5,5,05016,0501,90501,5A,G,Gründerzeit mit überwiegend kleineren Wohnungen,AGGGH,gründerzeitliche Gebiete,point_in_polygon_ray_casting,2026-09-03,1,0,0,11.386,1,1,eindeutig_zugeordnet
18505,48.175758,16.414321,11,11,11,11033,1103,91103,11B,D,zwischen- und nachkriegszeitliche Gebiete hoher Dichte,BD,zwischen- und nachkriegszeitliche Strukturen,point_in_polygon_ray_casting,2026-09-03,1,0,0,15.412,1,1,eindeutig_zugeordnet
18506,48.221170,16.386604,2,2,2,02027,0202,90202,2B,G,Gründerzeit mit überwiegend kleineren Wohnungen,AGGGH,gründerzeitliche Gebiete,point_in_polygon_ray_casting,2026-09-03,1,0,0,7.812,1,1,eindeutig_zugeordnet
18507,48.195323,16.316874,15,15,15,15065,1506,91506,15B,G,Gründerzeit mit überwiegend kleineren Wohnungen,AGGGH,gründerzeitliche Gebiete,point_in_polygon_ray_casting,2026-09-03,1,0,0,87.154,1,1,eindeutig_zugeordnet
18508,48.213689,16.302591,16,16,16,16083,1608,91608,16E,Z,überwiegend städtische Infrastruktur und sonstige Nutzungen,ZI,industriell-gewerblich oder durch sonstige Nutzungen dominierte Gebiete,point_in_polygon_ray_casting,2026-09-03,1,0,0,35.128,1,1,eindeutig_zugeordnet
18509,48.193216,16.407179,3,3,3,03071,0307,90307,3E,B,zwischen- und nachkriegszeitliche Gebiete mittlerer Dichte,BD,zwischen- und nachkriegszeitliche Strukturen,point_in_polygon_ray_casting,2026-09-03,1,0,0,91.209,1,1,eindeutig_zugeordnet
18510,48.182051,16.409919,11,11,11,11022,1102,91102,11A,D,zwischen- und nachkriegszeitliche Gebiete hoher Dichte,BD,zwischen- und nachkriegszeitliche Strukturen,point_in_polygon_ray_casting,2026-09-03,1,0,0,49.743,1,1,eindeutig_zugeordnet
18511,48.191659,16.294921,14,14,14,14031,1403,91403,14B,B,zwischen- und nachkriegszeitliche Gebiete mittlerer Dichte,BD,zwischen- und nachkriegszeitliche Strukturen,point_in_polygon_ray_casting,2026-09-03,1,0,0,73.105,1,1,eindeutig_zugeordnet
18512,48.197689,16.267471,14,14,14,14070,1407,91407,14B,B,zwischen- und nachkriegszeitliche Gebiete mittlerer Dichte,BD,zwischen- und nachkriegszeitliche Strukturen,point_in_polygon_ray_casting,2026-09-03,1,0,0,25.992,1,1,eindeutig_zugeordnet
18513,48.206496,16.333321,16,16,16,16024,1602,91602,16A,G,Gründerzeit mit überwiegend kleineren Wohnungen,AGGGH,gründerzeitliche Gebiete,point_in_polygon_ray_casting,2026-09-03,1,0,0,10.651,1,1,eindeutig_zugeordnet
18514,48.229987,16.446717,22,22,22,22152,2215,92215,22E,C,Bebauung mit überwiegend durchgrüntem Geschoßwohnbau,CXY,stark durchmischte Gebiete geringerer Dichte,point_in_polygon_ray_casting,2026-09-03,1,0,0,119.277,1,1,eindeutig_zugeordnet
18515,48.190872,16.328923,15,15,15,15055,1505,91505,15C,G,Gründerzeit mit überwiegend kleineren Wohnungen,AGGGH,gründerzeitliche Gebiete,point_in_polygon_ray_casting,2026-09-03,1,0,0,51.662,1,1,eindeutig_zugeordnet
18516,48.138089,16.323284,23,23,23,23024,2302,92302,23B,Y,heterogene Bebauung mit Überhang an Geschoßwohnungen,CXY,stark durchmischte Gebiete geringerer Dichte,point_in_polygon_ray_casting,2026-09-03,1,0,0,12.237,1,1,eindeutig_zugeordnet
18517,48.173476,16.282382,13,13,13,13080,1308,91308,13C,C,Bebauung mit überwiegend durchgrüntem Geschoßwohnbau,CXY,stark durchmischte Gebiete geringerer Dichte,point_in_polygon_ray_casting,2026-09-03,1,0,0,21.567,1,1,eindeutig_zugeordnet
18518,48.191660,16.295978,14,14,14,14031,1403,91403,14B,B,zwischen- und nachkriegszeitliche Gebiete mittlerer Dichte,BD,zwischen- und nachkriegszeitliche Strukturen,point_in_polygon_ray_casting,2026-09-03,1,0,0,74.589,1,1,eindeutig_zugeordnet
18519,48.195288,16.405393,3,3,3,03065,0306,90306,3D,B,zwischen- und nachkriegszeitliche Gebiete mittlerer Dichte,BD,zwischen- und nachkriegszeitliche Strukturen,point_in_polygon_ray_casting,2026-09-03,1,0,0,43.331,1,1,eindeutig_zugeordnet
18520,48.187549,16.373648,4,4,4,04027,0402,90402,4B,D,zwischen- und nachkriegszeitliche Gebiete hoher Dichte,BD,zwischen- und nachkriegszeitliche Strukturen,point_in_polygon_ray_casting,2026-09-03,1,0,0,29.714,1,1,eindeutig_zugeordnet
18521,48.234249,16.367765,20,20,20,20061,2006,92006,20B,JA,Gebiete dominiert durch Bauten von 1961 bis 1991,JAN,"Mischgebiete der jüngeren Vergangenheit, Neubau- und Stadterweiterungsgebiete",point_in_polygon_ray_casting,2026-09-03,1,0,0,46.824,1,1,eindeutig_zugeordnet
18522,48.134384,16.266900,23,23,23,23123,2312,92312,23E,R,Einfamilienhäuser und Kleingärten,RT,Einfamilienhausgebiete bzw. stark durchgrünte Strukturen,point_in_polygon_ray_casting,2026-09-03,1,0,0,12.170,1,1,eindeutig_zugeordnet
18523,48.218938,16.376214,2,2,2,02038,0203,90203,2C,D,zwischen- und nachkriegszeitliche Gebiete hoher Dichte,BD,zwischen- und nachkriegszeitliche Strukturen,point_in_polygon_ray_casting,2026-09-03,1,0,0,11.746,1,1,eindeutig_zugeordnet
18524,48.190355,16.351472,6,6,6,06028,0602,90602,6A,GG,Gründerzeit mit überwiegend größeren Wohnungen,AGGGH,gründerzeitliche Gebiete,point_in_polygon_ray_casting,2026-09-03,1,0,0,29.508,1,1,eindeutig_zugeordnet
18525,48.190962,16.366100,4,4,4,04035,0403,90403,4A,GG,Gründerzeit mit überwiegend größeren Wohnungen,AGGGH,gründerzeitliche Gebiete,point_in_polygon_ray_casting,2026-09-03,1,0,0,47.150,1,1,eindeutig_zugeordnet
18526,48.200375,16.321982,15,15,15,15076,1507,91507,15A,D,zwischen- und nachkriegszeitliche Gebiete hoher Dichte,BD,zwischen- und nachkriegszeitliche Strukturen,point_in_polygon_ray_casting,2026-09-03,1,0,0,47.254,1,1,eindeutig_zugeordnet
18527,48.182055,16.329332,12,12,12,12050,1205,91205,12B,A,"Zentrum, Altstadt und Gründerzeit",AGGGH,gründerzeitliche Gebiete,point_in_polygon_ray_casting,2026-09-03,1,0,0,58.306,1,1,eindeutig_zugeordnet
18528,48.218775,16.408319,2,2,2,02078,0207,90207,2E,G,Gründerzeit mit überwiegend kleineren Wohnungen,AGGGH,gründerzeitliche Gebiete,point_in_polygon_ray_casting,2026-09-03,1,0,0,32.934,1,1,eindeutig_zugeordnet
18529,48.193917,16.403591,3,3,3,03065,0306,90306,3D,B,zwischen- und nachkriegszeitliche Gebiete mittlerer Dichte,BD,zwischen- und nachkriegszeitliche Strukturen,point_in_polygon_ray_casting,2026-09-03,1,0,0,7.458,1,1,eindeutig_zugeordnet
18530,48.194008,16.308244,14,14,14,14047,1404,91404,14C,D,zwischen- und nachkriegszeitliche Gebiete hoher Dichte,BD,zwischen- und nachkriegszeitliche Strukturen,point_in_polygon_ray_casting,2026-09-03,1,0,0,36.964,1,1,eindeutig_zugeordnet
18531,48.195005,16.359139,5,5,5,05011,0501,90501,5A,GG,Gründerzeit mit überwiegend größeren Wohnungen,AGGGH,gründerzeitliche Gebiete,point_in_polygon_ray_casting,2026-09-03,1,0,0,53.297,1,1,eindeutig_zugeordnet
18532,48.247533,16.336930,19,19,19,19050,1905,91905,19C,C,Bebauung mit überwiegend durchgrüntem Geschoßwohnbau,CXY,stark durchmischte Gebiete geringerer Dichte,point_in_polygon_ray_casting,2026-09-03,1,0,0,26.098,1,1,eindeutig_zugeordnet
18533,48.177049,16.322708,12,12,12,12071,1207,91207,12C,B,zwischen- und nachkriegszeitliche Gebiete mittlerer Dichte,BD,zwischen- und nachkriegszeitliche Strukturen,point_in_polygon_ray_casting,2026-09-03,1,0,0,63.061,1,1,eindeutig_zugeordnet
18534,48.187428,16.374300,4,4,4,04027,0402,90402,4B,D,zwischen- und nachkriegszeitliche Gebiete hoher Dichte,BD,zwischen- und nachkriegszeitliche Strukturen,point_in_polygon_ray_casting,2026-09-03,1,0,0,70.567,1,1,eindeutig_zugeordnet
18535,48.229169,16.300769,17,17,17,17051,1705,91705,17C,C,Bebauung mit überwiegend durchgrüntem Geschoßwohnbau,CXY,stark durchmischte Gebiete geringerer Dichte,point_in_polygon_ray_casting,2026-09-03,1,0,0,39.361,1,1,eindeutig_zugeordnet
17880,48.179751,16.366783,10,10,10,10062,1006,91006,10D,G,Gründerzeit mit überwiegend kleineren Wohnungen,AGGGH,gründerzeitliche Gebiete,point_in_polygon_ray_casting,2026-09-03,1,0,0,17.122,1,1,eindeutig_zugeordnet
17881,48.168655,16.363016,10,10,10,10103,1010,91010,10F,B,zwischen- und nachkriegszeitliche Gebiete mittlerer Dichte,BD,zwischen- und nachkriegszeitliche Strukturen,point_in_polygon_ray_casting,2026-09-03,1,0,0,54.748,1,1,eindeutig_zugeordnet
17882,48.158059,16.289608,13,13,13,13084,1308,91308,13C,Z,überwiegend städtische Infrastruktur und sonstige Nutzungen,ZI,industriell-gewerblich oder durch sonstige Nutzungen dominierte Gebiete,point_in_polygon_ray_casting,2026-09-03,1,0,0,44.718,1,1,eindeutig_zugeordnet
17883,48.192719,16.331560,15,15,15,15033,1503,91503,15C,G,Gründerzeit mit überwiegend kleineren Wohnungen,AGGGH,gründerzeitliche Gebiete,point_in_polygon_ray_casting,2026-09-03,1,0,0,37.472,1,1,eindeutig_zugeordnet
17885,48.182594,16.340338,12,12,12,12021,1202,91202,12A,G,Gründerzeit mit überwiegend kleineren Wohnungen,AGGGH,gründerzeitliche Gebiete,point_in_polygon_ray_casting,2026-09-03,1,0,0,7.592,1,1,eindeutig_zugeordnet
17886,48.221259,16.333016,17,17,17,17015,1701,91701,17A,G,Gründerzeit mit überwiegend kleineren Wohnungen,AGGGH,gründerzeitliche Gebiete,point_in_polygon_ray_casting,2026-09-03,1,0,0,66.891,1,1,eindeutig_zugeordnet
17887,48.206594,16.321034,16,16,16,16035,1603,91603,16B,D,zwischen- und nachkriegszeitliche Gebiete hoher Dichte,BD,zwischen- und nachkriegszeitliche Strukturen,point_in_polygon_ray_casting,2026-09-03,1,0,0,28.873,1,1,eindeutig_zugeordnet
17888,48.192025,16.328983,15,15,15,15031,1503,91503,15C,G,Gründerzeit mit überwiegend kleineren Wohnungen,AGGGH,gründerzeitliche Gebiete,point_in_polygon_ray_casting,2026-09-03,1,0,0,75.596,1,1,eindeutig_zugeordnet
17884,48.213694,16.346734,8,8,8,08011,0801,90801,8A,G,Gründerzeit mit überwiegend kleineren Wohnungen,AGGGH,gründerzeitliche Gebiete,point_in_polygon_ray_casting,2026-09-03,1,0,0,9.580,1,1,eindeutig_zugeordnet
17889,48.174545,16.391741,10,10,10,10023,1002,91002,10B,D,zwischen- und nachkriegszeitliche Gebiete hoher Dichte,BD,zwischen- und nachkriegszeitliche Strukturen,point_in_polygon_ray_casting,2026-09-03,1,0,0,110.205,1,1,eindeutig_zugeordnet
17890,48.147842,16.349008,23,23,23,23180,2318,92318,23A,Y,heterogene Bebauung mit Überhang an Geschoßwohnungen,CXY,stark durchmischte Gebiete geringerer Dichte,point_in_polygon_ray_casting,2026-09-03,1,0,0,18.144,1,1,eindeutig_zugeordnet
17891,48.218229,16.408378,2,2,2,02078,0207,90207,2E,G,Gründerzeit mit überwiegend kleineren Wohnungen,AGGGH,gründerzeitliche Gebiete,point_in_polygon_ray_casting,2026-09-03,1,0,0,16.928,1,1,eindeutig_zugeordnet
17892,48.254288,16.397285,21,21,21,21223,2122,92122,21G,JA,Gebiete dominiert durch Bauten von 1961 bis 1991,JAN,"Mischgebiete der jüngeren Vergangenheit, Neubau- und Stadterweiterungsgebiete",point_in_polygon_ray_casting,2026-09-03,1,0,0,126.927,1,1,eindeutig_zugeordnet
17893,48.211328,16.316432,16,16,16,16031,1603,91603,16B,G,Gründerzeit mit überwiegend kleineren Wohnungen,AGGGH,gründerzeitliche Gebiete,point_in_polygon_ray_casting,2026-09-03,1,0,0,76.234,1,1,eindeutig_zugeordnet
17894,48.238125,16.346011,19,19,19,19091,1909,91909,19A,H,Cottages,AGGGH,gründerzeitliche Gebiete,point_in_polygon_ray_casting,2026-09-03,1,0,0,121.820,1,1,eindeutig_zugeordnet
17895,48.187386,16.326978,15,15,15,15056,1505,91505,15C,JA,Gebiete dominiert durch Bauten von 1961 bis 1991,JAN,"Mischgebiete der jüngeren Vergangenheit, Neubau- und Stadterweiterungsgebiete",point_in_polygon_ray_casting,2026-09-03,1,0,0,54.827,1,1,eindeutig_zugeordnet
17896,48.213122,16.377981,2,2,2,02048,0204,90204,2C,GG,Gründerzeit mit überwiegend größeren Wohnungen,AGGGH,gründerzeitliche Gebiete,point_in_polygon_ray_casting,2026-09-03,1,0,0,31.398,1,1,eindeutig_zugeordnet
17897,48.232756,16.354975,19,19,19,19048,1904,91904,19B,D,zwischen- und nachkriegszeitliche Gebiete hoher Dichte,BD,zwischen- und nachkriegszeitliche Strukturen,point_in_polygon_ray_casting,2026-09-03,1,0,0,6.867,1,1,eindeutig_zugeordnet
17899,48.170404,16.283116,13,13,13,13080,1308,91308,13C,C,Bebauung mit überwiegend durchgrüntem Geschoßwohnbau,CXY,stark durchmischte Gebiete geringerer Dichte,point_in_polygon_ray_casting,2026-09-03,1,0,0,213.914,1,1,eindeutig_zugeordnet
17900,48.216619,16.323595,17,17,17,17039,1703,91703,17B,G,Gründerzeit mit überwiegend kleineren Wohnungen,AGGGH,gründerzeitliche Gebiete,point_in_polygon_ray_casting,2026-09-03,1,0,0,31.847,1,1,eindeutig_zugeordnet
17901,48.186023,16.351186,5,5,5,05033,0503,90503,5C,G,Gründerzeit mit überwiegend kleineren Wohnungen,AGGGH,gründerzeitliche Gebiete,point_in_polygon_ray_casting,2026-09-03,1,0,0,58.986,1,1,eindeutig_zugeordnet
17902,48.233027,16.291090,17,17,17,17051,1705,91705,17C,C,Bebauung mit überwiegend durchgrüntem Geschoßwohnbau,CXY,stark durchmischte Gebiete geringerer Dichte,point_in_polygon_ray_casting,2026-09-03,1,0,0,17.489,1,1,eindeutig_zugeordnet
17903,48.255494,16.364398,19,19,19,19014,1901,91901,19A,R,Einfamilienhäuser und Kleingärten,RT,Einfamilienhausgebiete bzw. stark durchgrünte Strukturen,point_in_polygon_ray_casting,2026-09-03,1,0,0,30.350,1,1,eindeutig_zugeordnet
17898,48.253513,16.500418,22,22,22,22020,2202,92202,22A,R,Einfamilienhäuser und Kleingärten,RT,Einfamilienhausgebiete bzw. stark durchgrünte Strukturen,point_in_polygon_ray_casting,2026-09-03,1,0,0,114.483,1,1,eindeutig_zugeordnet
17819,48.286824,16.410756,21,21,21,21111,2111,92111,21E,Y,heterogene Bebauung mit Überhang an Geschoßwohnungen,CXY,stark durchmischte Gebiete geringerer Dichte,point_in_polygon_ray_casting,2026-09-03,1,0,0,59.439,1,1,eindeutig_zugeordnet
17820,48.244531,16.339844,19,19,19,19082,1908,91908,19C,C,Bebauung mit überwiegend durchgrüntem Geschoßwohnbau,CXY,stark durchmischte Gebiete geringerer Dichte,point_in_polygon_ray_casting,2026-09-03,1,0,0,14.314,1,1,eindeutig_zugeordnet
17821,48.236284,16.364562,20,20,20,20060,2006,92006,20B,D,zwischen- und nachkriegszeitliche Gebiete hoher Dichte,BD,zwischen- und nachkriegszeitliche Strukturen,point_in_polygon_ray_casting,2026-09-03,1,0,0,44.102,1,1,eindeutig_zugeordnet
17822,48.202739,16.313934,15,15,15,15074,1507,91507,15A,G,Gründerzeit mit überwiegend kleineren Wohnungen,AGGGH,gründerzeitliche Gebiete,point_in_polygon_ray_casting,2026-09-03,1,0,0,2.857,1,1,eindeutig_zugeordnet
17823,48.246843,16.330625,19,19,19,19071,1907,91907,19A,R,Einfamilienhäuser und Kleingärten,RT,Einfamilienhausgebiete bzw. stark durchgrünte Strukturen,point_in_polygon_ray_casting,2026-09-03,1,0,0,40.020,1,1,eindeutig_zugeordnet
17824,48.249531,16.325527,19,19,19,19071,1907,91907,19A,R,Einfamilienhäuser und Kleingärten,RT,Einfamilienhausgebiete bzw. stark durchgrünte Strukturen,point_in_polygon_ray_casting,2026-09-03,1,0,0,173.082,1,1,eindeutig_zugeordnet
17825,48.186607,16.398851,3,3,3,03112,0311,90311,3E,D,zwischen- und nachkriegszeitliche Gebiete hoher Dichte,BD,zwischen- und nachkriegszeitliche Strukturen,point_in_polygon_ray_casting,2026-09-03,1,0,0,75.924,1,1,eindeutig_zugeordnet
17827,48.152002,16.448562,11,11,11,11060,1106,91106,11C,Z,überwiegend städtische Infrastruktur und sonstige Nutzungen,ZI,industriell-gewerblich oder durch sonstige Nutzungen dominierte Gebiete,point_in_polygon_ray_casting,2026-09-03,1,0,0,94.744,1,1,eindeutig_zugeordnet
17828,48.229297,16.353843,9,9,9,09042,0904,90904,9A,GG,Gründerzeit mit überwiegend größeren Wohnungen,AGGGH,gründerzeitliche Gebiete,point_in_polygon_ray_casting,2026-09-03,1,0,0,7.115,1,1,eindeutig_zugeordnet
17829,48.208405,16.256076,14,14,14,14100,1410,91410,14E,R,Einfamilienhäuser und Kleingärten,RT,Einfamilienhausgebiete bzw. stark durchgrünte Strukturen,point_in_polygon_ray_casting,2026-09-03,1,0,0,30.889,1,1,eindeutig_zugeordnet
17830,48.229798,16.355853,9,9,9,09012,0901,90901,9A,GG,Gründerzeit mit überwiegend größeren Wohnungen,AGGGH,gründerzeitliche Gebiete,point_in_polygon_ray_casting,2026-09-03,1,0,0,10.123,1,1,eindeutig_zugeordnet
17831,48.190809,16.328273,15,15,15,15055,1505,91505,15C,G,Gründerzeit mit überwiegend kleineren Wohnungen,AGGGH,gründerzeitliche Gebiete,point_in_polygon_ray_casting,2026-09-03,1,0,0,54.294,1,1,eindeutig_zugeordnet
17826,48.193159,16.307890,14,14,14,14048,1404,91404,14C,G,Gründerzeit mit überwiegend kleineren Wohnungen,AGGGH,gründerzeitliche Gebiete,point_in_polygon_ray_casting,2026-09-03,1,0,0,14.155,1,1,eindeutig_zugeordnet
17832,48.137683,16.287650,23,23,23,23074,2307,92307,23C,C,Bebauung mit überwiegend durchgrüntem Geschoßwohnbau,CXY,stark durchmischte Gebiete geringerer Dichte,point_in_polygon_ray_casting,2026-09-03,1,0,0,106.789,1,1,eindeutig_zugeordnet
17834,48.221380,16.376531,2,2,2,02036,0203,90203,2C,G,Gründerzeit mit überwiegend kleineren Wohnungen,AGGGH,gründerzeitliche Gebiete,point_in_polygon_ray_casting,2026-09-03,1,0,0,16.031,1,1,eindeutig_zugeordnet
17835,48.168204,16.284691,13,13,13,13082,1308,91308,13C,C,Bebauung mit überwiegend durchgrüntem Geschoßwohnbau,CXY,stark durchmischte Gebiete geringerer Dichte,point_in_polygon_ray_casting,2026-09-03,1,0,0,26.753,1,1,eindeutig_zugeordnet
17836,48.200425,16.317060,15,15,15,15075,1507,91507,15A,D,zwischen- und nachkriegszeitliche Gebiete hoher Dichte,BD,zwischen- und nachkriegszeitliche Strukturen,point_in_polygon_ray_casting,2026-09-03,1,0,0,19.654,1,1,eindeutig_zugeordnet
17837,48.172535,16.352698,10,10,10,10083,1008,91008,10F,D,zwischen- und nachkriegszeitliche Gebiete hoher Dichte,BD,zwischen- und nachkriegszeitliche Strukturen,point_in_polygon_ray_casting,2026-09-03,1,0,0,39.702,1,1,eindeutig_zugeordnet
17833,48.171190,16.360452,10,10,10,10101,1010,91010,10F,JN,Neubau ab 1991 und Stadterweiterung,JAN,"Mischgebiete der jüngeren Vergangenheit, Neubau- und Stadterweiterungsgebiete",point_in_polygon_ray_casting,2026-09-03,1,0,0,55.543,1,1,eindeutig_zugeordnet
17838,48.176498,16.414799,11,11,11,11025,1102,91102,11A,JA,Gebiete dominiert durch Bauten von 1961 bis 1991,JAN,"Mischgebiete der jüngeren Vergangenheit, Neubau- und Stadterweiterungsgebiete",point_in_polygon_ray_casting,2026-09-03,1,0,0,34.741,1,1,eindeutig_zugeordnet
17839,48.184304,16.363650,5,5,5,05029,0502,90502,5B,G,Gründerzeit mit überwiegend kleineren Wohnungen,AGGGH,gründerzeitliche Gebiete,point_in_polygon_ray_casting,2026-09-03,1,0,0,6.098,1,1,eindeutig_zugeordnet
17843,48.258413,16.394432,21,21,21,21221,2122,92122,21G,G,Gründerzeit mit überwiegend kleineren Wohnungen,AGGGH,gründerzeitliche Gebiete,point_in_polygon_ray_casting,2026-09-03,1,0,0,6.360,1,1,eindeutig_zugeordnet
17844,48.190161,16.377622,4,4,4,04026,0402,90402,4B,GG,Gründerzeit mit überwiegend größeren Wohnungen,AGGGH,gründerzeitliche Gebiete,point_in_polygon_ray_casting,2026-09-03,1,0,0,7.833,1,1,eindeutig_zugeordnet
17845,48.209952,16.351538,8,8,8,08022,0802,90802,8A,GG,Gründerzeit mit überwiegend größeren Wohnungen,AGGGH,gründerzeitliche Gebiete,point_in_polygon_ray_casting,2026-09-03,1,0,0,39.092,1,1,eindeutig_zugeordnet
17840,48.209327,16.305741,16,16,16,16072,1607,91607,16D,G,Gründerzeit mit überwiegend kleineren Wohnungen,AGGGH,gründerzeitliche Gebiete,point_in_polygon_ray_casting,2026-09-03,1,0,0,77.021,1,1,eindeutig_zugeordnet
17841,48.172245,16.352897,10,10,10,10083,1008,91008,10F,D,zwischen- und nachkriegszeitliche Gebiete hoher Dichte,BD,zwischen- und nachkriegszeitliche Strukturen,point_in_polygon_ray_casting,2026-09-03,1,0,0,40.460,1,1,eindeutig_zugeordnet
17842,48.235119,16.325628,18,18,18,18040,1804,91804,18C,GG,Gründerzeit mit überwiegend größeren Wohnungen,AGGGH,gründerzeitliche Gebiete,point_in_polygon_ray_casting,2026-09-03,1,0,0,33.323,1,1,eindeutig_zugeordnet
17846,48.184561,16.344175,12,12,12,12023,1202,91202,12A,D,zwischen- und nachkriegszeitliche Gebiete hoher Dichte,BD,zwischen- und nachkriegszeitliche Strukturen,point_in_polygon_ray_casting,2026-09-03,1,0,0,43.377,1,1,eindeutig_zugeordnet
17847,48.226043,16.342008,18,18,18,18023,1802,91802,18B,GG,Gründerzeit mit überwiegend größeren Wohnungen,AGGGH,gründerzeitliche Gebiete,point_in_polygon_ray_casting,2026-09-03,1,0,0,19.237,1,1,eindeutig_zugeordnet
17848,48.175392,16.384181,10,10,10,10021,1002,91002,10B,D,zwischen- und nachkriegszeitliche Gebiete hoher Dichte,BD,zwischen- und nachkriegszeitliche Strukturen,point_in_polygon_ray_casting,2026-09-03,1,0,0,80.970,1,1,eindeutig_zugeordnet
17849,48.180184,16.408704,11,11,11,11030,1103,91103,11B,JA,Gebiete dominiert durch Bauten von 1961 bis 1991,JAN,"Mischgebiete der jüngeren Vergangenheit, Neubau- und Stadterweiterungsgebiete",point_in_polygon_ray_casting,2026-09-03,1,0,0,55.457,1,1,eindeutig_zugeordnet
17850,48.213056,16.315845,16,16,16,16045,1604,91604,16C,JA,Gebiete dominiert durch Bauten von 1961 bis 1991,JAN,"Mischgebiete der jüngeren Vergangenheit, Neubau- und Stadterweiterungsgebiete",point_in_polygon_ray_casting,2026-09-03,1,0,0,7.668,1,1,eindeutig_zugeordnet
17851,48.235508,16.366272,20,20,20,20061,2006,92006,20B,JA,Gebiete dominiert durch Bauten von 1961 bis 1991,JAN,"Mischgebiete der jüngeren Vergangenheit, Neubau- und Stadterweiterungsgebiete",point_in_polygon_ray_casting,2026-09-03,1,0,0,44.228,1,1,eindeutig_zugeordnet
17852,48.187803,16.373490,4,4,4,04027,0402,90402,4B,D,zwischen- und nachkriegszeitliche Gebiete hoher Dichte,BD,zwischen- und nachkriegszeitliche Strukturen,point_in_polygon_ray_casting,2026-09-03,1,0,0,28.431,1,1,eindeutig_zugeordnet
17853,48.175481,16.295612,13,13,13,13071,1307,91307,13A,X,heterogene Bebauung mit Überhang an Einfamilien- und Reihenhäusern,CXY,stark durchmischte Gebiete geringerer Dichte,point_in_polygon_ray_casting,2026-09-03,1,0,0,57.695,1,1,eindeutig_zugeordnet
17854,48.204602,16.276784,14,14,14,14080,1408,91408,14D,R,Einfamilienhäuser und Kleingärten,RT,Einfamilienhausgebiete bzw. stark durchgrünte Strukturen,point_in_polygon_ray_casting,2026-09-03,1,0,0,123.475,1,1,eindeutig_zugeordnet
17855,48.127509,16.314264,23,23,23,23051,2305,92305,23C,C,Bebauung mit überwiegend durchgrüntem Geschoßwohnbau,CXY,stark durchmischte Gebiete geringerer Dichte,point_in_polygon_ray_casting,2026-09-03,1,0,0,104.845,1,1,eindeutig_zugeordnet
17856,48.258846,16.434486,21,21,21,21250,2125,92125,21D,Y,heterogene Bebauung mit Überhang an Geschoßwohnungen,CXY,stark durchmischte Gebiete geringerer Dichte,point_in_polygon_ray_casting,2026-09-03,1,0,0,56.514,1,1,eindeutig_zugeordnet
17857,48.254233,16.407309,21,21,21,21230,2123,92123,21D,G,Gründerzeit mit überwiegend kleineren Wohnungen,AGGGH,gründerzeitliche Gebiete,point_in_polygon_ray_casting,2026-09-03,1,0,0,23.050,1,1,eindeutig_zugeordnet
17860,48.244239,16.341219,19,19,19,19082,1908,91908,19C,C,Bebauung mit überwiegend durchgrüntem Geschoßwohnbau,CXY,stark durchmischte Gebiete geringerer Dichte,point_in_polygon_ray_casting,2026-09-03,1,0,0,78.710,1,1,eindeutig_zugeordnet
17861,48.221891,16.366560,9,9,9,09027,0902,90902,9B,GG,Gründerzeit mit überwiegend größeren Wohnungen,AGGGH,gründerzeitliche Gebiete,point_in_polygon_ray_casting,2026-09-03,1,0,0,15.961,1,1,eindeutig_zugeordnet
17862,48.174354,16.400280,11,11,11,11041,1104,91104,11B,JN,Neubau ab 1991 und Stadterweiterung,JAN,"Mischgebiete der jüngeren Vergangenheit, Neubau- und Stadterweiterungsgebiete",point_in_polygon_ray_casting,2026-09-03,1,0,0,59.167,1,1,eindeutig_zugeordnet
17858,48.193603,16.406444,3,3,3,03071,0307,90307,3E,B,zwischen- und nachkriegszeitliche Gebiete mittlerer Dichte,BD,zwischen- und nachkriegszeitliche Strukturen,point_in_polygon_ray_casting,2026-09-03,1,0,0,58.731,1,1,eindeutig_zugeordnet
17859,48.186537,16.371657,4,4,4,04042,0404,90404,4B,D,zwischen- und nachkriegszeitliche Gebiete hoher Dichte,BD,zwischen- und nachkriegszeitliche Strukturen,point_in_polygon_ray_casting,2026-09-03,1,0,0,29.676,1,1,eindeutig_zugeordnet
17864,48.200830,16.320221,15,15,15,15075,1507,91507,15A,D,zwischen- und nachkriegszeitliche Gebiete hoher Dichte,BD,zwischen- und nachkriegszeitliche Strukturen,point_in_polygon_ray_casting,2026-09-03,1,0,0,19.604,1,1,eindeutig_zugeordnet
17865,48.218149,16.489519,22,22,22,22230,2223,92223,22I,X,heterogene Bebauung mit Überhang an Einfamilien- und Reihenhäusern,CXY,stark durchmischte Gebiete geringerer Dichte,point_in_polygon_ray_casting,2026-09-03,1,0,0,189.073,1,1,eindeutig_zugeordnet
17866,48.141267,16.296645,23,23,23,23075,2307,92307,23C,C,Bebauung mit überwiegend durchgrüntem Geschoßwohnbau,CXY,stark durchmischte Gebiete geringerer Dichte,point_in_polygon_ray_casting,2026-09-03,1,0,0,3.904,1,1,eindeutig_zugeordnet
17867,48.171016,16.351266,10,10,10,10084,1008,91008,10F,Z,überwiegend städtische Infrastruktur und sonstige Nutzungen,ZI,industriell-gewerblich oder durch sonstige Nutzungen dominierte Gebiete,point_in_polygon_ray_casting,2026-09-03,1,0,0,41.004,1,1,eindeutig_zugeordnet
17863,48.180752,16.414917,11,11,11,11023,1102,91102,11A,JN,Neubau ab 1991 und Stadterweiterung,JAN,"Mischgebiete der jüngeren Vergangenheit, Neubau- und Stadterweiterungsgebiete",point_in_polygon_ray_casting,2026-09-03,1,0,0,70.821,1,1,eindeutig_zugeordnet
17868,48.204100,16.256691,14,14,14,14102,1410,91410,14E,C,Bebauung mit überwiegend durchgrüntem Geschoßwohnbau,CXY,stark durchmischte Gebiete geringerer Dichte,point_in_polygon_ray_casting,2026-09-03,1,0,0,114.855,1,1,eindeutig_zugeordnet
17870,48.144296,16.298561,23,23,23,23072,2307,92307,23C,X,heterogene Bebauung mit Überhang an Einfamilien- und Reihenhäusern,CXY,stark durchmischte Gebiete geringerer Dichte,point_in_polygon_ray_casting,2026-09-03,1,0,0,54.130,1,1,eindeutig_zugeordnet
17871,48.238262,16.364190,20,20,20,20042,2004,92004,20A,G,Gründerzeit mit überwiegend kleineren Wohnungen,AGGGH,gründerzeitliche Gebiete,point_in_polygon_ray_casting,2026-09-03,1,0,0,44.206,1,1,eindeutig_zugeordnet
17872,48.195061,16.352477,6,6,6,06025,0602,90602,6A,GG,Gründerzeit mit überwiegend größeren Wohnungen,AGGGH,gründerzeitliche Gebiete,point_in_polygon_ray_casting,2026-09-03,1,0,0,42.558,1,1,eindeutig_zugeordnet
17873,48.190551,16.327383,15,15,15,15055,1505,91505,15C,G,Gründerzeit mit überwiegend kleineren Wohnungen,AGGGH,gründerzeitliche Gebiete,point_in_polygon_ray_casting,2026-09-03,1,0,0,17.064,1,1,eindeutig_zugeordnet
17874,48.277566,16.385233,21,21,21,21151,2115,92115,21F,JN,Neubau ab 1991 und Stadterweiterung,JAN,"Mischgebiete der jüngeren Vergangenheit, Neubau- und Stadterweiterungsgebiete",point_in_polygon_ray_casting,2026-09-03,1,0,0,106.716,1,1,eindeutig_zugeordnet
17869,48.216021,16.384985,2,2,2,02051,0205,90205,2B,GG,Gründerzeit mit überwiegend größeren Wohnungen,AGGGH,gründerzeitliche Gebiete,point_in_polygon_ray_casting,2026-09-03,1,0,0,49.881,1,1,eindeutig_zugeordnet
17875,48.229202,16.416708,22,22,22,22112,2211,92211,22F,B,zwischen- und nachkriegszeitliche Gebiete mittlerer Dichte,BD,zwischen- und nachkriegszeitliche Strukturen,point_in_polygon_ray_casting,2026-09-03,1,0,0,35.538,1,1,eindeutig_zugeordnet
17876,48.220238,16.401911,2,2,2,02074,0207,90207,2E,D,zwischen- und nachkriegszeitliche Gebiete hoher Dichte,BD,zwischen- und nachkriegszeitliche Strukturen,point_in_polygon_ray_casting,2026-09-03,1,0,0,54.428,1,1,eindeutig_zugeordnet
17877,48.190817,16.390873,3,3,3,03046,0304,90304,3C,G,Gründerzeit mit überwiegend kleineren Wohnungen,AGGGH,gründerzeitliche Gebiete,point_in_polygon_ray_casting,2026-09-03,1,0,0,28.127,1,1,eindeutig_zugeordnet
17878,48.221167,16.460986,22,22,22,22180,2218,92218,22I,C,Bebauung mit überwiegend durchgrüntem Geschoßwohnbau,CXY,stark durchmischte Gebiete geringerer Dichte,point_in_polygon_ray_casting,2026-09-03,1,0,0,74.163,1,1,eindeutig_zugeordnet
17879,48.219326,16.303432,16,16,16,16063,1606,91606,16D,JA,Gebiete dominiert durch Bauten von 1961 bis 1991,JAN,"Mischgebiete der jüngeren Vergangenheit, Neubau- und Stadterweiterungsgebiete",point_in_polygon_ray_casting,2026-09-03,1,0,0,47.384,1,1,eindeutig_zugeordnet
17994,48.196959,16.390636,3,3,3,03098,0309,90309,3B,GG,Gründerzeit mit überwiegend größeren Wohnungen,AGGGH,gründerzeitliche Gebiete,point_in_polygon_ray_casting,2026-09-03,1,0,0,30.592,1,1,eindeutig_zugeordnet
17995,48.152998,16.368131,10,10,10,10135,1013,91013,10H,R,Einfamilienhäuser und Kleingärten,RT,Einfamilienhausgebiete bzw. stark durchgrünte Strukturen,point_in_polygon_ray_casting,2026-09-03,1,0,0,172.335,1,1,eindeutig_zugeordnet
17996,48.166056,16.318542,12,12,12,12100,1210,91210,12D,B,zwischen- und nachkriegszeitliche Gebiete mittlerer Dichte,BD,zwischen- und nachkriegszeitliche Strukturen,point_in_polygon_ray_casting,2026-09-03,1,0,0,72.051,1,1,eindeutig_zugeordnet
17997,48.263182,16.364936,19,19,19,19010,1901,91901,19A,R,Einfamilienhäuser und Kleingärten,RT,Einfamilienhausgebiete bzw. stark durchgrünte Strukturen,point_in_polygon_ray_casting,2026-09-03,1,0,0,26.998,1,1,eindeutig_zugeordnet
17993,48.148095,16.294891,23,23,23,23071,2307,92307,23C,C,Bebauung mit überwiegend durchgrüntem Geschoßwohnbau,CXY,stark durchmischte Gebiete geringerer Dichte,point_in_polygon_ray_casting,2026-09-03,1,0,0,74.384,1,1,eindeutig_zugeordnet
18088,48.228429,16.358380,9,9,9,09015,0901,90901,9A,D,zwischen- und nachkriegszeitliche Gebiete hoher Dichte,BD,zwischen- und nachkriegszeitliche Strukturen,point_in_polygon_ray_casting,2026-09-03,1,0,0,22.760,1,1,eindeutig_zugeordnet
18089,48.244773,16.319842,19,19,19,19102,1910,91910,19A,R,Einfamilienhäuser und Kleingärten,RT,Einfamilienhausgebiete bzw. stark durchgrünte Strukturen,point_in_polygon_ray_casting,2026-09-03,1,0,0,74.455,1,1,eindeutig_zugeordnet
18090,48.237632,16.320107,18,18,18,18052,1805,91805,18A,H,Cottages,AGGGH,gründerzeitliche Gebiete,point_in_polygon_ray_casting,2026-09-03,1,0,0,59.230,1,1,eindeutig_zugeordnet
18091,48.222640,16.364635,9,9,9,09025,0902,90902,9B,G,Gründerzeit mit überwiegend kleineren Wohnungen,AGGGH,gründerzeitliche Gebiete,point_in_polygon_ray_casting,2026-09-03,1,0,0,65.472,1,1,eindeutig_zugeordnet
18092,48.214735,16.344168,8,8,8,08031,0803,90803,8A,GG,Gründerzeit mit überwiegend größeren Wohnungen,AGGGH,gründerzeitliche Gebiete,point_in_polygon_ray_casting,2026-09-03,1,0,0,58.482,1,1,eindeutig_zugeordnet
18093,48.245867,16.378099,20,20,20,20012,2001,92001,20A,D,zwischen- und nachkriegszeitliche Gebiete hoher Dichte,BD,zwischen- und nachkriegszeitliche Strukturen,point_in_polygon_ray_casting,2026-09-03,1,0,0,88.583,1,1,eindeutig_zugeordnet
18094,48.154770,16.395852,10,10,10,10160,1016,91016,10J,B,zwischen- und nachkriegszeitliche Gebiete mittlerer Dichte,BD,zwischen- und nachkriegszeitliche Strukturen,point_in_polygon_ray_casting,2026-09-03,1,0,0,36.060,1,1,eindeutig_zugeordnet
18165,48.168340,16.373439,10,10,10,10056,1005,91005,10G,D,zwischen- und nachkriegszeitliche Gebiete hoher Dichte,BD,zwischen- und nachkriegszeitliche Strukturen,point_in_polygon_ray_casting,2026-09-03,1,0,0,22.030,1,1,eindeutig_zugeordnet
18166,48.197263,16.308334,14,14,14,14021,1402,91402,14A,D,zwischen- und nachkriegszeitliche Gebiete hoher Dichte,BD,zwischen- und nachkriegszeitliche Strukturen,point_in_polygon_ray_casting,2026-09-03,1,0,0,52.761,1,1,eindeutig_zugeordnet
18167,48.206961,16.395381,3,3,3,03019,0301,90301,3A,GG,Gründerzeit mit überwiegend größeren Wohnungen,AGGGH,gründerzeitliche Gebiete,point_in_polygon_ray_casting,2026-09-03,1,0,0,91.791,1,1,eindeutig_zugeordnet
18168,48.188861,16.359501,5,5,5,05017,0501,90501,5A,GG,Gründerzeit mit überwiegend größeren Wohnungen,AGGGH,gründerzeitliche Gebiete,point_in_polygon_ray_casting,2026-09-03,1,0,0,70.835,1,1,eindeutig_zugeordnet
17915,48.195619,16.367914,4,4,4,04037,0403,90403,4A,GG,Gründerzeit mit überwiegend größeren Wohnungen,AGGGH,gründerzeitliche Gebiete,point_in_polygon_ray_casting,2026-09-03,1,0,0,48.950,1,1,eindeutig_zugeordnet
17916,48.168974,16.374473,10,10,10,10055,1005,91005,10G,G,Gründerzeit mit überwiegend kleineren Wohnungen,AGGGH,gründerzeitliche Gebiete,point_in_polygon_ray_casting,2026-09-03,1,0,0,13.835,1,1,eindeutig_zugeordnet
17917,48.192835,16.387630,3,3,3,03043,0304,90304,3C,G,Gründerzeit mit überwiegend kleineren Wohnungen,AGGGH,gründerzeitliche Gebiete,point_in_polygon_ray_casting,2026-09-03,1,0,0,13.433,1,1,eindeutig_zugeordnet
17918,48.222390,16.331639,17,17,17,17015,1701,91701,17A,G,Gründerzeit mit überwiegend kleineren Wohnungen,AGGGH,gründerzeitliche Gebiete,point_in_polygon_ray_casting,2026-09-03,1,0,0,40.286,1,1,eindeutig_zugeordnet
17919,48.223058,16.310688,17,17,17,17030,1703,91703,17B,D,zwischen- und nachkriegszeitliche Gebiete hoher Dichte,BD,zwischen- und nachkriegszeitliche Strukturen,point_in_polygon_ray_casting,2026-09-03,1,0,0,28.533,1,1,eindeutig_zugeordnet
17920,48.223790,16.342918,18,18,18,18036,1803,91803,18B,GG,Gründerzeit mit überwiegend größeren Wohnungen,AGGGH,gründerzeitliche Gebiete,point_in_polygon_ray_casting,2026-09-03,1,0,0,71.168,1,1,eindeutig_zugeordnet
17921,48.177082,16.323353,12,12,12,12071,1207,91207,12C,B,zwischen- und nachkriegszeitliche Gebiete mittlerer Dichte,BD,zwischen- und nachkriegszeitliche Strukturen,point_in_polygon_ray_casting,2026-09-03,1,0,0,18.204,1,1,eindeutig_zugeordnet
17998,48.172149,16.364424,10,10,10,10072,1007,91007,10F,JA,Gebiete dominiert durch Bauten von 1961 bis 1991,JAN,"Mischgebiete der jüngeren Vergangenheit, Neubau- und Stadterweiterungsgebiete",point_in_polygon_ray_casting,2026-09-03,1,0,0,38.345,1,1,eindeutig_zugeordnet
17999,48.192369,16.349582,6,6,6,06024,0602,90602,6A,GG,Gründerzeit mit überwiegend größeren Wohnungen,AGGGH,gründerzeitliche Gebiete,point_in_polygon_ray_casting,2026-09-03,1,0,0,8.365,1,1,eindeutig_zugeordnet
18000,48.207380,16.395439,3,3,3,03019,0301,90301,3A,GG,Gründerzeit mit überwiegend größeren Wohnungen,AGGGH,gründerzeitliche Gebiete,point_in_polygon_ray_casting,2026-09-03,1,0,0,86.906,1,1,eindeutig_zugeordnet
18001,48.194681,16.316861,15,15,15,15065,1506,91506,15B,G,Gründerzeit mit überwiegend kleineren Wohnungen,AGGGH,gründerzeitliche Gebiete,point_in_polygon_ray_casting,2026-09-03,1,0,0,28.829,1,1,eindeutig_zugeordnet
18002,48.130727,16.314040,23,23,23,23050,2305,92305,23C,X,heterogene Bebauung mit Überhang an Einfamilien- und Reihenhäusern,CXY,stark durchmischte Gebiete geringerer Dichte,point_in_polygon_ray_casting,2026-09-03,1,0,0,180.647,1,1,eindeutig_zugeordnet
18003,48.230071,16.368037,20,20,20,20056,2005,92005,20D,G,Gründerzeit mit überwiegend kleineren Wohnungen,AGGGH,gründerzeitliche Gebiete,point_in_polygon_ray_casting,2026-09-03,1,0,0,32.803,1,1,eindeutig_zugeordnet
18004,48.217914,16.325719,17,17,17,17038,1703,91703,17B,G,Gründerzeit mit überwiegend kleineren Wohnungen,AGGGH,gründerzeitliche Gebiete,point_in_polygon_ray_casting,2026-09-03,1,0,0,14.763,1,1,eindeutig_zugeordnet
18005,48.187784,16.326972,15,15,15,15056,1505,91505,15C,JA,Gebiete dominiert durch Bauten von 1961 bis 1991,JAN,"Mischgebiete der jüngeren Vergangenheit, Neubau- und Stadterweiterungsgebiete",point_in_polygon_ray_casting,2026-09-03,1,0,0,71.646,1,1,eindeutig_zugeordnet
18006,48.243924,16.452533,22,22,22,22142,2214,92214,22E,C,Bebauung mit überwiegend durchgrüntem Geschoßwohnbau,CXY,stark durchmischte Gebiete geringerer Dichte,point_in_polygon_ray_casting,2026-09-03,1,0,0,70.356,1,1,eindeutig_zugeordnet
18007,48.197110,16.320996,15,15,15,15064,1506,91506,15B,G,Gründerzeit mit überwiegend kleineren Wohnungen,AGGGH,gründerzeitliche Gebiete,point_in_polygon_ray_casting,2026-09-03,1,0,0,38.665,1,1,eindeutig_zugeordnet
18008,48.255250,16.413382,21,21,21,21232,2123,92123,21D,JA,Gebiete dominiert durch Bauten von 1961 bis 1991,JAN,"Mischgebiete der jüngeren Vergangenheit, Neubau- und Stadterweiterungsgebiete",point_in_polygon_ray_casting,2026-09-03,1,0,0,106.498,1,1,eindeutig_zugeordnet
18095,48.231157,16.296957,17,17,17,17050,1705,91705,17C,R,Einfamilienhäuser und Kleingärten,RT,Einfamilienhausgebiete bzw. stark durchgrünte Strukturen,point_in_polygon_ray_casting,2026-09-03,1,0,0,88.609,1,1,eindeutig_zugeordnet
18096,48.191396,16.336400,15,15,15,15037,1503,91503,15C,G,Gründerzeit mit überwiegend kleineren Wohnungen,AGGGH,gründerzeitliche Gebiete,point_in_polygon_ray_casting,2026-09-03,1,0,0,22.882,1,1,eindeutig_zugeordnet
18097,48.220149,16.375499,2,2,2,02035,0203,90203,2C,GG,Gründerzeit mit überwiegend größeren Wohnungen,AGGGH,gründerzeitliche Gebiete,point_in_polygon_ray_casting,2026-09-03,1,0,0,57.991,1,1,eindeutig_zugeordnet
18098,48.242861,16.379564,20,20,20,20076,2007,92007,20B,D,zwischen- und nachkriegszeitliche Gebiete hoher Dichte,BD,zwischen- und nachkriegszeitliche Strukturen,point_in_polygon_ray_casting,2026-09-03,1,0,0,29.773,1,1,eindeutig_zugeordnet
18169,48.206820,16.320076,16,16,16,16034,1603,91603,16B,D,zwischen- und nachkriegszeitliche Gebiete hoher Dichte,BD,zwischen- und nachkriegszeitliche Strukturen,point_in_polygon_ray_casting,2026-09-03,1,0,0,46.138,1,1,eindeutig_zugeordnet
18170,48.239498,16.452947,22,22,22,22160,2216,92216,22E,Y,heterogene Bebauung mit Überhang an Geschoßwohnungen,CXY,stark durchmischte Gebiete geringerer Dichte,point_in_polygon_ray_casting,2026-09-03,1,0,0,49.960,1,1,eindeutig_zugeordnet
18171,48.197844,16.307656,14,14,14,14021,1402,91402,14A,D,zwischen- und nachkriegszeitliche Gebiete hoher Dichte,BD,zwischen- und nachkriegszeitliche Strukturen,point_in_polygon_ray_casting,2026-09-03,1,0,0,57.477,1,1,eindeutig_zugeordnet
18172,48.221954,16.322122,17,17,17,17035,1703,91703,17B,D,zwischen- und nachkriegszeitliche Gebiete hoher Dichte,BD,zwischen- und nachkriegszeitliche Strukturen,point_in_polygon_ray_casting,2026-09-03,1,0,0,22.733,1,1,eindeutig_zugeordnet
18173,48.214310,16.349235,8,8,8,08011,0801,90801,8A,G,Gründerzeit mit überwiegend kleineren Wohnungen,AGGGH,gründerzeitliche Gebiete,point_in_polygon_ray_casting,2026-09-03,1,0,0,20.665,1,1,eindeutig_zugeordnet
17922,48.282093,16.486366,22,22,22,22010,2201,92201,22A,R,Einfamilienhäuser und Kleingärten,RT,Einfamilienhausgebiete bzw. stark durchgrünte Strukturen,point_in_polygon_ray_casting,2026-09-03,1,0,0,20.812,1,1,eindeutig_zugeordnet
17923,48.200164,16.328412,15,15,15,15018,1501,91501,15A,D,zwischen- und nachkriegszeitliche Gebiete hoher Dichte,BD,zwischen- und nachkriegszeitliche Strukturen,point_in_polygon_ray_casting,2026-09-03,1,0,0,23.880,1,1,eindeutig_zugeordnet
17924,48.175429,16.296274,13,13,13,13071,1307,91307,13A,X,heterogene Bebauung mit Überhang an Einfamilien- und Reihenhäusern,CXY,stark durchmischte Gebiete geringerer Dichte,point_in_polygon_ray_casting,2026-09-03,1,0,0,30.503,1,1,eindeutig_zugeordnet
17925,48.218696,16.386838,2,2,2,02050,0205,90205,2B,GG,Gründerzeit mit überwiegend größeren Wohnungen,AGGGH,gründerzeitliche Gebiete,point_in_polygon_ray_casting,2026-09-03,1,0,0,8.319,1,1,eindeutig_zugeordnet
17926,48.246591,16.439227,22,22,22,22130,2213,92213,22G,JA,Gebiete dominiert durch Bauten von 1961 bis 1991,JAN,"Mischgebiete der jüngeren Vergangenheit, Neubau- und Stadterweiterungsgebiete",point_in_polygon_ray_casting,2026-09-03,1,0,0,12.725,1,1,eindeutig_zugeordnet
18009,48.177476,16.333472,12,12,12,12043,1204,91204,12B,JA,Gebiete dominiert durch Bauten von 1961 bis 1991,JAN,"Mischgebiete der jüngeren Vergangenheit, Neubau- und Stadterweiterungsgebiete",point_in_polygon_ray_casting,2026-09-03,1,0,0,40.899,1,1,eindeutig_zugeordnet
18010,48.190599,16.330361,15,15,15,15055,1505,91505,15C,G,Gründerzeit mit überwiegend kleineren Wohnungen,AGGGH,gründerzeitliche Gebiete,point_in_polygon_ray_casting,2026-09-03,1,0,0,60.212,1,1,eindeutig_zugeordnet
18011,48.189957,16.339350,6,6,6,06020,0602,90602,6A,G,Gründerzeit mit überwiegend kleineren Wohnungen,AGGGH,gründerzeitliche Gebiete,point_in_polygon_ray_casting,2026-09-03,1,0,0,64.639,1,1,eindeutig_zugeordnet
18012,48.187584,16.351989,5,5,5,05032,0503,90503,5C,G,Gründerzeit mit überwiegend kleineren Wohnungen,AGGGH,gründerzeitliche Gebiete,point_in_polygon_ray_casting,2026-09-03,1,0,0,24.676,1,1,eindeutig_zugeordnet
18013,48.183359,16.339817,12,12,12,12021,1202,91202,12A,G,Gründerzeit mit überwiegend kleineren Wohnungen,AGGGH,gründerzeitliche Gebiete,point_in_polygon_ray_casting,2026-09-03,1,0,0,12.446,1,1,eindeutig_zugeordnet
18101,48.201114,16.304495,14,14,14,14011,1401,91401,14A,JA,Gebiete dominiert durch Bauten von 1961 bis 1991,JAN,"Mischgebiete der jüngeren Vergangenheit, Neubau- und Stadterweiterungsgebiete",point_in_polygon_ray_casting,2026-09-03,1,0,0,39.266,1,1,eindeutig_zugeordnet
18102,48.222583,16.333880,17,17,17,17012,1701,91701,17A,G,Gründerzeit mit überwiegend kleineren Wohnungen,AGGGH,gründerzeitliche Gebiete,point_in_polygon_ray_casting,2026-09-03,1,0,0,68.482,1,1,eindeutig_zugeordnet
18103,48.226526,16.401559,2,2,2,02012,0201,90201,2A,D,zwischen- und nachkriegszeitliche Gebiete hoher Dichte,BD,zwischen- und nachkriegszeitliche Strukturen,point_in_polygon_ray_casting,2026-09-03,1,0,0,47.890,1,1,eindeutig_zugeordnet
18099,48.196787,16.350335,6,6,6,06032,0603,90603,6A,GG,Gründerzeit mit überwiegend größeren Wohnungen,AGGGH,gründerzeitliche Gebiete,point_in_polygon_ray_casting,2026-09-03,1,0,0,57.653,1,1,eindeutig_zugeordnet
18100,48.165562,16.358796,10,10,10,10112,1011,91011,10H,B,zwischen- und nachkriegszeitliche Gebiete mittlerer Dichte,BD,zwischen- und nachkriegszeitliche Strukturen,point_in_polygon_ray_casting,2026-09-03,1,0,0,17.715,1,1,eindeutig_zugeordnet
18177,48.194655,16.355020,5,5,5,05010,0501,90501,5A,GG,Gründerzeit mit überwiegend größeren Wohnungen,AGGGH,gründerzeitliche Gebiete,point_in_polygon_ray_casting,2026-09-03,1,0,0,51.036,1,1,eindeutig_zugeordnet
18178,48.223334,16.323355,17,17,17,17035,1703,91703,17B,D,zwischen- und nachkriegszeitliche Gebiete hoher Dichte,BD,zwischen- und nachkriegszeitliche Strukturen,point_in_polygon_ray_casting,2026-09-03,1,0,0,49.384,1,1,eindeutig_zugeordnet
18179,48.238651,16.317773,18,18,18,18052,1805,91805,18A,H,Cottages,AGGGH,gründerzeitliche Gebiete,point_in_polygon_ray_casting,2026-09-03,1,0,0,45.058,1,1,eindeutig_zugeordnet
18174,48.182600,16.331892,12,12,12,12051,1205,91205,12B,GG,Gründerzeit mit überwiegend größeren Wohnungen,AGGGH,gründerzeitliche Gebiete,point_in_polygon_ray_casting,2026-09-03,1,0,0,5.638,1,1,eindeutig_zugeordnet
18175,48.212696,16.471813,22,22,22,22241,2224,92224,22H,X,heterogene Bebauung mit Überhang an Einfamilien- und Reihenhäusern,CXY,stark durchmischte Gebiete geringerer Dichte,point_in_polygon_ray_casting,2026-09-03,1,0,0,107.552,1,1,eindeutig_zugeordnet
18176,48.204505,16.392174,3,3,3,03026,0302,90302,3A,JA,Gebiete dominiert durch Bauten von 1961 bis 1991,JAN,"Mischgebiete der jüngeren Vergangenheit, Neubau- und Stadterweiterungsgebiete",point_in_polygon_ray_casting,2026-09-03,1,0,0,22.816,1,1,eindeutig_zugeordnet
18180,48.190730,16.361820,5,5,5,05016,0501,90501,5A,G,Gründerzeit mit überwiegend kleineren Wohnungen,AGGGH,gründerzeitliche Gebiete,point_in_polygon_ray_casting,2026-09-03,1,0,0,9.486,1,1,eindeutig_zugeordnet
18181,48.217327,16.415429,2,2,2,02095,0209,90209,2E,D,zwischen- und nachkriegszeitliche Gebiete hoher Dichte,BD,zwischen- und nachkriegszeitliche Strukturen,point_in_polygon_ray_casting,2026-09-03,1,0,0,50.959,1,1,eindeutig_zugeordnet
17928,48.189187,16.327011,15,15,15,15054,1505,91505,15C,JA,Gebiete dominiert durch Bauten von 1961 bis 1991,JAN,"Mischgebiete der jüngeren Vergangenheit, Neubau- und Stadterweiterungsgebiete",point_in_polygon_ray_casting,2026-09-03,1,0,0,28.435,1,1,eindeutig_zugeordnet
17929,48.191407,16.297884,14,14,14,14033,1403,91403,14B,GG,Gründerzeit mit überwiegend größeren Wohnungen,AGGGH,gründerzeitliche Gebiete,point_in_polygon_ray_casting,2026-09-03,1,0,0,23.255,1,1,eindeutig_zugeordnet
17930,48.209409,16.389051,3,3,3,03015,0301,90301,3A,GG,Gründerzeit mit überwiegend größeren Wohnungen,AGGGH,gründerzeitliche Gebiete,point_in_polygon_ray_casting,2026-09-03,1,0,0,30.036,1,1,eindeutig_zugeordnet
17931,48.211415,16.329901,16,16,16,16014,1601,91601,16A,JA,Gebiete dominiert durch Bauten von 1961 bis 1991,JAN,"Mischgebiete der jüngeren Vergangenheit, Neubau- und Stadterweiterungsgebiete",point_in_polygon_ray_casting,2026-09-03,1,0,0,50.573,1,1,eindeutig_zugeordnet
17927,48.236338,16.288224,17,17,17,17061,1706,91706,17C,R,Einfamilienhäuser und Kleingärten,RT,Einfamilienhausgebiete bzw. stark durchgrünte Strukturen,point_in_polygon_ray_casting,2026-09-03,1,0,0,193.364,1,1,eindeutig_zugeordnet
17932,48.227933,16.337998,18,18,18,18023,1802,91802,18B,GG,Gründerzeit mit überwiegend größeren Wohnungen,AGGGH,gründerzeitliche Gebiete,point_in_polygon_ray_casting,2026-09-03,1,0,0,9.240,1,1,eindeutig_zugeordnet
18014,48.145582,16.285908,23,23,23,23101,2310,92310,23D,C,Bebauung mit überwiegend durchgrüntem Geschoßwohnbau,CXY,stark durchmischte Gebiete geringerer Dichte,point_in_polygon_ray_casting,2026-09-03,1,0,0,110.240,1,1,eindeutig_zugeordnet
18015,48.175693,16.279881,13,13,13,13091,1309,91309,13C,R,Einfamilienhäuser und Kleingärten,RT,Einfamilienhausgebiete bzw. stark durchgrünte Strukturen,point_in_polygon_ray_casting,2026-09-03,1,0,0,41.366,1,1,eindeutig_zugeordnet
18016,48.249921,16.376331,20,20,20,20011,2001,92001,20A,JN,Neubau ab 1991 und Stadterweiterung,JAN,"Mischgebiete der jüngeren Vergangenheit, Neubau- und Stadterweiterungsgebiete",point_in_polygon_ray_casting,2026-09-03,1,0,0,53.400,1,1,eindeutig_zugeordnet
18104,48.225899,16.357851,9,9,9,09016,0901,90901,9A,D,zwischen- und nachkriegszeitliche Gebiete hoher Dichte,BD,zwischen- und nachkriegszeitliche Strukturen,point_in_polygon_ray_casting,2026-09-03,1,0,0,4.253,1,1,eindeutig_zugeordnet
18105,48.215059,16.417743,2,2,2,02096,0209,90209,2E,JA,Gebiete dominiert durch Bauten von 1961 bis 1991,JAN,"Mischgebiete der jüngeren Vergangenheit, Neubau- und Stadterweiterungsgebiete",point_in_polygon_ray_casting,2026-09-03,1,0,0,92.441,1,1,eindeutig_zugeordnet
18106,48.228039,16.424612,22,22,22,22115,2211,92211,22F,JA,Gebiete dominiert durch Bauten von 1961 bis 1991,JAN,"Mischgebiete der jüngeren Vergangenheit, Neubau- und Stadterweiterungsgebiete",point_in_polygon_ray_casting,2026-09-03,1,0,0,44.042,1,1,eindeutig_zugeordnet
18107,48.222101,16.333809,17,17,17,17012,1701,91701,17A,G,Gründerzeit mit überwiegend kleineren Wohnungen,AGGGH,gründerzeitliche Gebiete,point_in_polygon_ray_casting,2026-09-03,1,0,0,20.741,1,1,eindeutig_zugeordnet
18199,48.141081,16.386769,10,10,10,10194,1019,91019,10J,R,Einfamilienhäuser und Kleingärten,RT,Einfamilienhausgebiete bzw. stark durchgrünte Strukturen,point_in_polygon_ray_casting,2026-09-03,1,0,0,52.665,1,1,eindeutig_zugeordnet
18200,48.199314,16.401479,3,3,3,03101,0310,90310,3D,G,Gründerzeit mit überwiegend kleineren Wohnungen,AGGGH,gründerzeitliche Gebiete,point_in_polygon_ray_casting,2026-09-03,1,0,0,67.651,1,1,eindeutig_zugeordnet
18201,48.196005,16.404925,3,3,3,03066,0306,90306,3D,G,Gründerzeit mit überwiegend kleineren Wohnungen,AGGGH,gründerzeitliche Gebiete,point_in_polygon_ray_casting,2026-09-03,1,0,0,3.647,1,1,eindeutig_zugeordnet
18202,48.158398,16.473207,11,11,11,11112,1111,91111,11D,C,Bebauung mit überwiegend durchgrüntem Geschoßwohnbau,CXY,stark durchmischte Gebiete geringerer Dichte,point_in_polygon_ray_casting,2026-09-03,1,0,0,99.109,1,1,eindeutig_zugeordnet
17933,48.229791,16.345158,18,18,18,18027,1802,91802,18B,GG,Gründerzeit mit überwiegend größeren Wohnungen,AGGGH,gründerzeitliche Gebiete,point_in_polygon_ray_casting,2026-09-03,1,0,0,29.394,1,1,eindeutig_zugeordnet
17934,48.158070,16.330368,12,12,12,12091,1209,91209,12D,Y,heterogene Bebauung mit Überhang an Geschoßwohnungen,CXY,stark durchmischte Gebiete geringerer Dichte,point_in_polygon_ray_casting,2026-09-03,1,0,0,195.407,1,1,eindeutig_zugeordnet
17935,48.207759,16.395334,3,3,3,03019,0301,90301,3A,GG,Gründerzeit mit überwiegend größeren Wohnungen,AGGGH,gründerzeitliche Gebiete,point_in_polygon_ray_casting,2026-09-03,1,0,0,87.490,1,1,eindeutig_zugeordnet
17936,48.226935,16.356205,9,9,9,09013,0901,90901,9A,GG,Gründerzeit mit überwiegend größeren Wohnungen,AGGGH,gründerzeitliche Gebiete,point_in_polygon_ray_casting,2026-09-03,1,0,0,27.376,1,1,eindeutig_zugeordnet
17937,48.208079,16.318394,16,16,16,16034,1603,91603,16B,D,zwischen- und nachkriegszeitliche Gebiete hoher Dichte,BD,zwischen- und nachkriegszeitliche Strukturen,point_in_polygon_ray_casting,2026-09-03,1,0,0,36.870,1,1,eindeutig_zugeordnet
18017,48.185054,16.337783,12,12,12,12012,1201,91201,12A,JA,Gebiete dominiert durch Bauten von 1961 bis 1991,JAN,"Mischgebiete der jüngeren Vergangenheit, Neubau- und Stadterweiterungsgebiete",point_in_polygon_ray_casting,2026-09-03,1,0,0,53.288,1,1,eindeutig_zugeordnet
18018,48.184152,16.408513,11,11,11,11020,1102,91102,11A,B,zwischen- und nachkriegszeitliche Gebiete mittlerer Dichte,BD,zwischen- und nachkriegszeitliche Strukturen,point_in_polygon_ray_casting,2026-09-03,1,0,0,26.957,1,1,eindeutig_zugeordnet
18019,48.150341,16.268108,23,23,23,23140,2314,92314,23F,R,Einfamilienhäuser und Kleingärten,RT,Einfamilienhausgebiete bzw. stark durchgrünte Strukturen,point_in_polygon_ray_casting,2026-09-03,1,0,0,56.396,1,1,eindeutig_zugeordnet
18020,48.236432,16.451247,22,22,22,22151,2215,92215,22E,C,Bebauung mit überwiegend durchgrüntem Geschoßwohnbau,CXY,stark durchmischte Gebiete geringerer Dichte,point_in_polygon_ray_casting,2026-09-03,1,0,0,141.719,1,1,eindeutig_zugeordnet
18108,48.242523,16.338489,19,19,19,19085,1908,91908,19C,D,zwischen- und nachkriegszeitliche Gebiete hoher Dichte,BD,zwischen- und nachkriegszeitliche Strukturen,point_in_polygon_ray_casting,2026-09-03,1,0,0,45.166,1,1,eindeutig_zugeordnet
18109,48.192811,16.356723,5,5,5,05012,0501,90501,5A,G,Gründerzeit mit überwiegend kleineren Wohnungen,AGGGH,gründerzeitliche Gebiete,point_in_polygon_ray_casting,2026-09-03,1,0,0,48.328,1,1,eindeutig_zugeordnet
18110,48.211661,16.332785,16,16,16,16015,1601,91601,16A,G,Gründerzeit mit überwiegend kleineren Wohnungen,AGGGH,gründerzeitliche Gebiete,point_in_polygon_ray_casting,2026-09-03,1,0,0,23.857,1,1,eindeutig_zugeordnet
18111,48.189740,16.362312,5,5,5,05019,0501,90501,5A,G,Gründerzeit mit überwiegend kleineren Wohnungen,AGGGH,gründerzeitliche Gebiete,point_in_polygon_ray_casting,2026-09-03,1,0,0,20.222,1,1,eindeutig_zugeordnet
18230,48.180328,16.414899,11,11,11,11023,1102,91102,11A,JN,Neubau ab 1991 und Stadterweiterung,JAN,"Mischgebiete der jüngeren Vergangenheit, Neubau- und Stadterweiterungsgebiete",point_in_polygon_ray_casting,2026-09-03,1,0,0,34.011,1,1,eindeutig_zugeordnet
18231,48.221143,16.409621,2,2,2,02091,0209,90209,2E,JA,Gebiete dominiert durch Bauten von 1961 bis 1991,JAN,"Mischgebiete der jüngeren Vergangenheit, Neubau- und Stadterweiterungsgebiete",point_in_polygon_ray_casting,2026-09-03,1,0,0,85.617,1,1,eindeutig_zugeordnet
18232,48.213832,16.392004,2,2,2,02055,0205,90205,2B,GG,Gründerzeit mit überwiegend größeren Wohnungen,AGGGH,gründerzeitliche Gebiete,point_in_polygon_ray_casting,2026-09-03,1,0,0,57.899,1,1,eindeutig_zugeordnet
18233,48.287555,16.410921,21,21,21,21111,2111,92111,21E,Y,heterogene Bebauung mit Überhang an Geschoßwohnungen,CXY,stark durchmischte Gebiete geringerer Dichte,point_in_polygon_ray_casting,2026-09-03,1,0,0,57.816,1,1,eindeutig_zugeordnet
18234,48.234367,16.369204,20,20,20,20061,2006,92006,20B,JA,Gebiete dominiert durch Bauten von 1961 bis 1991,JAN,"Mischgebiete der jüngeren Vergangenheit, Neubau- und Stadterweiterungsgebiete",point_in_polygon_ray_casting,2026-09-03,1,0,0,46.563,1,1,eindeutig_zugeordnet
18235,48.227147,16.356785,9,9,9,09014,0901,90901,9A,G,Gründerzeit mit überwiegend kleineren Wohnungen,AGGGH,gründerzeitliche Gebiete,point_in_polygon_ray_casting,2026-09-03,1,0,0,20.380,1,1,eindeutig_zugeordnet
18236,48.241615,16.342145,19,19,19,19086,1908,91908,19C,B,zwischen- und nachkriegszeitliche Gebiete mittlerer Dichte,BD,zwischen- und nachkriegszeitliche Strukturen,point_in_polygon_ray_casting,2026-09-03,1,0,0,75.791,1,1,eindeutig_zugeordnet
18237,48.189362,16.309224,14,14,14,14039,1403,91403,14B,GG,Gründerzeit mit überwiegend größeren Wohnungen,AGGGH,gründerzeitliche Gebiete,point_in_polygon_ray_casting,2026-09-03,1,0,0,17.198,1,1,eindeutig_zugeordnet
17938,48.260500,16.414969,21,21,21,21071,2107,92107,21C,Y,heterogene Bebauung mit Überhang an Geschoßwohnungen,CXY,stark durchmischte Gebiete geringerer Dichte,point_in_polygon_ray_casting,2026-09-03,1,0,0,53.241,1,1,eindeutig_zugeordnet
17939,48.238736,16.349704,19,19,19,19043,1904,91904,19B,C,Bebauung mit überwiegend durchgrüntem Geschoßwohnbau,CXY,stark durchmischte Gebiete geringerer Dichte,point_in_polygon_ray_casting,2026-09-03,1,0,0,40.624,1,1,eindeutig_zugeordnet
17940,48.179657,16.343511,12,12,12,12029,1202,91202,12A,Z,überwiegend städtische Infrastruktur und sonstige Nutzungen,ZI,industriell-gewerblich oder durch sonstige Nutzungen dominierte Gebiete,point_in_polygon_ray_casting,2026-09-03,1,0,0,53.047,1,1,eindeutig_zugeordnet
17941,48.185804,16.329022,15,15,15,15041,1504,91504,15C,JN,Neubau ab 1991 und Stadterweiterung,JAN,"Mischgebiete der jüngeren Vergangenheit, Neubau- und Stadterweiterungsgebiete",point_in_polygon_ray_casting,2026-09-03,1,0,0,18.496,1,1,eindeutig_zugeordnet
17942,48.210178,16.321944,16,16,16,16101,1610,91610,16B,D,zwischen- und nachkriegszeitliche Gebiete hoher Dichte,BD,zwischen- und nachkriegszeitliche Strukturen,point_in_polygon_ray_casting,2026-09-03,1,0,0,54.386,1,1,eindeutig_zugeordnet
18021,48.190227,16.305186,14,14,14,14035,1403,91403,14B,GG,Gründerzeit mit überwiegend größeren Wohnungen,AGGGH,gründerzeitliche Gebiete,point_in_polygon_ray_casting,2026-09-03,1,0,0,33.693,1,1,eindeutig_zugeordnet
18022,48.240832,16.338386,19,19,19,19085,1908,91908,19C,D,zwischen- und nachkriegszeitliche Gebiete hoher Dichte,BD,zwischen- und nachkriegszeitliche Strukturen,point_in_polygon_ray_casting,2026-09-03,1,0,0,40.141,1,1,eindeutig_zugeordnet
18023,48.233944,16.355685,19,19,19,19048,1904,91904,19B,D,zwischen- und nachkriegszeitliche Gebiete hoher Dichte,BD,zwischen- und nachkriegszeitliche Strukturen,point_in_polygon_ray_casting,2026-09-03,1,0,0,30.354,1,1,eindeutig_zugeordnet
18024,48.253944,16.350092,19,19,19,19061,1906,91906,19A,R,Einfamilienhäuser und Kleingärten,RT,Einfamilienhausgebiete bzw. stark durchgrünte Strukturen,point_in_polygon_ray_casting,2026-09-03,1,0,0,15.773,1,1,eindeutig_zugeordnet
18025,48.245846,16.350534,19,19,19,19053,1905,91905,19C,H,Cottages,AGGGH,gründerzeitliche Gebiete,point_in_polygon_ray_casting,2026-09-03,1,0,0,85.680,1,1,eindeutig_zugeordnet
18026,48.225214,16.423739,22,22,22,22114,2211,92211,22F,JA,Gebiete dominiert durch Bauten von 1961 bis 1991,JAN,"Mischgebiete der jüngeren Vergangenheit, Neubau- und Stadterweiterungsgebiete",point_in_polygon_ray_casting,2026-09-03,1,0,0,58.408,1,1,eindeutig_zugeordnet
18027,48.254883,16.404756,21,21,21,21230,2123,92123,21D,G,Gründerzeit mit überwiegend kleineren Wohnungen,AGGGH,gründerzeitliche Gebiete,point_in_polygon_ray_casting,2026-09-03,1,0,0,17.627,1,1,eindeutig_zugeordnet
18028,48.276503,16.402000,21,21,21,21122,2112,92112,21E,JA,Gebiete dominiert durch Bauten von 1961 bis 1991,JAN,"Mischgebiete der jüngeren Vergangenheit, Neubau- und Stadterweiterungsgebiete",point_in_polygon_ray_casting,2026-09-03,1,0,0,142.091,1,1,eindeutig_zugeordnet
18113,48.166443,16.353566,10,10,10,10110,1011,91011,10H,R,Einfamilienhäuser und Kleingärten,RT,Einfamilienhausgebiete bzw. stark durchgrünte Strukturen,point_in_polygon_ray_casting,2026-09-03,1,0,0,106.746,1,1,eindeutig_zugeordnet
18114,48.171497,16.336876,12,12,12,12032,1203,91203,12D,D,zwischen- und nachkriegszeitliche Gebiete hoher Dichte,BD,zwischen- und nachkriegszeitliche Strukturen,point_in_polygon_ray_casting,2026-09-03,1,0,0,47.612,1,1,eindeutig_zugeordnet
18115,48.276477,16.414297,21,21,21,21101,2110,92110,21B,B,zwischen- und nachkriegszeitliche Gebiete mittlerer Dichte,BD,zwischen- und nachkriegszeitliche Strukturen,point_in_polygon_ray_casting,2026-09-03,1,0,0,22.300,1,1,eindeutig_zugeordnet
18116,48.148386,16.316201,23,23,23,23041,2304,92304,23B,JN,Neubau ab 1991 und Stadterweiterung,JAN,"Mischgebiete der jüngeren Vergangenheit, Neubau- und Stadterweiterungsgebiete",point_in_polygon_ray_casting,2026-09-03,1,0,0,70.558,1,1,eindeutig_zugeordnet
18112,48.240883,16.480273,22,22,22,22063,2206,92206,22A,JA,Gebiete dominiert durch Bauten von 1961 bis 1991,JAN,"Mischgebiete der jüngeren Vergangenheit, Neubau- und Stadterweiterungsgebiete",point_in_polygon_ray_casting,2026-09-03,1,0,0,95.964,1,1,eindeutig_zugeordnet
18182,48.249119,16.347302,19,19,19,19051,1905,91905,19C,H,Cottages,AGGGH,gründerzeitliche Gebiete,point_in_polygon_ray_casting,2026-09-03,1,0,0,102.731,1,1,eindeutig_zugeordnet
18183,48.259325,16.433309,21,21,21,21250,2125,92125,21D,Y,heterogene Bebauung mit Überhang an Geschoßwohnungen,CXY,stark durchmischte Gebiete geringerer Dichte,point_in_polygon_ray_casting,2026-09-03,1,0,0,158.261,1,1,eindeutig_zugeordnet
18184,48.190597,16.287405,13,13,13,13032,1303,91303,13A,C,Bebauung mit überwiegend durchgrüntem Geschoßwohnbau,CXY,stark durchmischte Gebiete geringerer Dichte,point_in_polygon_ray_casting,2026-09-03,1,0,0,44.387,1,1,eindeutig_zugeordnet
18185,48.213249,16.418064,2,2,2,02096,0209,90209,2E,JA,Gebiete dominiert durch Bauten von 1961 bis 1991,JAN,"Mischgebiete der jüngeren Vergangenheit, Neubau- und Stadterweiterungsgebiete",point_in_polygon_ray_casting,2026-09-03,1,0,0,31.494,1,1,eindeutig_zugeordnet
18186,48.175035,16.390537,10,10,10,10023,1002,91002,10B,D,zwischen- und nachkriegszeitliche Gebiete hoher Dichte,BD,zwischen- und nachkriegszeitliche Strukturen,point_in_polygon_ray_casting,2026-09-03,1,0,0,10.900,1,1,eindeutig_zugeordnet
17944,48.185172,16.345916,5,5,5,05030,0503,90503,5C,D,zwischen- und nachkriegszeitliche Gebiete hoher Dichte,BD,zwischen- und nachkriegszeitliche Strukturen,point_in_polygon_ray_casting,2026-09-03,1,0,0,78.252,1,1,eindeutig_zugeordnet
17945,48.172380,16.393982,10,10,10,10028,1002,91002,10B,Z,überwiegend städtische Infrastruktur und sonstige Nutzungen,ZI,industriell-gewerblich oder durch sonstige Nutzungen dominierte Gebiete,point_in_polygon_ray_casting,2026-09-03,1,0,0,91.157,1,1,eindeutig_zugeordnet
17946,48.155958,16.379578,10,10,10,10140,1014,91014,10I,C,Bebauung mit überwiegend durchgrüntem Geschoßwohnbau,CXY,stark durchmischte Gebiete geringerer Dichte,point_in_polygon_ray_casting,2026-09-03,1,0,0,200.548,1,1,eindeutig_zugeordnet
17947,48.171863,16.411531,11,11,11,11036,1103,91103,11B,D,zwischen- und nachkriegszeitliche Gebiete hoher Dichte,BD,zwischen- und nachkriegszeitliche Strukturen,point_in_polygon_ray_casting,2026-09-03,1,0,0,42.867,1,1,eindeutig_zugeordnet
17943,48.299550,16.419037,21,21,21,21020,2102,92102,21A,Y,heterogene Bebauung mit Überhang an Geschoßwohnungen,CXY,stark durchmischte Gebiete geringerer Dichte,point_in_polygon_ray_casting,2026-09-03,1,0,0,208.848,1,1,eindeutig_zugeordnet
17948,48.238251,16.451937,22,22,22,22151,2215,92215,22E,C,Bebauung mit überwiegend durchgrüntem Geschoßwohnbau,CXY,stark durchmischte Gebiete geringerer Dichte,point_in_polygon_ray_casting,2026-09-03,1,0,0,72.156,1,1,eindeutig_zugeordnet
17949,48.188824,16.387957,3,3,3,03047,0304,90304,3C,GG,Gründerzeit mit überwiegend größeren Wohnungen,AGGGH,gründerzeitliche Gebiete,point_in_polygon_ray_casting,2026-09-03,1,0,0,78.463,1,1,eindeutig_zugeordnet
18030,48.182277,16.336831,12,12,12,12020,1202,91202,12A,D,zwischen- und nachkriegszeitliche Gebiete hoher Dichte,BD,zwischen- und nachkriegszeitliche Strukturen,point_in_polygon_ray_casting,2026-09-03,1,0,0,39.923,1,1,eindeutig_zugeordnet
18031,48.207239,16.325583,16,16,16,16036,1603,91603,16B,D,zwischen- und nachkriegszeitliche Gebiete hoher Dichte,BD,zwischen- und nachkriegszeitliche Strukturen,point_in_polygon_ray_casting,2026-09-03,1,0,0,76.975,1,1,eindeutig_zugeordnet
18032,48.212962,16.321701,16,16,16,16044,1604,91604,16C,I,überwiegend industriell-gewerbliche Nutzung,ZI,industriell-gewerblich oder durch sonstige Nutzungen dominierte Gebiete,point_in_polygon_ray_casting,2026-09-03,1,0,0,50.987,1,1,eindeutig_zugeordnet
18033,48.236697,16.350656,19,19,19,19046,1904,91904,19B,B,zwischen- und nachkriegszeitliche Gebiete mittlerer Dichte,BD,zwischen- und nachkriegszeitliche Strukturen,point_in_polygon_ray_casting,2026-09-03,1,0,0,9.501,1,1,eindeutig_zugeordnet
18034,48.172049,16.335086,12,12,12,12031,1203,91203,12D,D,zwischen- und nachkriegszeitliche Gebiete hoher Dichte,BD,zwischen- und nachkriegszeitliche Strukturen,point_in_polygon_ray_casting,2026-09-03,1,0,0,68.884,1,1,eindeutig_zugeordnet
18035,48.166649,16.356770,10,10,10,10111,1011,91011,10H,X,heterogene Bebauung mit Überhang an Einfamilien- und Reihenhäusern,CXY,stark durchmischte Gebiete geringerer Dichte,point_in_polygon_ray_casting,2026-09-03,1,0,0,7.768,1,1,eindeutig_zugeordnet
18029,48.192864,16.399081,3,3,3,03063,0306,90306,3D,G,Gründerzeit mit überwiegend kleineren Wohnungen,AGGGH,gründerzeitliche Gebiete,point_in_polygon_ray_casting,2026-09-03,1,0,0,10.800,1,1,eindeutig_zugeordnet
18117,48.242230,16.331848,19,19,19,19083,1908,91908,19C,JA,Gebiete dominiert durch Bauten von 1961 bis 1991,JAN,"Mischgebiete der jüngeren Vergangenheit, Neubau- und Stadterweiterungsgebiete",point_in_polygon_ray_casting,2026-09-03,1,0,0,86.763,1,1,eindeutig_zugeordnet
18118,48.251514,16.402544,21,21,21,21261,2126,92126,21D,JN,Neubau ab 1991 und Stadterweiterung,JAN,"Mischgebiete der jüngeren Vergangenheit, Neubau- und Stadterweiterungsgebiete",point_in_polygon_ray_casting,2026-09-03,1,0,0,94.116,1,1,eindeutig_zugeordnet
18119,48.172288,16.336840,12,12,12,12032,1203,91203,12D,D,zwischen- und nachkriegszeitliche Gebiete hoher Dichte,BD,zwischen- und nachkriegszeitliche Strukturen,point_in_polygon_ray_casting,2026-09-03,1,0,0,35.647,1,1,eindeutig_zugeordnet
18120,48.195546,16.353956,6,6,6,06018,0601,90601,6A,GG,Gründerzeit mit überwiegend größeren Wohnungen,AGGGH,gründerzeitliche Gebiete,point_in_polygon_ray_casting,2026-09-03,1,0,0,21.229,1,1,eindeutig_zugeordnet
18214,48.220885,16.369775,2,2,2,02033,0203,90203,2C,GG,Gründerzeit mit überwiegend größeren Wohnungen,AGGGH,gründerzeitliche Gebiete,point_in_polygon_ray_casting,2026-09-03,1,0,0,7.049,1,1,eindeutig_zugeordnet
18215,48.211086,16.316790,16,16,16,16031,1603,91603,16B,G,Gründerzeit mit überwiegend kleineren Wohnungen,AGGGH,gründerzeitliche Gebiete,point_in_polygon_ray_casting,2026-09-03,1,0,0,96.696,1,1,eindeutig_zugeordnet
18216,48.173765,16.386606,10,10,10,10025,1002,91002,10B,D,zwischen- und nachkriegszeitliche Gebiete hoher Dichte,BD,zwischen- und nachkriegszeitliche Strukturen,point_in_polygon_ray_casting,2026-09-03,1,0,0,49.842,1,1,eindeutig_zugeordnet
18217,48.190091,16.390284,3,3,3,03046,0304,90304,3C,G,Gründerzeit mit überwiegend kleineren Wohnungen,AGGGH,gründerzeitliche Gebiete,point_in_polygon_ray_casting,2026-09-03,1,0,0,54.003,1,1,eindeutig_zugeordnet
18218,48.192183,16.334779,15,15,15,15036,1503,91503,15C,GG,Gründerzeit mit überwiegend größeren Wohnungen,AGGGH,gründerzeitliche Gebiete,point_in_polygon_ray_casting,2026-09-03,1,0,0,16.932,1,1,eindeutig_zugeordnet
18219,48.209349,16.320871,16,16,16,16104,1610,91610,16B,G,Gründerzeit mit überwiegend kleineren Wohnungen,AGGGH,gründerzeitliche Gebiete,point_in_polygon_ray_casting,2026-09-03,1,0,0,53.150,1,1,eindeutig_zugeordnet
18220,48.156016,16.463671,11,11,11,11100,1110,91110,11E,JN,Neubau ab 1991 und Stadterweiterung,JAN,"Mischgebiete der jüngeren Vergangenheit, Neubau- und Stadterweiterungsgebiete",point_in_polygon_ray_casting,2026-09-03,1,0,0,257.807,1,1,eindeutig_zugeordnet
18221,48.194815,16.284007,14,14,14,14065,1406,91406,14B,JA,Gebiete dominiert durch Bauten von 1961 bis 1991,JAN,"Mischgebiete der jüngeren Vergangenheit, Neubau- und Stadterweiterungsgebiete",point_in_polygon_ray_casting,2026-09-03,1,0,0,11.001,1,1,eindeutig_zugeordnet
17950,48.253446,16.410566,21,21,21,21233,2123,92123,21D,JA,Gebiete dominiert durch Bauten von 1961 bis 1991,JAN,"Mischgebiete der jüngeren Vergangenheit, Neubau- und Stadterweiterungsgebiete",point_in_polygon_ray_casting,2026-09-03,1,0,0,64.795,1,1,eindeutig_zugeordnet
17951,48.179872,16.422727,11,11,11,11027,1102,91102,11A,JA,Gebiete dominiert durch Bauten von 1961 bis 1991,JAN,"Mischgebiete der jüngeren Vergangenheit, Neubau- und Stadterweiterungsgebiete",point_in_polygon_ray_casting,2026-09-03,1,0,0,21.887,1,1,eindeutig_zugeordnet
17952,48.206163,16.313250,15,15,15,15070,1507,91507,15A,C,Bebauung mit überwiegend durchgrüntem Geschoßwohnbau,CXY,stark durchmischte Gebiete geringerer Dichte,point_in_polygon_ray_casting,2026-09-03,1,0,0,52.449,1,1,eindeutig_zugeordnet
17953,48.189345,16.329069,15,15,15,15055,1505,91505,15C,G,Gründerzeit mit überwiegend kleineren Wohnungen,AGGGH,gründerzeitliche Gebiete,point_in_polygon_ray_casting,2026-09-03,1,0,0,21.217,1,1,eindeutig_zugeordnet
18037,48.196878,16.400799,3,3,3,03064,0306,90306,3D,D,zwischen- und nachkriegszeitliche Gebiete hoher Dichte,BD,zwischen- und nachkriegszeitliche Strukturen,point_in_polygon_ray_casting,2026-09-03,1,0,0,26.870,1,1,eindeutig_zugeordnet
18038,48.183384,16.350520,5,5,5,05039,0503,90503,5C,G,Gründerzeit mit überwiegend kleineren Wohnungen,AGGGH,gründerzeitliche Gebiete,point_in_polygon_ray_casting,2026-09-03,1,0,0,18.104,1,1,eindeutig_zugeordnet
18039,48.186655,16.365674,5,5,5,05028,0502,90502,5B,D,zwischen- und nachkriegszeitliche Gebiete hoher Dichte,BD,zwischen- und nachkriegszeitliche Strukturen,point_in_polygon_ray_casting,2026-09-03,1,0,0,24.636,1,1,eindeutig_zugeordnet
18040,48.184914,16.364193,5,5,5,05028,0502,90502,5B,D,zwischen- und nachkriegszeitliche Gebiete hoher Dichte,BD,zwischen- und nachkriegszeitliche Strukturen,point_in_polygon_ray_casting,2026-09-03,1,0,0,27.877,1,1,eindeutig_zugeordnet
18036,48.207155,16.324618,16,16,16,16036,1603,91603,16B,D,zwischen- und nachkriegszeitliche Gebiete hoher Dichte,BD,zwischen- und nachkriegszeitliche Strukturen,point_in_polygon_ray_casting,2026-09-03,1,0,0,33.459,1,1,eindeutig_zugeordnet
18121,48.198668,16.356525,6,6,6,06013,0601,90601,6A,GG,Gründerzeit mit überwiegend größeren Wohnungen,AGGGH,gründerzeitliche Gebiete,point_in_polygon_ray_casting,2026-09-03,1,0,0,24.283,1,1,eindeutig_zugeordnet
18122,48.192930,16.348647,6,6,6,06039,0603,90603,6A,GG,Gründerzeit mit überwiegend größeren Wohnungen,AGGGH,gründerzeitliche Gebiete,point_in_polygon_ray_casting,2026-09-03,1,0,0,18.936,1,1,eindeutig_zugeordnet
18123,48.265531,16.397433,21,21,21,21210,2121,92121,21G,G,Gründerzeit mit überwiegend kleineren Wohnungen,AGGGH,gründerzeitliche Gebiete,point_in_polygon_ray_casting,2026-09-03,1,0,0,75.105,1,1,eindeutig_zugeordnet
18124,48.174945,16.326422,12,12,12,12054,1205,91205,12B,G,Gründerzeit mit überwiegend kleineren Wohnungen,AGGGH,gründerzeitliche Gebiete,point_in_polygon_ray_casting,2026-09-03,1,0,0,34.858,1,1,eindeutig_zugeordnet
18203,48.242494,16.368365,20,20,20,20040,2004,92004,20A,JN,Neubau ab 1991 und Stadterweiterung,JAN,"Mischgebiete der jüngeren Vergangenheit, Neubau- und Stadterweiterungsgebiete",point_in_polygon_ray_casting,2026-09-03,1,0,0,198.861,1,1,eindeutig_zugeordnet
18204,48.264877,16.391042,21,21,21,21183,2118,92118,21F,G,Gründerzeit mit überwiegend kleineren Wohnungen,AGGGH,gründerzeitliche Gebiete,point_in_polygon_ray_casting,2026-09-03,1,0,0,40.085,1,1,eindeutig_zugeordnet
18205,48.226523,16.295973,17,17,17,17052,1705,91705,17C,R,Einfamilienhäuser und Kleingärten,RT,Einfamilienhausgebiete bzw. stark durchgrünte Strukturen,point_in_polygon_ray_casting,2026-09-03,1,0,0,34.309,1,1,eindeutig_zugeordnet
18206,48.240413,16.348651,19,19,19,19091,1909,91909,19A,H,Cottages,AGGGH,gründerzeitliche Gebiete,point_in_polygon_ray_casting,2026-09-03,1,0,0,5.711,1,1,eindeutig_zugeordnet
17954,48.168728,16.359626,10,10,10,10103,1010,91010,10F,B,zwischen- und nachkriegszeitliche Gebiete mittlerer Dichte,BD,zwischen- und nachkriegszeitliche Strukturen,point_in_polygon_ray_casting,2026-09-03,1,0,0,67.392,1,1,eindeutig_zugeordnet
17955,48.209186,16.340702,8,8,8,08036,0803,90803,8A,GG,Gründerzeit mit überwiegend größeren Wohnungen,AGGGH,gründerzeitliche Gebiete,point_in_polygon_ray_casting,2026-09-03,1,0,0,18.018,1,1,eindeutig_zugeordnet
17956,48.213838,16.333991,16,16,16,16012,1601,91601,16A,G,Gründerzeit mit überwiegend kleineren Wohnungen,AGGGH,gründerzeitliche Gebiete,point_in_polygon_ray_casting,2026-09-03,1,0,0,36.193,1,1,eindeutig_zugeordnet
17957,48.215626,16.315057,16,16,16,16056,1605,91605,16C,GG,Gründerzeit mit überwiegend größeren Wohnungen,AGGGH,gründerzeitliche Gebiete,point_in_polygon_ray_casting,2026-09-03,1,0,0,29.726,1,1,eindeutig_zugeordnet
18041,48.224587,16.455868,22,22,22,22190,2219,92219,22I,JA,Gebiete dominiert durch Bauten von 1961 bis 1991,JAN,"Mischgebiete der jüngeren Vergangenheit, Neubau- und Stadterweiterungsgebiete",point_in_polygon_ray_casting,2026-09-03,1,0,0,69.929,1,1,eindeutig_zugeordnet
18042,48.225438,16.384323,2,2,2,02021,0202,90202,2B,G,Gründerzeit mit überwiegend kleineren Wohnungen,AGGGH,gründerzeitliche Gebiete,point_in_polygon_ray_casting,2026-09-03,1,0,0,32.951,1,1,eindeutig_zugeordnet
18043,48.138753,16.286551,23,23,23,23074,2307,92307,23C,C,Bebauung mit überwiegend durchgrüntem Geschoßwohnbau,CXY,stark durchmischte Gebiete geringerer Dichte,point_in_polygon_ray_casting,2026-09-03,1,0,0,23.465,1,1,eindeutig_zugeordnet
18044,48.232281,16.353231,19,19,19,19049,1904,91904,19B,D,zwischen- und nachkriegszeitliche Gebiete hoher Dichte,BD,zwischen- und nachkriegszeitliche Strukturen,point_in_polygon_ray_casting,2026-09-03,1,0,0,15.202,1,1,eindeutig_zugeordnet
18045,48.225497,16.401047,2,2,2,02013,0201,90201,2A,D,zwischen- und nachkriegszeitliche Gebiete hoher Dichte,BD,zwischen- und nachkriegszeitliche Strukturen,point_in_polygon_ray_casting,2026-09-03,1,0,0,27.761,1,1,eindeutig_zugeordnet
18046,48.264525,16.383537,21,21,21,21170,2117,92117,21F,C,Bebauung mit überwiegend durchgrüntem Geschoßwohnbau,CXY,stark durchmischte Gebiete geringerer Dichte,point_in_polygon_ray_casting,2026-09-03,1,0,0,183.203,1,1,eindeutig_zugeordnet
18125,48.172303,16.380974,10,10,10,10230,1023,91023,10C,D,zwischen- und nachkriegszeitliche Gebiete hoher Dichte,BD,zwischen- und nachkriegszeitliche Strukturen,point_in_polygon_ray_casting,2026-09-03,1,0,0,36.491,1,1,eindeutig_zugeordnet
18126,48.186864,16.324251,15,15,15,15053,1505,91505,15C,GG,Gründerzeit mit überwiegend größeren Wohnungen,AGGGH,gründerzeitliche Gebiete,point_in_polygon_ray_casting,2026-09-03,1,0,0,21.990,1,1,eindeutig_zugeordnet
18127,48.250406,16.482691,22,22,22,22070,2207,92207,22A,R,Einfamilienhäuser und Kleingärten,RT,Einfamilienhausgebiete bzw. stark durchgrünte Strukturen,point_in_polygon_ray_casting,2026-09-03,1,0,0,336.950,1,1,eindeutig_zugeordnet
18187,48.205061,16.350882,7,7,7,07010,0701,90701,7A,GG,Gründerzeit mit überwiegend größeren Wohnungen,AGGGH,gründerzeitliche Gebiete,point_in_polygon_ray_casting,2026-09-03,1,0,0,56.533,1,1,eindeutig_zugeordnet
18188,48.196374,16.403020,3,3,3,03067,0306,90306,3D,G,Gründerzeit mit überwiegend kleineren Wohnungen,AGGGH,gründerzeitliche Gebiete,point_in_polygon_ray_casting,2026-09-03,1,0,0,15.876,1,1,eindeutig_zugeordnet
18189,48.195215,16.403090,3,3,3,03064,0306,90306,3D,D,zwischen- und nachkriegszeitliche Gebiete hoher Dichte,BD,zwischen- und nachkriegszeitliche Strukturen,point_in_polygon_ray_casting,2026-09-03,1,0,0,43.146,1,1,eindeutig_zugeordnet
18190,48.190831,16.386042,3,3,3,03044,0304,90304,3C,GG,Gründerzeit mit überwiegend größeren Wohnungen,AGGGH,gründerzeitliche Gebiete,point_in_polygon_ray_casting,2026-09-03,1,0,0,24.450,1,1,eindeutig_zugeordnet
18191,48.210787,16.329006,16,16,16,16014,1601,91601,16A,JA,Gebiete dominiert durch Bauten von 1961 bis 1991,JAN,"Mischgebiete der jüngeren Vergangenheit, Neubau- und Stadterweiterungsgebiete",point_in_polygon_ray_casting,2026-09-03,1,0,0,19.943,1,1,eindeutig_zugeordnet
17959,48.234247,16.364770,20,20,20,20060,2006,92006,20B,D,zwischen- und nachkriegszeitliche Gebiete hoher Dichte,BD,zwischen- und nachkriegszeitliche Strukturen,point_in_polygon_ray_casting,2026-09-03,1,0,0,83.797,1,1,eindeutig_zugeordnet
17960,48.151202,16.307072,23,23,23,23190,2319,92319,23G,C,Bebauung mit überwiegend durchgrüntem Geschoßwohnbau,CXY,stark durchmischte Gebiete geringerer Dichte,point_in_polygon_ray_casting,2026-09-03,1,0,0,36.969,1,1,eindeutig_zugeordnet
17961,48.197361,16.404507,3,3,3,03102,0310,90310,3D,D,zwischen- und nachkriegszeitliche Gebiete hoher Dichte,BD,zwischen- und nachkriegszeitliche Strukturen,point_in_polygon_ray_casting,2026-09-03,1,0,0,56.396,1,1,eindeutig_zugeordnet
17958,48.169671,16.326714,12,12,12,12082,1208,91208,12D,JN,Neubau ab 1991 und Stadterweiterung,JAN,"Mischgebiete der jüngeren Vergangenheit, Neubau- und Stadterweiterungsgebiete",point_in_polygon_ray_casting,2026-09-03,1,0,0,16.348,1,1,eindeutig_zugeordnet
18049,48.218041,16.385473,2,2,2,02043,0204,90204,2C,GG,Gründerzeit mit überwiegend größeren Wohnungen,AGGGH,gründerzeitliche Gebiete,point_in_polygon_ray_casting,2026-09-03,1,0,0,51.272,1,1,eindeutig_zugeordnet
18050,48.222891,16.388290,2,2,2,02025,0202,90202,2B,G,Gründerzeit mit überwiegend kleineren Wohnungen,AGGGH,gründerzeitliche Gebiete,point_in_polygon_ray_casting,2026-09-03,1,0,0,69.546,1,1,eindeutig_zugeordnet
18051,48.180431,16.268867,13,13,13,13050,1305,91305,13B,R,Einfamilienhäuser und Kleingärten,RT,Einfamilienhausgebiete bzw. stark durchgrünte Strukturen,point_in_polygon_ray_casting,2026-09-03,1,0,0,20.484,1,1,eindeutig_zugeordnet
18052,48.175344,16.276418,13,13,13,13092,1309,91309,13C,T,Reihenhäuser,RT,Einfamilienhausgebiete bzw. stark durchgrünte Strukturen,point_in_polygon_ray_casting,2026-09-03,1,0,0,102.606,1,1,eindeutig_zugeordnet
18053,48.204031,16.325981,15,15,15,15011,1501,91501,15A,D,zwischen- und nachkriegszeitliche Gebiete hoher Dichte,BD,zwischen- und nachkriegszeitliche Strukturen,point_in_polygon_ray_casting,2026-09-03,1,0,0,36.740,1,1,eindeutig_zugeordnet
18054,48.189480,16.375132,4,4,4,04026,0402,90402,4B,GG,Gründerzeit mit überwiegend größeren Wohnungen,AGGGH,gründerzeitliche Gebiete,point_in_polygon_ray_casting,2026-09-03,1,0,0,63.095,1,1,eindeutig_zugeordnet
18047,48.224204,16.422939,22,22,22,22116,2211,92211,22F,JN,Neubau ab 1991 und Stadterweiterung,JAN,"Mischgebiete der jüngeren Vergangenheit, Neubau- und Stadterweiterungsgebiete",point_in_polygon_ray_casting,2026-09-03,1,0,0,12.637,1,1,eindeutig_zugeordnet
18048,48.222390,16.401691,2,2,2,02072,0207,90207,2E,D,zwischen- und nachkriegszeitliche Gebiete hoher Dichte,BD,zwischen- und nachkriegszeitliche Strukturen,point_in_polygon_ray_casting,2026-09-03,1,0,0,50.793,1,1,eindeutig_zugeordnet
18055,48.231527,16.294494,17,17,17,17050,1705,91705,17C,R,Einfamilienhäuser und Kleingärten,RT,Einfamilienhausgebiete bzw. stark durchgrünte Strukturen,point_in_polygon_ray_casting,2026-09-03,1,0,0,24.506,1,1,eindeutig_zugeordnet
18056,48.225417,16.354176,9,9,9,09045,0904,90904,9A,G,Gründerzeit mit überwiegend kleineren Wohnungen,AGGGH,gründerzeitliche Gebiete,point_in_polygon_ray_casting,2026-09-03,1,0,0,40.752,1,1,eindeutig_zugeordnet
18057,48.190417,16.371450,4,4,4,04040,0404,90404,4B,B,zwischen- und nachkriegszeitliche Gebiete mittlerer Dichte,BD,zwischen- und nachkriegszeitliche Strukturen,point_in_polygon_ray_casting,2026-09-03,1,0,0,11.494,1,1,eindeutig_zugeordnet
18128,48.217909,16.414035,2,2,2,02095,0209,90209,2E,D,zwischen- und nachkriegszeitliche Gebiete hoher Dichte,BD,zwischen- und nachkriegszeitliche Strukturen,point_in_polygon_ray_casting,2026-09-03,1,0,0,73.013,1,1,eindeutig_zugeordnet
18129,48.213079,16.318537,16,16,16,16045,1604,91604,16C,JA,Gebiete dominiert durch Bauten von 1961 bis 1991,JAN,"Mischgebiete der jüngeren Vergangenheit, Neubau- und Stadterweiterungsgebiete",point_in_polygon_ray_casting,2026-09-03,1,0,0,7.711,1,1,eindeutig_zugeordnet
18130,48.213358,16.309867,16,16,16,16066,1606,91606,16D,JA,Gebiete dominiert durch Bauten von 1961 bis 1991,JAN,"Mischgebiete der jüngeren Vergangenheit, Neubau- und Stadterweiterungsgebiete",point_in_polygon_ray_casting,2026-09-03,1,0,0,54.060,1,1,eindeutig_zugeordnet
18131,48.252085,16.411827,21,21,21,21261,2126,92126,21D,JN,Neubau ab 1991 und Stadterweiterung,JAN,"Mischgebiete der jüngeren Vergangenheit, Neubau- und Stadterweiterungsgebiete",point_in_polygon_ray_casting,2026-09-03,1,0,0,22.941,1,1,eindeutig_zugeordnet
18132,48.165438,16.363035,10,10,10,10112,1011,91011,10H,B,zwischen- und nachkriegszeitliche Gebiete mittlerer Dichte,BD,zwischen- und nachkriegszeitliche Strukturen,point_in_polygon_ray_casting,2026-09-03,1,0,0,16.380,1,1,eindeutig_zugeordnet
18222,48.253296,16.439784,22,22,22,22090,2209,92209,22G,C,Bebauung mit überwiegend durchgrüntem Geschoßwohnbau,CXY,stark durchmischte Gebiete geringerer Dichte,point_in_polygon_ray_casting,2026-09-03,1,0,0,168.135,1,1,eindeutig_zugeordnet
18223,48.146559,16.286323,23,23,23,23101,2310,92310,23D,C,Bebauung mit überwiegend durchgrüntem Geschoßwohnbau,CXY,stark durchmischte Gebiete geringerer Dichte,point_in_polygon_ray_casting,2026-09-03,1,0,0,23.797,1,1,eindeutig_zugeordnet
18224,48.164261,16.305239,12,12,12,12116,1211,91211,12E,C,Bebauung mit überwiegend durchgrüntem Geschoßwohnbau,CXY,stark durchmischte Gebiete geringerer Dichte,point_in_polygon_ray_casting,2026-09-03,1,0,0,29.309,1,1,eindeutig_zugeordnet
18225,48.169228,16.297734,12,12,12,12113,1211,91211,12E,GG,Gründerzeit mit überwiegend größeren Wohnungen,AGGGH,gründerzeitliche Gebiete,point_in_polygon_ray_casting,2026-09-03,1,0,0,118.815,1,1,eindeutig_zugeordnet
18226,48.198718,16.274896,14,14,14,14083,1408,91408,14D,X,heterogene Bebauung mit Überhang an Einfamilien- und Reihenhäusern,CXY,stark durchmischte Gebiete geringerer Dichte,point_in_polygon_ray_casting,2026-09-03,1,0,0,26.217,1,1,eindeutig_zugeordnet
18227,48.170440,16.365111,10,10,10,10102,1010,91010,10F,D,zwischen- und nachkriegszeitliche Gebiete hoher Dichte,BD,zwischen- und nachkriegszeitliche Strukturen,point_in_polygon_ray_casting,2026-09-03,1,0,0,36.635,1,1,eindeutig_zugeordnet
18228,48.201317,16.327302,15,15,15,15015,1501,91501,15A,D,zwischen- und nachkriegszeitliche Gebiete hoher Dichte,BD,zwischen- und nachkriegszeitliche Strukturen,point_in_polygon_ray_casting,2026-09-03,1,0,0,18.866,1,1,eindeutig_zugeordnet
18229,48.280137,16.408353,21,21,21,21110,2111,92111,21E,C,Bebauung mit überwiegend durchgrüntem Geschoßwohnbau,CXY,stark durchmischte Gebiete geringerer Dichte,point_in_polygon_ray_casting,2026-09-03,1,0,0,127.342,1,1,eindeutig_zugeordnet
17962,48.202318,16.392138,3,3,3,03028,0302,90302,3A,GG,Gründerzeit mit überwiegend größeren Wohnungen,AGGGH,gründerzeitliche Gebiete,point_in_polygon_ray_casting,2026-09-03,1,0,0,28.338,1,1,eindeutig_zugeordnet
17963,48.193269,16.387189,3,3,3,03041,0304,90304,3C,D,zwischen- und nachkriegszeitliche Gebiete hoher Dichte,BD,zwischen- und nachkriegszeitliche Strukturen,point_in_polygon_ray_casting,2026-09-03,1,0,0,25.760,1,1,eindeutig_zugeordnet
17964,48.136309,16.260937,23,23,23,23121,2312,92312,23E,R,Einfamilienhäuser und Kleingärten,RT,Einfamilienhausgebiete bzw. stark durchgrünte Strukturen,point_in_polygon_ray_casting,2026-09-03,1,0,0,102.308,1,1,eindeutig_zugeordnet
17965,48.172108,16.387624,10,10,10,10027,1002,91002,10B,D,zwischen- und nachkriegszeitliche Gebiete hoher Dichte,BD,zwischen- und nachkriegszeitliche Strukturen,point_in_polygon_ray_casting,2026-09-03,1,0,0,42.619,1,1,eindeutig_zugeordnet
18060,48.210949,16.331420,16,16,16,16016,1601,91601,16A,G,Gründerzeit mit überwiegend kleineren Wohnungen,AGGGH,gründerzeitliche Gebiete,point_in_polygon_ray_casting,2026-09-03,1,0,0,23.633,1,1,eindeutig_zugeordnet
18061,48.213599,16.392319,2,2,2,02055,0205,90205,2B,GG,Gründerzeit mit überwiegend größeren Wohnungen,AGGGH,gründerzeitliche Gebiete,point_in_polygon_ray_casting,2026-09-03,1,0,0,32.865,1,1,eindeutig_zugeordnet
18062,48.168094,16.369663,10,10,10,10054,1005,91005,10G,JA,Gebiete dominiert durch Bauten von 1961 bis 1991,JAN,"Mischgebiete der jüngeren Vergangenheit, Neubau- und Stadterweiterungsgebiete",point_in_polygon_ray_casting,2026-09-03,1,0,0,33.365,1,1,eindeutig_zugeordnet
18063,48.218253,16.408169,2,2,2,02078,0207,90207,2E,G,Gründerzeit mit überwiegend kleineren Wohnungen,AGGGH,gründerzeitliche Gebiete,point_in_polygon_ray_casting,2026-09-03,1,0,0,19.531,1,1,eindeutig_zugeordnet
18058,48.176447,16.280048,13,13,13,13091,1309,91309,13C,R,Einfamilienhäuser und Kleingärten,RT,Einfamilienhausgebiete bzw. stark durchgrünte Strukturen,point_in_polygon_ray_casting,2026-09-03,1,0,0,18.452,1,1,eindeutig_zugeordnet
18059,48.211522,16.392382,3,3,3,03016,0301,90301,3A,GG,Gründerzeit mit überwiegend größeren Wohnungen,AGGGH,gründerzeitliche Gebiete,point_in_polygon_ray_casting,2026-09-03,1,0,0,54.775,1,1,eindeutig_zugeordnet
18134,48.256932,16.392143,21,21,21,21220,2122,92122,21G,JA,Gebiete dominiert durch Bauten von 1961 bis 1991,JAN,"Mischgebiete der jüngeren Vergangenheit, Neubau- und Stadterweiterungsgebiete",point_in_polygon_ray_casting,2026-09-03,1,0,0,48.821,1,1,eindeutig_zugeordnet
18135,48.182135,16.334785,12,12,12,12040,1204,91204,12B,D,zwischen- und nachkriegszeitliche Gebiete hoher Dichte,BD,zwischen- und nachkriegszeitliche Strukturen,point_in_polygon_ray_casting,2026-09-03,1,0,0,42.286,1,1,eindeutig_zugeordnet
18136,48.175503,16.327939,12,12,12,12055,1205,91205,12B,JA,Gebiete dominiert durch Bauten von 1961 bis 1991,JAN,"Mischgebiete der jüngeren Vergangenheit, Neubau- und Stadterweiterungsgebiete",point_in_polygon_ray_casting,2026-09-03,1,0,0,34.501,1,1,eindeutig_zugeordnet
18133,48.197369,16.362375,4,4,4,04030,0403,90403,4A,GG,Gründerzeit mit überwiegend größeren Wohnungen,AGGGH,gründerzeitliche Gebiete,point_in_polygon_ray_casting,2026-09-03,1,0,0,31.020,1,1,eindeutig_zugeordnet
18137,48.247792,16.439298,22,22,22,22100,2210,92210,22G,JN,Neubau ab 1991 und Stadterweiterung,JAN,"Mischgebiete der jüngeren Vergangenheit, Neubau- und Stadterweiterungsgebiete",point_in_polygon_ray_casting,2026-09-03,1,0,0,57.506,1,1,eindeutig_zugeordnet
18207,48.226696,16.386737,2,2,2,02020,0202,90202,2B,G,Gründerzeit mit überwiegend kleineren Wohnungen,AGGGH,gründerzeitliche Gebiete,point_in_polygon_ray_casting,2026-09-03,1,0,0,41.549,1,1,eindeutig_zugeordnet
18208,48.195686,16.363675,4,4,4,04031,0403,90403,4A,GG,Gründerzeit mit überwiegend größeren Wohnungen,AGGGH,gründerzeitliche Gebiete,point_in_polygon_ray_casting,2026-09-03,1,0,0,28.402,1,1,eindeutig_zugeordnet
18209,48.190267,16.374264,4,4,4,04026,0402,90402,4B,GG,Gründerzeit mit überwiegend größeren Wohnungen,AGGGH,gründerzeitliche Gebiete,point_in_polygon_ray_casting,2026-09-03,1,0,0,31.904,1,1,eindeutig_zugeordnet
18210,48.175220,16.383068,10,10,10,10021,1002,91002,10B,D,zwischen- und nachkriegszeitliche Gebiete hoher Dichte,BD,zwischen- und nachkriegszeitliche Strukturen,point_in_polygon_ray_casting,2026-09-03,1,0,0,4.546,1,1,eindeutig_zugeordnet
18211,48.253122,16.336768,19,19,19,19063,1906,91906,19A,C,Bebauung mit überwiegend durchgrüntem Geschoßwohnbau,CXY,stark durchmischte Gebiete geringerer Dichte,point_in_polygon_ray_casting,2026-09-03,1,0,0,136.573,1,1,eindeutig_zugeordnet
18212,48.210492,16.321513,16,16,16,16101,1610,91610,16B,D,zwischen- und nachkriegszeitliche Gebiete hoher Dichte,BD,zwischen- und nachkriegszeitliche Strukturen,point_in_polygon_ray_casting,2026-09-03,1,0,0,63.757,1,1,eindeutig_zugeordnet
18213,48.243190,16.323841,19,19,19,19105,1910,91910,19A,C,Bebauung mit überwiegend durchgrüntem Geschoßwohnbau,CXY,stark durchmischte Gebiete geringerer Dichte,point_in_polygon_ray_casting,2026-09-03,1,0,0,65.932,1,1,eindeutig_zugeordnet
17966,48.228367,16.331749,18,18,18,18030,1803,91803,18B,B,zwischen- und nachkriegszeitliche Gebiete mittlerer Dichte,BD,zwischen- und nachkriegszeitliche Strukturen,point_in_polygon_ray_casting,2026-09-03,1,0,0,26.504,1,1,eindeutig_zugeordnet
17967,48.179797,16.267194,13,13,13,13050,1305,91305,13B,R,Einfamilienhäuser und Kleingärten,RT,Einfamilienhausgebiete bzw. stark durchgrünte Strukturen,point_in_polygon_ray_casting,2026-09-03,1,0,0,109.509,1,1,eindeutig_zugeordnet
17968,48.249482,16.363983,19,19,19,19025,1902,91902,19B,D,zwischen- und nachkriegszeitliche Gebiete hoher Dichte,BD,zwischen- und nachkriegszeitliche Strukturen,point_in_polygon_ray_casting,2026-09-03,1,0,0,56.602,1,1,eindeutig_zugeordnet
17969,48.197527,16.354489,6,6,6,06019,0601,90601,6A,GG,Gründerzeit mit überwiegend größeren Wohnungen,AGGGH,gründerzeitliche Gebiete,point_in_polygon_ray_casting,2026-09-03,1,0,0,18.371,1,1,eindeutig_zugeordnet
17970,48.197628,16.310250,14,14,14,14021,1402,91402,14A,D,zwischen- und nachkriegszeitliche Gebiete hoher Dichte,BD,zwischen- und nachkriegszeitliche Strukturen,point_in_polygon_ray_casting,2026-09-03,1,0,0,62.141,1,1,eindeutig_zugeordnet
17971,48.208302,16.333110,16,16,16,16020,1602,91602,16A,G,Gründerzeit mit überwiegend kleineren Wohnungen,AGGGH,gründerzeitliche Gebiete,point_in_polygon_ray_casting,2026-09-03,1,0,0,36.889,1,1,eindeutig_zugeordnet
18064,48.176316,16.323156,12,12,12,12071,1207,91207,12C,B,zwischen- und nachkriegszeitliche Gebiete mittlerer Dichte,BD,zwischen- und nachkriegszeitliche Strukturen,point_in_polygon_ray_casting,2026-09-03,1,0,0,37.007,1,1,eindeutig_zugeordnet
18065,48.235783,16.351389,19,19,19,19046,1904,91904,19B,B,zwischen- und nachkriegszeitliche Gebiete mittlerer Dichte,BD,zwischen- und nachkriegszeitliche Strukturen,point_in_polygon_ray_casting,2026-09-03,1,0,0,97.189,1,1,eindeutig_zugeordnet
18066,48.208497,16.306734,16,16,16,16073,1607,91607,16D,D,zwischen- und nachkriegszeitliche Gebiete hoher Dichte,BD,zwischen- und nachkriegszeitliche Strukturen,point_in_polygon_ray_casting,2026-09-03,1,0,0,19.559,1,1,eindeutig_zugeordnet
18138,48.197517,16.270987,14,14,14,14071,1407,91407,14B,B,zwischen- und nachkriegszeitliche Gebiete mittlerer Dichte,BD,zwischen- und nachkriegszeitliche Strukturen,point_in_polygon_ray_casting,2026-09-03,1,0,0,142.083,1,1,eindeutig_zugeordnet
18139,48.219588,16.479268,22,22,22,22230,2223,92223,22I,X,heterogene Bebauung mit Überhang an Einfamilien- und Reihenhäusern,CXY,stark durchmischte Gebiete geringerer Dichte,point_in_polygon_ray_casting,2026-09-03,1,0,0,203.257,1,1,eindeutig_zugeordnet
18140,48.206824,16.387998,3,3,3,03021,0302,90302,3A,GG,Gründerzeit mit überwiegend größeren Wohnungen,AGGGH,gründerzeitliche Gebiete,point_in_polygon_ray_casting,2026-09-03,1,0,0,9.144,1,1,eindeutig_zugeordnet
18141,48.192634,16.342076,6,6,6,06035,0603,90603,6A,GG,Gründerzeit mit überwiegend größeren Wohnungen,AGGGH,gründerzeitliche Gebiete,point_in_polygon_ray_casting,2026-09-03,1,0,0,44.151,1,1,eindeutig_zugeordnet
18142,48.227589,16.358969,9,9,9,09015,0901,90901,9A,D,zwischen- und nachkriegszeitliche Gebiete hoher Dichte,BD,zwischen- und nachkriegszeitliche Strukturen,point_in_polygon_ray_casting,2026-09-03,1,0,0,40.418,1,1,eindeutig_zugeordnet
18143,48.221589,16.373121,2,2,2,02033,0203,90203,2C,GG,Gründerzeit mit überwiegend größeren Wohnungen,AGGGH,gründerzeitliche Gebiete,point_in_polygon_ray_casting,2026-09-03,1,0,0,49.961,1,1,eindeutig_zugeordnet
18192,48.186526,16.341609,12,12,12,12013,1201,91201,12A,JA,Gebiete dominiert durch Bauten von 1961 bis 1991,JAN,"Mischgebiete der jüngeren Vergangenheit, Neubau- und Stadterweiterungsgebiete",point_in_polygon_ray_casting,2026-09-03,1,0,0,22.621,1,1,eindeutig_zugeordnet
18193,48.227014,16.401503,2,2,2,02012,0201,90201,2A,D,zwischen- und nachkriegszeitliche Gebiete hoher Dichte,BD,zwischen- und nachkriegszeitliche Strukturen,point_in_polygon_ray_casting,2026-09-03,1,0,0,88.760,1,1,eindeutig_zugeordnet
18194,48.206580,16.335342,16,16,16,16022,1602,91602,16A,G,Gründerzeit mit überwiegend kleineren Wohnungen,AGGGH,gründerzeitliche Gebiete,point_in_polygon_ray_casting,2026-09-03,1,0,0,31.751,1,1,eindeutig_zugeordnet
18195,48.198395,16.404523,3,3,3,03102,0310,90310,3D,D,zwischen- und nachkriegszeitliche Gebiete hoher Dichte,BD,zwischen- und nachkriegszeitliche Strukturen,point_in_polygon_ray_casting,2026-09-03,1,0,0,46.170,1,1,eindeutig_zugeordnet
18196,48.222864,16.304993,16,16,16,16060,1606,91606,16D,D,zwischen- und nachkriegszeitliche Gebiete hoher Dichte,BD,zwischen- und nachkriegszeitliche Strukturen,point_in_polygon_ray_casting,2026-09-03,1,0,0,10.331,1,1,eindeutig_zugeordnet
18197,48.176158,16.383791,10,10,10,10021,1002,91002,10B,D,zwischen- und nachkriegszeitliche Gebiete hoher Dichte,BD,zwischen- und nachkriegszeitliche Strukturen,point_in_polygon_ray_casting,2026-09-03,1,0,0,43.814,1,1,eindeutig_zugeordnet
18198,48.175157,16.359784,10,10,10,10070,1007,91007,10F,D,zwischen- und nachkriegszeitliche Gebiete hoher Dichte,BD,zwischen- und nachkriegszeitliche Strukturen,point_in_polygon_ray_casting,2026-09-03,1,0,0,47.722,1,1,eindeutig_zugeordnet
17972,48.218696,16.376820,2,2,2,02038,0203,90203,2C,D,zwischen- und nachkriegszeitliche Gebiete hoher Dichte,BD,zwischen- und nachkriegszeitliche Strukturen,point_in_polygon_ray_casting,2026-09-03,1,0,0,25.063,1,1,eindeutig_zugeordnet
17973,48.174092,16.319793,12,12,12,12075,1207,91207,12C,C,Bebauung mit überwiegend durchgrüntem Geschoßwohnbau,CXY,stark durchmischte Gebiete geringerer Dichte,point_in_polygon_ray_casting,2026-09-03,1,0,0,30.692,1,1,eindeutig_zugeordnet
17974,48.165532,16.270939,13,13,13,13094,1309,91309,13C,C,Bebauung mit überwiegend durchgrüntem Geschoßwohnbau,CXY,stark durchmischte Gebiete geringerer Dichte,point_in_polygon_ray_casting,2026-09-03,1,0,0,78.812,1,1,eindeutig_zugeordnet
17975,48.169271,16.285734,13,13,13,13082,1308,91308,13C,C,Bebauung mit überwiegend durchgrüntem Geschoßwohnbau,CXY,stark durchmischte Gebiete geringerer Dichte,point_in_polygon_ray_casting,2026-09-03,1,0,0,8.340,1,1,eindeutig_zugeordnet
18068,48.197123,16.310160,14,14,14,14021,1402,91402,14A,D,zwischen- und nachkriegszeitliche Gebiete hoher Dichte,BD,zwischen- und nachkriegszeitliche Strukturen,point_in_polygon_ray_casting,2026-09-03,1,0,0,50.986,1,1,eindeutig_zugeordnet
18069,48.253448,16.396016,21,21,21,21223,2122,92122,21G,JA,Gebiete dominiert durch Bauten von 1961 bis 1991,JAN,"Mischgebiete der jüngeren Vergangenheit, Neubau- und Stadterweiterungsgebiete",point_in_polygon_ray_casting,2026-09-03,1,0,0,77.928,1,1,eindeutig_zugeordnet
18070,48.194536,16.275126,14,14,14,14063,1406,91406,14B,R,Einfamilienhäuser und Kleingärten,RT,Einfamilienhausgebiete bzw. stark durchgrünte Strukturen,point_in_polygon_ray_casting,2026-09-03,1,0,0,32.124,1,1,eindeutig_zugeordnet
18067,48.189477,16.326225,15,15,15,15054,1505,91505,15C,JA,Gebiete dominiert durch Bauten von 1961 bis 1991,JAN,"Mischgebiete der jüngeren Vergangenheit, Neubau- und Stadterweiterungsgebiete",point_in_polygon_ray_casting,2026-09-03,1,0,0,68.746,1,1,eindeutig_zugeordnet
18144,48.207706,16.324741,16,16,16,16036,1603,91603,16B,D,zwischen- und nachkriegszeitliche Gebiete hoher Dichte,BD,zwischen- und nachkriegszeitliche Strukturen,point_in_polygon_ray_casting,2026-09-03,1,0,0,28.501,1,1,eindeutig_zugeordnet
18145,48.216000,16.315654,16,16,16,16058,1605,91605,16C,G,Gründerzeit mit überwiegend kleineren Wohnungen,AGGGH,gründerzeitliche Gebiete,point_in_polygon_ray_casting,2026-09-03,1,0,0,4.788,1,1,eindeutig_zugeordnet
18146,48.191798,16.326344,15,15,15,15031,1503,91503,15C,G,Gründerzeit mit überwiegend kleineren Wohnungen,AGGGH,gründerzeitliche Gebiete,point_in_polygon_ray_casting,2026-09-03,1,0,0,19.436,1,1,eindeutig_zugeordnet
18147,48.245295,16.362152,19,19,19,19028,1902,91902,19B,D,zwischen- und nachkriegszeitliche Gebiete hoher Dichte,BD,zwischen- und nachkriegszeitliche Strukturen,point_in_polygon_ray_casting,2026-09-03,1,0,0,12.440,1,1,eindeutig_zugeordnet
17904,48.176716,16.333582,12,12,12,12045,1204,91204,12B,D,zwischen- und nachkriegszeitliche Gebiete hoher Dichte,BD,zwischen- und nachkriegszeitliche Strukturen,point_in_polygon_ray_casting,2026-09-03,1,0,0,11.818,1,1,eindeutig_zugeordnet
17905,48.215919,16.312462,16,16,16,16056,1605,91605,16C,GG,Gründerzeit mit überwiegend größeren Wohnungen,AGGGH,gründerzeitliche Gebiete,point_in_polygon_ray_casting,2026-09-03,1,0,0,11.832,1,1,eindeutig_zugeordnet
17906,48.198231,16.308434,14,14,14,14021,1402,91402,14A,D,zwischen- und nachkriegszeitliche Gebiete hoher Dichte,BD,zwischen- und nachkriegszeitliche Strukturen,point_in_polygon_ray_casting,2026-09-03,1,0,0,7.959,1,1,eindeutig_zugeordnet
17907,48.225223,16.401918,2,2,2,02013,0201,90201,2A,D,zwischen- und nachkriegszeitliche Gebiete hoher Dichte,BD,zwischen- und nachkriegszeitliche Strukturen,point_in_polygon_ray_casting,2026-09-03,1,0,0,87.468,1,1,eindeutig_zugeordnet
17908,48.272427,16.391860,21,21,21,21191,2119,92119,21F,Y,heterogene Bebauung mit Überhang an Geschoßwohnungen,CXY,stark durchmischte Gebiete geringerer Dichte,point_in_polygon_ray_casting,2026-09-03,1,0,0,99.555,1,1,eindeutig_zugeordnet
17976,48.214502,16.379315,2,2,2,02048,0204,90204,2C,GG,Gründerzeit mit überwiegend größeren Wohnungen,AGGGH,gründerzeitliche Gebiete,point_in_polygon_ray_casting,2026-09-03,1,0,0,63.234,1,1,eindeutig_zugeordnet
17977,48.243164,16.446371,22,22,22,22141,2214,92214,22E,T,Reihenhäuser,RT,Einfamilienhausgebiete bzw. stark durchgrünte Strukturen,point_in_polygon_ray_casting,2026-09-03,1,0,0,76.318,1,1,eindeutig_zugeordnet
17978,48.188157,16.371849,4,4,4,04041,0404,90404,4B,GG,Gründerzeit mit überwiegend größeren Wohnungen,AGGGH,gründerzeitliche Gebiete,point_in_polygon_ray_casting,2026-09-03,1,0,0,19.682,1,1,eindeutig_zugeordnet
17979,48.226459,16.357513,9,9,9,09014,0901,90901,9A,G,Gründerzeit mit überwiegend kleineren Wohnungen,AGGGH,gründerzeitliche Gebiete,point_in_polygon_ray_casting,2026-09-03,1,0,0,51.298,1,1,eindeutig_zugeordnet
17980,48.172713,16.329972,12,12,12,12080,1208,91208,12D,D,zwischen- und nachkriegszeitliche Gebiete hoher Dichte,BD,zwischen- und nachkriegszeitliche Strukturen,point_in_polygon_ray_casting,2026-09-03,1,0,0,62.071,1,1,eindeutig_zugeordnet
17981,48.169009,16.366816,10,10,10,10104,1010,91010,10F,D,zwischen- und nachkriegszeitliche Gebiete hoher Dichte,BD,zwischen- und nachkriegszeitliche Strukturen,point_in_polygon_ray_casting,2026-09-03,1,0,0,40.996,1,1,eindeutig_zugeordnet
17982,48.214411,16.392066,2,2,2,02055,0205,90205,2B,GG,Gründerzeit mit überwiegend größeren Wohnungen,AGGGH,gründerzeitliche Gebiete,point_in_polygon_ray_casting,2026-09-03,1,0,0,44.047,1,1,eindeutig_zugeordnet
18071,48.242449,16.330156,19,19,19,19083,1908,91908,19C,JA,Gebiete dominiert durch Bauten von 1961 bis 1991,JAN,"Mischgebiete der jüngeren Vergangenheit, Neubau- und Stadterweiterungsgebiete",point_in_polygon_ray_casting,2026-09-03,1,0,0,126.276,1,1,eindeutig_zugeordnet
18072,48.185714,16.325186,15,15,15,15041,1504,91504,15C,JN,Neubau ab 1991 und Stadterweiterung,JAN,"Mischgebiete der jüngeren Vergangenheit, Neubau- und Stadterweiterungsgebiete",point_in_polygon_ray_casting,2026-09-03,1,0,0,11.167,1,1,eindeutig_zugeordnet
18073,48.156104,16.455377,11,11,11,11100,1110,91110,11E,JN,Neubau ab 1991 und Stadterweiterung,JAN,"Mischgebiete der jüngeren Vergangenheit, Neubau- und Stadterweiterungsgebiete",point_in_polygon_ray_casting,2026-09-03,1,0,0,457.225,1,1,eindeutig_zugeordnet
18074,48.196723,16.347616,6,6,6,06031,0603,90603,6A,GG,Gründerzeit mit überwiegend größeren Wohnungen,AGGGH,gründerzeitliche Gebiete,point_in_polygon_ray_casting,2026-09-03,1,0,0,30.289,1,1,eindeutig_zugeordnet
18075,48.126724,16.317498,23,23,23,23050,2305,92305,23C,X,heterogene Bebauung mit Überhang an Einfamilien- und Reihenhäusern,CXY,stark durchmischte Gebiete geringerer Dichte,point_in_polygon_ray_casting,2026-09-03,1,0,0,21.293,1,1,eindeutig_zugeordnet
18076,48.196480,16.354060,6,6,6,06018,0601,90601,6A,GG,Gründerzeit mit überwiegend größeren Wohnungen,AGGGH,gründerzeitliche Gebiete,point_in_polygon_ray_casting,2026-09-03,1,0,0,3.993,1,1,eindeutig_zugeordnet
18077,48.180657,16.340708,12,12,12,12024,1202,91202,12A,D,zwischen- und nachkriegszeitliche Gebiete hoher Dichte,BD,zwischen- und nachkriegszeitliche Strukturen,point_in_polygon_ray_casting,2026-09-03,1,0,0,67.526,1,1,eindeutig_zugeordnet
18078,48.185815,16.338654,12,12,12,12012,1201,91201,12A,JA,Gebiete dominiert durch Bauten von 1961 bis 1991,JAN,"Mischgebiete der jüngeren Vergangenheit, Neubau- und Stadterweiterungsgebiete",point_in_polygon_ray_casting,2026-09-03,1,0,0,6.488,1,1,eindeutig_zugeordnet
18148,48.273438,16.406274,21,21,21,21110,2111,92111,21E,C,Bebauung mit überwiegend durchgrüntem Geschoßwohnbau,CXY,stark durchmischte Gebiete geringerer Dichte,point_in_polygon_ray_casting,2026-09-03,1,0,0,32.693,1,1,eindeutig_zugeordnet
18149,48.218028,16.329861,17,17,17,17024,1702,91702,17A,G,Gründerzeit mit überwiegend kleineren Wohnungen,AGGGH,gründerzeitliche Gebiete,point_in_polygon_ray_casting,2026-09-03,1,0,0,20.377,1,1,eindeutig_zugeordnet
18150,48.227148,16.359728,9,9,9,09015,0901,90901,9A,D,zwischen- und nachkriegszeitliche Gebiete hoher Dichte,BD,zwischen- und nachkriegszeitliche Strukturen,point_in_polygon_ray_casting,2026-09-03,1,0,0,18.126,1,1,eindeutig_zugeordnet
18151,48.189797,16.335246,15,15,15,15039,1503,91503,15C,G,Gründerzeit mit überwiegend kleineren Wohnungen,AGGGH,gründerzeitliche Gebiete,point_in_polygon_ray_casting,2026-09-03,1,0,0,17.659,1,1,eindeutig_zugeordnet
18152,48.252988,16.399862,21,21,21,21260,2126,92126,21D,B,zwischen- und nachkriegszeitliche Gebiete mittlerer Dichte,BD,zwischen- und nachkriegszeitliche Strukturen,point_in_polygon_ray_casting,2026-09-03,1,0,0,88.379,1,1,eindeutig_zugeordnet
18153,48.282255,16.486099,22,22,22,22010,2201,92201,22A,R,Einfamilienhäuser und Kleingärten,RT,Einfamilienhausgebiete bzw. stark durchgrünte Strukturen,point_in_polygon_ray_casting,2026-09-03,1,0,0,46.971,1,1,eindeutig_zugeordnet
18154,48.197396,16.396564,3,3,3,03061,0306,90306,3D,G,Gründerzeit mit überwiegend kleineren Wohnungen,AGGGH,gründerzeitliche Gebiete,point_in_polygon_ray_casting,2026-09-03,1,0,0,6.664,1,1,eindeutig_zugeordnet
17909,48.205605,16.387253,3,3,3,03021,0302,90302,3A,GG,Gründerzeit mit überwiegend größeren Wohnungen,AGGGH,gründerzeitliche Gebiete,point_in_polygon_ray_casting,2026-09-03,1,0,0,47.485,1,1,eindeutig_zugeordnet
17910,48.224101,16.306117,16,16,16,16061,1606,91606,16D,B,zwischen- und nachkriegszeitliche Gebiete mittlerer Dichte,BD,zwischen- und nachkriegszeitliche Strukturen,point_in_polygon_ray_casting,2026-09-03,1,0,0,14.269,1,1,eindeutig_zugeordnet
17911,48.148716,16.390978,10,10,10,10201,1020,91020,10I,JA,Gebiete dominiert durch Bauten von 1961 bis 1991,JAN,"Mischgebiete der jüngeren Vergangenheit, Neubau- und Stadterweiterungsgebiete",point_in_polygon_ray_casting,2026-09-03,1,0,0,99.902,1,1,eindeutig_zugeordnet
17912,48.254868,16.414455,21,21,21,21232,2123,92123,21D,JA,Gebiete dominiert durch Bauten von 1961 bis 1991,JAN,"Mischgebiete der jüngeren Vergangenheit, Neubau- und Stadterweiterungsgebiete",point_in_polygon_ray_casting,2026-09-03,1,0,0,77.718,1,1,eindeutig_zugeordnet
17983,48.217469,16.330441,17,17,17,17025,1702,91702,17A,GG,Gründerzeit mit überwiegend größeren Wohnungen,AGGGH,gründerzeitliche Gebiete,point_in_polygon_ray_casting,2026-09-03,1,0,0,20.441,1,1,eindeutig_zugeordnet
17984,48.136783,16.402564,10,10,10,10180,1018,91018,10J,Y,heterogene Bebauung mit Überhang an Geschoßwohnungen,CXY,stark durchmischte Gebiete geringerer Dichte,point_in_polygon_ray_casting,2026-09-03,1,0,0,98.106,1,1,eindeutig_zugeordnet
17985,48.133137,16.282812,23,23,23,23113,2311,92311,23E,C,Bebauung mit überwiegend durchgrüntem Geschoßwohnbau,CXY,stark durchmischte Gebiete geringerer Dichte,point_in_polygon_ray_casting,2026-09-03,1,0,0,72.167,1,1,eindeutig_zugeordnet
17986,48.239053,16.350854,19,19,19,19043,1904,91904,19B,C,Bebauung mit überwiegend durchgrüntem Geschoßwohnbau,CXY,stark durchmischte Gebiete geringerer Dichte,point_in_polygon_ray_casting,2026-09-03,1,0,0,80.422,1,1,eindeutig_zugeordnet
18079,48.200590,16.318396,15,15,15,15075,1507,91507,15A,D,zwischen- und nachkriegszeitliche Gebiete hoher Dichte,BD,zwischen- und nachkriegszeitliche Strukturen,point_in_polygon_ray_casting,2026-09-03,1,0,0,43.185,1,1,eindeutig_zugeordnet
18080,48.236735,16.350242,19,19,19,19046,1904,91904,19B,B,zwischen- und nachkriegszeitliche Gebiete mittlerer Dichte,BD,zwischen- und nachkriegszeitliche Strukturen,point_in_polygon_ray_casting,2026-09-03,1,0,0,10.607,1,1,eindeutig_zugeordnet
18081,48.180769,16.369948,10,10,10,10061,1006,91006,10D,G,Gründerzeit mit überwiegend kleineren Wohnungen,AGGGH,gründerzeitliche Gebiete,point_in_polygon_ray_casting,2026-09-03,1,0,0,64.952,1,1,eindeutig_zugeordnet
18082,48.218448,16.331667,17,17,17,17020,1702,91702,17A,G,Gründerzeit mit überwiegend kleineren Wohnungen,AGGGH,gründerzeitliche Gebiete,point_in_polygon_ray_casting,2026-09-03,1,0,0,45.721,1,1,eindeutig_zugeordnet
18155,48.143248,16.279505,23,23,23,23101,2310,92310,23D,C,Bebauung mit überwiegend durchgrüntem Geschoßwohnbau,CXY,stark durchmischte Gebiete geringerer Dichte,point_in_polygon_ray_casting,2026-09-03,1,0,0,64.931,1,1,eindeutig_zugeordnet
18156,48.174252,16.420115,11,11,11,11028,1102,91102,11A,C,Bebauung mit überwiegend durchgrüntem Geschoßwohnbau,CXY,stark durchmischte Gebiete geringerer Dichte,point_in_polygon_ray_casting,2026-09-03,1,0,0,10.311,1,1,eindeutig_zugeordnet
18157,48.253978,16.410375,21,21,21,21233,2123,92123,21D,JA,Gebiete dominiert durch Bauten von 1961 bis 1991,JAN,"Mischgebiete der jüngeren Vergangenheit, Neubau- und Stadterweiterungsgebiete",point_in_polygon_ray_casting,2026-09-03,1,0,0,111.223,1,1,eindeutig_zugeordnet
18158,48.176596,16.277657,13,13,13,13091,1309,91309,13C,R,Einfamilienhäuser und Kleingärten,RT,Einfamilienhausgebiete bzw. stark durchgrünte Strukturen,point_in_polygon_ray_casting,2026-09-03,1,0,0,32.424,1,1,eindeutig_zugeordnet
18159,48.222002,16.457771,22,22,22,22181,2218,92218,22I,C,Bebauung mit überwiegend durchgrüntem Geschoßwohnbau,CXY,stark durchmischte Gebiete geringerer Dichte,point_in_polygon_ray_casting,2026-09-03,1,0,0,12.102,1,1,eindeutig_zugeordnet
18160,48.190818,16.338710,6,6,6,06036,0603,90603,6A,GG,Gründerzeit mit überwiegend größeren Wohnungen,AGGGH,gründerzeitliche Gebiete,point_in_polygon_ray_casting,2026-09-03,1,0,0,10.078,1,1,eindeutig_zugeordnet
17913,48.230241,16.320084,18,18,18,18047,1804,91804,18C,C,Bebauung mit überwiegend durchgrüntem Geschoßwohnbau,CXY,stark durchmischte Gebiete geringerer Dichte,point_in_polygon_ray_casting,2026-09-03,1,0,0,78.918,1,1,eindeutig_zugeordnet
17914,48.228663,16.329729,18,18,18,18030,1803,91803,18B,B,zwischen- und nachkriegszeitliche Gebiete mittlerer Dichte,BD,zwischen- und nachkriegszeitliche Strukturen,point_in_polygon_ray_casting,2026-09-03,1,0,0,87.231,1,1,eindeutig_zugeordnet
17987,48.156036,16.464887,11,11,11,11100,1110,91110,11E,JN,Neubau ab 1991 und Stadterweiterung,JAN,"Mischgebiete der jüngeren Vergangenheit, Neubau- und Stadterweiterungsgebiete",point_in_polygon_ray_casting,2026-09-03,1,0,0,217.288,1,1,eindeutig_zugeordnet
17988,48.254737,16.357509,19,19,19,19013,1901,91901,19A,H,Cottages,AGGGH,gründerzeitliche Gebiete,point_in_polygon_ray_casting,2026-09-03,1,0,0,89.103,1,1,eindeutig_zugeordnet
17989,48.200457,16.324655,15,15,15,15016,1501,91501,15A,D,zwischen- und nachkriegszeitliche Gebiete hoher Dichte,BD,zwischen- und nachkriegszeitliche Strukturen,point_in_polygon_ray_casting,2026-09-03,1,0,0,33.479,1,1,eindeutig_zugeordnet
17990,48.182436,16.275670,13,13,13,13046,1304,91304,13B,R,Einfamilienhäuser und Kleingärten,RT,Einfamilienhausgebiete bzw. stark durchgrünte Strukturen,point_in_polygon_ray_casting,2026-09-03,1,0,0,48.308,1,1,eindeutig_zugeordnet
17991,48.157064,16.310091,23,23,23,23083,2308,92308,23G,R,Einfamilienhäuser und Kleingärten,RT,Einfamilienhausgebiete bzw. stark durchgrünte Strukturen,point_in_polygon_ray_casting,2026-09-03,1,0,0,214.405,1,1,eindeutig_zugeordnet
17992,48.180367,16.328957,12,12,12,12050,1205,91205,12B,A,"Zentrum, Altstadt und Gründerzeit",AGGGH,gründerzeitliche Gebiete,point_in_polygon_ray_casting,2026-09-03,1,0,0,36.101,1,1,eindeutig_zugeordnet
18083,48.169220,16.378566,10,10,10,10031,1003,91003,10C,D,zwischen- und nachkriegszeitliche Gebiete hoher Dichte,BD,zwischen- und nachkriegszeitliche Strukturen,point_in_polygon_ray_casting,2026-09-03,1,0,0,54.607,1,1,eindeutig_zugeordnet
18084,48.176454,16.332051,12,12,12,12045,1204,91204,12B,D,zwischen- und nachkriegszeitliche Gebiete hoher Dichte,BD,zwischen- und nachkriegszeitliche Strukturen,point_in_polygon_ray_casting,2026-09-03,1,0,0,49.370,1,1,eindeutig_zugeordnet
18085,48.198656,16.282125,14,14,14,14084,1408,91408,14D,Z,überwiegend städtische Infrastruktur und sonstige Nutzungen,ZI,industriell-gewerblich oder durch sonstige Nutzungen dominierte Gebiete,point_in_polygon_ray_casting,2026-09-03,1,0,0,20.175,1,1,eindeutig_zugeordnet
18086,48.170141,16.380530,10,10,10,10230,1023,91023,10C,D,zwischen- und nachkriegszeitliche Gebiete hoher Dichte,BD,zwischen- und nachkriegszeitliche Strukturen,point_in_polygon_ray_casting,2026-09-03,1,0,0,18.633,1,1,eindeutig_zugeordnet
18087,48.216264,16.384628,2,2,2,02051,0205,90205,2B,GG,Gründerzeit mit überwiegend größeren Wohnungen,AGGGH,gründerzeitliche Gebiete,point_in_polygon_ray_casting,2026-09-03,1,0,0,12.280,1,1,eindeutig_zugeordnet
18161,48.194678,16.294757,14,14,14,14043,1404,91404,14C,JA,Gebiete dominiert durch Bauten von 1961 bis 1991,JAN,"Mischgebiete der jüngeren Vergangenheit, Neubau- und Stadterweiterungsgebiete",point_in_polygon_ray_casting,2026-09-03,1,0,0,52.607,1,1,eindeutig_zugeordnet
18162,48.146927,16.395443,10,10,10,10202,1020,91020,10I,JA,Gebiete dominiert durch Bauten von 1961 bis 1991,JAN,"Mischgebiete der jüngeren Vergangenheit, Neubau- und Stadterweiterungsgebiete",point_in_polygon_ray_casting,2026-09-03,1,0,0,124.787,1,1,eindeutig_zugeordnet
18163,48.220553,16.374599,2,2,2,02035,0203,90203,2C,GG,Gründerzeit mit überwiegend größeren Wohnungen,AGGGH,gründerzeitliche Gebiete,point_in_polygon_ray_casting,2026-09-03,1,0,0,69.646,1,1,eindeutig_zugeordnet
18164,48.213402,16.393394,2,2,2,02060,0206,90206,2D,B,zwischen- und nachkriegszeitliche Gebiete mittlerer Dichte,BD,zwischen- und nachkriegszeitliche Strukturen,point_in_polygon_ray_casting,2026-09-03,1,0,0,49.182,1,1,eindeutig_zugeordnet
15666,48.195484,16.395358,3,3,3,03051,0305,90305,3C,G,Gründerzeit mit überwiegend kleineren Wohnungen,AGGGH,gründerzeitliche Gebiete,point_in_polygon_ray_casting,2026-09-03,1,0,0,41.158,1,1,eindeutig_zugeordnet
15667,48.206935,16.344181,7,7,7,07052,0705,90705,7B,GG,Gründerzeit mit überwiegend größeren Wohnungen,AGGGH,gründerzeitliche Gebiete,point_in_polygon_ray_casting,2026-09-03,1,0,0,50.096,1,1,eindeutig_zugeordnet
15668,48.238918,16.387003,20,20,20,20024,2002,92002,20C,D,zwischen- und nachkriegszeitliche Gebiete hoher Dichte,BD,zwischen- und nachkriegszeitliche Strukturen,point_in_polygon_ray_casting,2026-09-03,1,0,0,30.887,1,1,eindeutig_zugeordnet
15669,48.170919,16.388115,10,10,10,10027,1002,91002,10B,D,zwischen- und nachkriegszeitliche Gebiete hoher Dichte,BD,zwischen- und nachkriegszeitliche Strukturen,point_in_polygon_ray_casting,2026-09-03,1,0,0,21.678,1,1,eindeutig_zugeordnet
15670,48.208960,16.354444,8,8,8,08029,0802,90802,8A,GG,Gründerzeit mit überwiegend größeren Wohnungen,AGGGH,gründerzeitliche Gebiete,point_in_polygon_ray_casting,2026-09-03,1,0,0,21.841,1,1,eindeutig_zugeordnet
15671,48.226314,16.357892,9,9,9,09014,0901,90901,9A,G,Gründerzeit mit überwiegend kleineren Wohnungen,AGGGH,gründerzeitliche Gebiete,point_in_polygon_ray_casting,2026-09-03,1,0,0,39.669,1,1,eindeutig_zugeordnet
17660,48.187945,16.327527,15,15,15,15056,1505,91505,15C,JA,Gebiete dominiert durch Bauten von 1961 bis 1991,JAN,"Mischgebiete der jüngeren Vergangenheit, Neubau- und Stadterweiterungsgebiete",point_in_polygon_ray_casting,2026-09-03,1,0,0,28.432,1,1,eindeutig_zugeordnet
17661,48.218355,16.481015,22,22,22,22230,2223,92223,22I,X,heterogene Bebauung mit Überhang an Einfamilien- und Reihenhäusern,CXY,stark durchmischte Gebiete geringerer Dichte,point_in_polygon_ray_casting,2026-09-03,1,0,0,147.580,1,1,eindeutig_zugeordnet
17662,48.196310,16.405637,3,3,3,03066,0306,90306,3D,G,Gründerzeit mit überwiegend kleineren Wohnungen,AGGGH,gründerzeitliche Gebiete,point_in_polygon_ray_casting,2026-09-03,1,0,0,26.682,1,1,eindeutig_zugeordnet
17663,48.166318,16.418147,11,11,11,11051,1105,91105,11C,B,zwischen- und nachkriegszeitliche Gebiete mittlerer Dichte,BD,zwischen- und nachkriegszeitliche Strukturen,point_in_polygon_ray_casting,2026-09-03,1,0,0,62.461,1,1,eindeutig_zugeordnet
17664,48.247130,16.429252,22,22,22,22100,2210,92210,22G,JN,Neubau ab 1991 und Stadterweiterung,JAN,"Mischgebiete der jüngeren Vergangenheit, Neubau- und Stadterweiterungsgebiete",point_in_polygon_ray_casting,2026-09-03,1,0,0,101.238,1,1,eindeutig_zugeordnet
17665,48.222737,16.401912,2,2,2,02072,0207,90207,2E,D,zwischen- und nachkriegszeitliche Gebiete hoher Dichte,BD,zwischen- und nachkriegszeitliche Strukturen,point_in_polygon_ray_casting,2026-09-03,1,0,0,70.538,1,1,eindeutig_zugeordnet
17666,48.224472,16.314060,17,17,17,17032,1703,91703,17B,G,Gründerzeit mit überwiegend kleineren Wohnungen,AGGGH,gründerzeitliche Gebiete,point_in_polygon_ray_casting,2026-09-03,1,0,0,24.284,1,1,eindeutig_zugeordnet
17757,48.229720,16.417818,22,22,22,22112,2211,92211,22F,B,zwischen- und nachkriegszeitliche Gebiete mittlerer Dichte,BD,zwischen- und nachkriegszeitliche Strukturen,point_in_polygon_ray_casting,2026-09-03,1,0,0,64.494,1,1,eindeutig_zugeordnet
17758,48.222180,16.384526,2,2,2,02026,0202,90202,2B,G,Gründerzeit mit überwiegend kleineren Wohnungen,AGGGH,gründerzeitliche Gebiete,point_in_polygon_ray_casting,2026-09-03,1,0,0,9.341,1,1,eindeutig_zugeordnet
17759,48.233357,16.370679,20,20,20,20031,2003,92003,20D,G,Gründerzeit mit überwiegend kleineren Wohnungen,AGGGH,gründerzeitliche Gebiete,point_in_polygon_ray_casting,2026-09-03,1,0,0,44.017,1,1,eindeutig_zugeordnet
17760,48.184735,16.322066,12,12,12,12060,1206,91206,12C,G,Gründerzeit mit überwiegend kleineren Wohnungen,AGGGH,gründerzeitliche Gebiete,point_in_polygon_ray_casting,2026-09-03,1,0,0,53.640,1,1,eindeutig_zugeordnet
17761,48.218258,16.411110,2,2,2,02093,0209,90209,2E,JN,Neubau ab 1991 und Stadterweiterung,JAN,"Mischgebiete der jüngeren Vergangenheit, Neubau- und Stadterweiterungsgebiete",point_in_polygon_ray_casting,2026-09-03,1,0,0,24.278,1,1,eindeutig_zugeordnet
15580,48.194424,16.301308,14,14,14,14046,1404,91404,14C,JA,Gebiete dominiert durch Bauten von 1961 bis 1991,JAN,"Mischgebiete der jüngeren Vergangenheit, Neubau- und Stadterweiterungsgebiete",point_in_polygon_ray_casting,2026-09-03,1,0,0,18.480,1,1,eindeutig_zugeordnet
15581,48.171409,16.380539,10,10,10,10230,1023,91023,10C,D,zwischen- und nachkriegszeitliche Gebiete hoher Dichte,BD,zwischen- und nachkriegszeitliche Strukturen,point_in_polygon_ray_casting,2026-09-03,1,0,0,68.757,1,1,eindeutig_zugeordnet
15582,48.150469,16.266810,23,23,23,23140,2314,92314,23F,R,Einfamilienhäuser und Kleingärten,RT,Einfamilienhausgebiete bzw. stark durchgrünte Strukturen,point_in_polygon_ray_casting,2026-09-03,1,0,0,153.964,1,1,eindeutig_zugeordnet
15583,48.242157,16.342480,19,19,19,19086,1908,91908,19C,B,zwischen- und nachkriegszeitliche Gebiete mittlerer Dichte,BD,zwischen- und nachkriegszeitliche Strukturen,point_in_polygon_ray_casting,2026-09-03,1,0,0,36.432,1,1,eindeutig_zugeordnet
15584,48.170029,16.417605,11,11,11,11039,1103,91103,11B,C,Bebauung mit überwiegend durchgrüntem Geschoßwohnbau,CXY,stark durchmischte Gebiete geringerer Dichte,point_in_polygon_ray_casting,2026-09-03,1,0,0,111.093,1,1,eindeutig_zugeordnet
15585,48.254181,16.410153,21,21,21,21233,2123,92123,21D,JA,Gebiete dominiert durch Bauten von 1961 bis 1991,JAN,"Mischgebiete der jüngeren Vergangenheit, Neubau- und Stadterweiterungsgebiete",point_in_polygon_ray_casting,2026-09-03,1,0,0,97.480,1,1,eindeutig_zugeordnet
15586,48.155465,16.280966,23,23,23,23094,2309,92309,23D,C,Bebauung mit überwiegend durchgrüntem Geschoßwohnbau,CXY,stark durchmischte Gebiete geringerer Dichte,point_in_polygon_ray_casting,2026-09-03,1,0,0,70.477,1,1,eindeutig_zugeordnet
15587,48.167436,16.378266,10,10,10,10032,1003,91003,10C,D,zwischen- und nachkriegszeitliche Gebiete hoher Dichte,BD,zwischen- und nachkriegszeitliche Strukturen,point_in_polygon_ray_casting,2026-09-03,1,0,0,114.705,1,1,eindeutig_zugeordnet
15673,48.192416,16.330753,15,15,15,15033,1503,91503,15C,G,Gründerzeit mit überwiegend kleineren Wohnungen,AGGGH,gründerzeitliche Gebiete,point_in_polygon_ray_casting,2026-09-03,1,0,0,35.853,1,1,eindeutig_zugeordnet
15674,48.233133,16.371439,20,20,20,20031,2003,92003,20D,G,Gründerzeit mit überwiegend kleineren Wohnungen,AGGGH,gründerzeitliche Gebiete,point_in_polygon_ray_casting,2026-09-03,1,0,0,84.919,1,1,eindeutig_zugeordnet
15675,48.301315,16.411601,21,21,21,21012,2101,92101,21A,R,Einfamilienhäuser und Kleingärten,RT,Einfamilienhausgebiete bzw. stark durchgrünte Strukturen,point_in_polygon_ray_casting,2026-09-03,1,0,0,188.644,1,1,eindeutig_zugeordnet
15676,48.202918,16.392590,3,3,3,03026,0302,90302,3A,JA,Gebiete dominiert durch Bauten von 1961 bis 1991,JAN,"Mischgebiete der jüngeren Vergangenheit, Neubau- und Stadterweiterungsgebiete",point_in_polygon_ray_casting,2026-09-03,1,0,0,33.668,1,1,eindeutig_zugeordnet
15672,48.214933,16.327151,17,17,17,17026,1702,91702,17A,JA,Gebiete dominiert durch Bauten von 1961 bis 1991,JAN,"Mischgebiete der jüngeren Vergangenheit, Neubau- und Stadterweiterungsgebiete",point_in_polygon_ray_casting,2026-09-03,1,0,0,52.852,1,1,eindeutig_zugeordnet
15677,48.245079,16.331222,19,19,19,19081,1908,91908,19C,JA,Gebiete dominiert durch Bauten von 1961 bis 1991,JAN,"Mischgebiete der jüngeren Vergangenheit, Neubau- und Stadterweiterungsgebiete",point_in_polygon_ray_casting,2026-09-03,1,0,0,88.383,1,1,eindeutig_zugeordnet
15678,48.169234,16.296490,12,12,12,12113,1211,91211,12E,GG,Gründerzeit mit überwiegend größeren Wohnungen,AGGGH,gründerzeitliche Gebiete,point_in_polygon_ray_casting,2026-09-03,1,0,0,47.657,1,1,eindeutig_zugeordnet
15679,48.235771,16.355238,19,19,19,19047,1904,91904,19B,G,Gründerzeit mit überwiegend kleineren Wohnungen,AGGGH,gründerzeitliche Gebiete,point_in_polygon_ray_casting,2026-09-03,1,0,0,55.135,1,1,eindeutig_zugeordnet
17667,48.133694,16.258465,23,23,23,23121,2312,92312,23E,R,Einfamilienhäuser und Kleingärten,RT,Einfamilienhausgebiete bzw. stark durchgrünte Strukturen,point_in_polygon_ray_casting,2026-09-03,1,0,0,251.828,1,1,eindeutig_zugeordnet
17668,48.169310,16.383623,10,10,10,10231,1023,91023,10C,B,zwischen- und nachkriegszeitliche Gebiete mittlerer Dichte,BD,zwischen- und nachkriegszeitliche Strukturen,point_in_polygon_ray_casting,2026-09-03,1,0,0,80.466,1,1,eindeutig_zugeordnet
17669,48.262496,16.388902,21,21,21,21172,2117,92117,21F,B,zwischen- und nachkriegszeitliche Gebiete mittlerer Dichte,BD,zwischen- und nachkriegszeitliche Strukturen,point_in_polygon_ray_casting,2026-09-03,1,0,0,98.097,1,1,eindeutig_zugeordnet
17670,48.247590,16.448542,22,22,22,22081,2208,92208,22D,C,Bebauung mit überwiegend durchgrüntem Geschoßwohnbau,CXY,stark durchmischte Gebiete geringerer Dichte,point_in_polygon_ray_casting,2026-09-03,1,0,0,47.336,1,1,eindeutig_zugeordnet
17671,48.187626,16.376536,4,4,4,04027,0402,90402,4B,D,zwischen- und nachkriegszeitliche Gebiete hoher Dichte,BD,zwischen- und nachkriegszeitliche Strukturen,point_in_polygon_ray_casting,2026-09-03,1,0,0,83.297,1,1,eindeutig_zugeordnet
17672,48.244156,16.336531,19,19,19,19081,1908,91908,19C,JA,Gebiete dominiert durch Bauten von 1961 bis 1991,JAN,"Mischgebiete der jüngeren Vergangenheit, Neubau- und Stadterweiterungsgebiete",point_in_polygon_ray_casting,2026-09-03,1,0,0,38.462,1,1,eindeutig_zugeordnet
17762,48.199420,16.321464,15,15,15,15077,1507,91507,15A,G,Gründerzeit mit überwiegend kleineren Wohnungen,AGGGH,gründerzeitliche Gebiete,point_in_polygon_ray_casting,2026-09-03,1,0,0,43.610,1,1,eindeutig_zugeordnet
17763,48.184795,16.363328,5,5,5,05028,0502,90502,5B,D,zwischen- und nachkriegszeitliche Gebiete hoher Dichte,BD,zwischen- und nachkriegszeitliche Strukturen,point_in_polygon_ray_casting,2026-09-03,1,0,0,44.258,1,1,eindeutig_zugeordnet
17764,48.179468,16.344381,12,12,12,12029,1202,91202,12A,Z,überwiegend städtische Infrastruktur und sonstige Nutzungen,ZI,industriell-gewerblich oder durch sonstige Nutzungen dominierte Gebiete,point_in_polygon_ray_casting,2026-09-03,1,0,0,96.098,1,1,eindeutig_zugeordnet
17765,48.189185,16.260508,13,13,13,13042,1304,91304,13B,R,Einfamilienhäuser und Kleingärten,RT,Einfamilienhausgebiete bzw. stark durchgrünte Strukturen,point_in_polygon_ray_casting,2026-09-03,1,0,0,11.959,1,1,eindeutig_zugeordnet
17766,48.200378,16.381698,3,3,3,03033,0303,90303,3B,D,zwischen- und nachkriegszeitliche Gebiete hoher Dichte,BD,zwischen- und nachkriegszeitliche Strukturen,point_in_polygon_ray_casting,2026-09-03,1,0,0,50.269,1,1,eindeutig_zugeordnet
17767,48.250790,16.301576,19,19,19,19101,1910,91910,19A,R,Einfamilienhäuser und Kleingärten,RT,Einfamilienhausgebiete bzw. stark durchgrünte Strukturen,point_in_polygon_ray_casting,2026-09-03,1,0,0,229.047,1,1,eindeutig_zugeordnet
15588,48.221202,16.381641,2,2,2,02040,0204,90204,2C,GG,Gründerzeit mit überwiegend größeren Wohnungen,AGGGH,gründerzeitliche Gebiete,point_in_polygon_ray_casting,2026-09-03,1,0,0,26.528,1,1,eindeutig_zugeordnet
15589,48.198098,16.335247,15,15,15,15028,1502,91502,15B,G,Gründerzeit mit überwiegend kleineren Wohnungen,AGGGH,gründerzeitliche Gebiete,point_in_polygon_ray_casting,2026-09-03,1,0,0,64.822,1,1,eindeutig_zugeordnet
15590,48.167764,16.307885,12,12,12,12114,1211,91211,12E,C,Bebauung mit überwiegend durchgrüntem Geschoßwohnbau,CXY,stark durchmischte Gebiete geringerer Dichte,point_in_polygon_ray_casting,2026-09-03,1,0,0,112.673,1,1,eindeutig_zugeordnet
15591,48.212663,16.224747,14,14,14,14120,1412,91412,14E,R,Einfamilienhäuser und Kleingärten,RT,Einfamilienhausgebiete bzw. stark durchgrünte Strukturen,point_in_polygon_ray_casting,2026-09-03,1,0,0,239.832,1,1,eindeutig_zugeordnet
15592,48.203093,16.327806,15,15,15,15013,1501,91501,15A,JN,Neubau ab 1991 und Stadterweiterung,JAN,"Mischgebiete der jüngeren Vergangenheit, Neubau- und Stadterweiterungsgebiete",point_in_polygon_ray_casting,2026-09-03,1,0,0,35.273,1,1,eindeutig_zugeordnet
15593,48.235684,16.289695,17,17,17,17061,1706,91706,17C,R,Einfamilienhäuser und Kleingärten,RT,Einfamilienhausgebiete bzw. stark durchgrünte Strukturen,point_in_polygon_ray_casting,2026-09-03,1,0,0,62.279,1,1,eindeutig_zugeordnet
15594,48.149050,16.331767,23,23,23,23020,2302,92302,23B,X,heterogene Bebauung mit Überhang an Einfamilien- und Reihenhäusern,CXY,stark durchmischte Gebiete geringerer Dichte,point_in_polygon_ray_casting,2026-09-03,1,0,0,85.847,1,1,eindeutig_zugeordnet
15595,48.176272,16.386458,10,10,10,10022,1002,91002,10B,D,zwischen- und nachkriegszeitliche Gebiete hoher Dichte,BD,zwischen- und nachkriegszeitliche Strukturen,point_in_polygon_ray_casting,2026-09-03,1,0,0,17.129,1,1,eindeutig_zugeordnet
15596,48.141066,16.262567,23,23,23,23131,2313,92313,23F,R,Einfamilienhäuser und Kleingärten,RT,Einfamilienhausgebiete bzw. stark durchgrünte Strukturen,point_in_polygon_ray_casting,2026-09-03,1,0,0,117.561,1,1,eindeutig_zugeordnet
15597,48.183606,16.408446,11,11,11,11020,1102,91102,11A,B,zwischen- und nachkriegszeitliche Gebiete mittlerer Dichte,BD,zwischen- und nachkriegszeitliche Strukturen,point_in_polygon_ray_casting,2026-09-03,1,0,0,84.458,1,1,eindeutig_zugeordnet
15680,48.142337,16.314975,23,23,23,23041,2304,92304,23B,JN,Neubau ab 1991 und Stadterweiterung,JAN,"Mischgebiete der jüngeren Vergangenheit, Neubau- und Stadterweiterungsgebiete",point_in_polygon_ray_casting,2026-09-03,1,0,0,157.015,1,1,eindeutig_zugeordnet
17601,48.277868,16.403532,21,21,21,21120,2112,92112,21E,R,Einfamilienhäuser und Kleingärten,RT,Einfamilienhausgebiete bzw. stark durchgrünte Strukturen,point_in_polygon_ray_casting,2026-09-03,1,0,0,35.029,1,1,eindeutig_zugeordnet
17602,48.226146,16.329839,18,18,18,18030,1803,91803,18B,B,zwischen- und nachkriegszeitliche Gebiete mittlerer Dichte,BD,zwischen- und nachkriegszeitliche Strukturen,point_in_polygon_ray_casting,2026-09-03,1,0,0,18.285,1,1,eindeutig_zugeordnet
17603,48.171340,16.353199,10,10,10,10084,1008,91008,10F,Z,überwiegend städtische Infrastruktur und sonstige Nutzungen,ZI,industriell-gewerblich oder durch sonstige Nutzungen dominierte Gebiete,point_in_polygon_ray_casting,2026-09-03,1,0,0,30.042,1,1,eindeutig_zugeordnet
17604,48.242391,16.449693,22,22,22,22141,2214,92214,22E,T,Reihenhäuser,RT,Einfamilienhausgebiete bzw. stark durchgrünte Strukturen,point_in_polygon_ray_casting,2026-09-03,1,0,0,53.479,1,1,eindeutig_zugeordnet
17674,48.153813,16.267650,23,23,23,23140,2314,92314,23F,R,Einfamilienhäuser und Kleingärten,RT,Einfamilienhausgebiete bzw. stark durchgrünte Strukturen,point_in_polygon_ray_casting,2026-09-03,1,0,0,61.399,1,1,eindeutig_zugeordnet
17675,48.194516,16.284884,14,14,14,14065,1406,91406,14B,JA,Gebiete dominiert durch Bauten von 1961 bis 1991,JAN,"Mischgebiete der jüngeren Vergangenheit, Neubau- und Stadterweiterungsgebiete",point_in_polygon_ray_casting,2026-09-03,1,0,0,19.607,1,1,eindeutig_zugeordnet
17676,48.249733,16.410671,21,21,21,21261,2126,92126,21D,JN,Neubau ab 1991 und Stadterweiterung,JAN,"Mischgebiete der jüngeren Vergangenheit, Neubau- und Stadterweiterungsgebiete",point_in_polygon_ray_casting,2026-09-03,1,0,0,76.709,1,1,eindeutig_zugeordnet
17677,48.206273,16.250272,14,14,14,14102,1410,91410,14E,C,Bebauung mit überwiegend durchgrüntem Geschoßwohnbau,CXY,stark durchmischte Gebiete geringerer Dichte,point_in_polygon_ray_casting,2026-09-03,1,0,0,45.721,1,1,eindeutig_zugeordnet
17678,48.196768,16.316341,15,15,15,15063,1506,91506,15B,G,Gründerzeit mit überwiegend kleineren Wohnungen,AGGGH,gründerzeitliche Gebiete,point_in_polygon_ray_casting,2026-09-03,1,0,0,55.340,1,1,eindeutig_zugeordnet
17679,48.224953,16.401216,2,2,2,02013,0201,90201,2A,D,zwischen- und nachkriegszeitliche Gebiete hoher Dichte,BD,zwischen- und nachkriegszeitliche Strukturen,point_in_polygon_ray_casting,2026-09-03,1,0,0,64.682,1,1,eindeutig_zugeordnet
17673,48.172321,16.417831,11,11,11,11037,1103,91103,11B,JA,Gebiete dominiert durch Bauten von 1961 bis 1991,JAN,"Mischgebiete der jüngeren Vergangenheit, Neubau- und Stadterweiterungsgebiete",point_in_polygon_ray_casting,2026-09-03,1,0,0,11.460,1,1,eindeutig_zugeordnet
17768,48.240740,16.281133,17,17,17,17061,1706,91706,17C,R,Einfamilienhäuser und Kleingärten,RT,Einfamilienhausgebiete bzw. stark durchgrünte Strukturen,point_in_polygon_ray_casting,2026-09-03,1,0,0,42.839,1,1,eindeutig_zugeordnet
17769,48.199525,16.364145,6,6,6,06014,0601,90601,6A,G,Gründerzeit mit überwiegend kleineren Wohnungen,AGGGH,gründerzeitliche Gebiete,point_in_polygon_ray_casting,2026-09-03,1,0,0,70.487,1,1,eindeutig_zugeordnet
17770,48.202074,16.437175,2,2,2,02080,0208,90208,2D,R,Einfamilienhäuser und Kleingärten,RT,Einfamilienhausgebiete bzw. stark durchgrünte Strukturen,point_in_polygon_ray_casting,2026-09-03,1,0,0,40.012,1,1,eindeutig_zugeordnet
17771,48.184728,16.275198,13,13,13,13046,1304,91304,13B,R,Einfamilienhäuser und Kleingärten,RT,Einfamilienhausgebiete bzw. stark durchgrünte Strukturen,point_in_polygon_ray_casting,2026-09-03,1,0,0,24.417,1,1,eindeutig_zugeordnet
15598,48.237449,16.388675,20,20,20,20024,2002,92002,20C,D,zwischen- und nachkriegszeitliche Gebiete hoher Dichte,BD,zwischen- und nachkriegszeitliche Strukturen,point_in_polygon_ray_casting,2026-09-03,1,0,0,29.763,1,1,eindeutig_zugeordnet
15599,48.166178,16.383358,10,10,10,10231,1023,91023,10C,B,zwischen- und nachkriegszeitliche Gebiete mittlerer Dichte,BD,zwischen- und nachkriegszeitliche Strukturen,point_in_polygon_ray_casting,2026-09-03,1,0,0,58.950,1,1,eindeutig_zugeordnet
15600,48.215524,16.342081,9,9,9,09033,0903,90903,9B,GG,Gründerzeit mit überwiegend größeren Wohnungen,AGGGH,gründerzeitliche Gebiete,point_in_polygon_ray_casting,2026-09-03,1,0,0,35.839,1,1,eindeutig_zugeordnet
15601,48.230551,16.345591,18,18,18,18027,1802,91802,18B,GG,Gründerzeit mit überwiegend größeren Wohnungen,AGGGH,gründerzeitliche Gebiete,point_in_polygon_ray_casting,2026-09-03,1,0,0,11.195,1,1,eindeutig_zugeordnet
15602,48.170144,16.354130,10,10,10,10100,1010,91010,10F,B,zwischen- und nachkriegszeitliche Gebiete mittlerer Dichte,BD,zwischen- und nachkriegszeitliche Strukturen,point_in_polygon_ray_casting,2026-09-03,1,0,0,94.736,1,1,eindeutig_zugeordnet
15603,48.224219,16.353739,9,9,9,09047,0904,90904,9A,GG,Gründerzeit mit überwiegend größeren Wohnungen,AGGGH,gründerzeitliche Gebiete,point_in_polygon_ray_casting,2026-09-03,1,0,0,11.570,1,1,eindeutig_zugeordnet
15604,48.195029,16.405224,3,3,3,03065,0306,90306,3D,B,zwischen- und nachkriegszeitliche Gebiete mittlerer Dichte,BD,zwischen- und nachkriegszeitliche Strukturen,point_in_polygon_ray_casting,2026-09-03,1,0,0,74.252,1,1,eindeutig_zugeordnet
17605,48.212894,16.331592,16,16,16,16011,1601,91601,16A,G,Gründerzeit mit überwiegend kleineren Wohnungen,AGGGH,gründerzeitliche Gebiete,point_in_polygon_ray_casting,2026-09-03,1,0,0,8.173,1,1,eindeutig_zugeordnet
17606,48.190968,16.373159,4,4,4,04021,0402,90402,4B,GG,Gründerzeit mit überwiegend größeren Wohnungen,AGGGH,gründerzeitliche Gebiete,point_in_polygon_ray_casting,2026-09-03,1,0,0,50.143,1,1,eindeutig_zugeordnet
17607,48.227817,16.358033,9,9,9,09014,0901,90901,9A,G,Gründerzeit mit überwiegend kleineren Wohnungen,AGGGH,gründerzeitliche Gebiete,point_in_polygon_ray_casting,2026-09-03,1,0,0,17.901,1,1,eindeutig_zugeordnet
17608,48.150544,16.347915,23,23,23,23013,2301,92301,23A,C,Bebauung mit überwiegend durchgrüntem Geschoßwohnbau,CXY,stark durchmischte Gebiete geringerer Dichte,point_in_polygon_ray_casting,2026-09-03,1,0,0,28.165,1,1,eindeutig_zugeordnet
17609,48.220019,16.375227,2,2,2,02035,0203,90203,2C,GG,Gründerzeit mit überwiegend größeren Wohnungen,AGGGH,gründerzeitliche Gebiete,point_in_polygon_ray_casting,2026-09-03,1,0,0,70.513,1,1,eindeutig_zugeordnet
17610,48.226946,16.342816,18,18,18,18024,1802,91802,18B,GG,Gründerzeit mit überwiegend größeren Wohnungen,AGGGH,gründerzeitliche Gebiete,point_in_polygon_ray_casting,2026-09-03,1,0,0,22.450,1,1,eindeutig_zugeordnet
17681,48.185727,16.340935,12,12,12,12013,1201,91201,12A,JA,Gebiete dominiert durch Bauten von 1961 bis 1991,JAN,"Mischgebiete der jüngeren Vergangenheit, Neubau- und Stadterweiterungsgebiete",point_in_polygon_ray_casting,2026-09-03,1,0,0,83.851,1,1,eindeutig_zugeordnet
17682,48.190595,16.352141,6,6,6,06028,0602,90602,6A,GG,Gründerzeit mit überwiegend größeren Wohnungen,AGGGH,gründerzeitliche Gebiete,point_in_polygon_ray_casting,2026-09-03,1,0,0,41.727,1,1,eindeutig_zugeordnet
17683,48.227558,16.356090,9,9,9,09012,0901,90901,9A,GG,Gründerzeit mit überwiegend größeren Wohnungen,AGGGH,gründerzeitliche Gebiete,point_in_polygon_ray_casting,2026-09-03,1,0,0,20.362,1,1,eindeutig_zugeordnet
17680,48.180389,16.415736,11,11,11,11023,1102,91102,11A,JN,Neubau ab 1991 und Stadterweiterung,JAN,"Mischgebiete der jüngeren Vergangenheit, Neubau- und Stadterweiterungsgebiete",point_in_polygon_ray_casting,2026-09-03,1,0,0,78.734,1,1,eindeutig_zugeordnet
17684,48.221737,16.325163,17,17,17,17036,1703,91703,17B,G,Gründerzeit mit überwiegend kleineren Wohnungen,AGGGH,gründerzeitliche Gebiete,point_in_polygon_ray_casting,2026-09-03,1,0,0,19.148,1,1,eindeutig_zugeordnet
17685,48.168966,16.413944,11,11,11,11038,1103,91103,11B,JA,Gebiete dominiert durch Bauten von 1961 bis 1991,JAN,"Mischgebiete der jüngeren Vergangenheit, Neubau- und Stadterweiterungsgebiete",point_in_polygon_ray_casting,2026-09-03,1,0,0,156.621,1,1,eindeutig_zugeordnet
17686,48.207138,16.316895,16,16,16,16033,1603,91603,16B,D,zwischen- und nachkriegszeitliche Gebiete hoher Dichte,BD,zwischen- und nachkriegszeitliche Strukturen,point_in_polygon_ray_casting,2026-09-03,1,0,0,58.467,1,1,eindeutig_zugeordnet
17772,48.184564,16.349263,5,5,5,05031,0503,90503,5C,G,Gründerzeit mit überwiegend kleineren Wohnungen,AGGGH,gründerzeitliche Gebiete,point_in_polygon_ray_casting,2026-09-03,1,0,0,49.861,1,1,eindeutig_zugeordnet
17773,48.203766,16.245596,14,14,14,14102,1410,91410,14E,C,Bebauung mit überwiegend durchgrüntem Geschoßwohnbau,CXY,stark durchmischte Gebiete geringerer Dichte,point_in_polygon_ray_casting,2026-09-03,1,0,0,39.358,1,1,eindeutig_zugeordnet
17774,48.172253,16.386895,10,10,10,10027,1002,91002,10B,D,zwischen- und nachkriegszeitliche Gebiete hoher Dichte,BD,zwischen- und nachkriegszeitliche Strukturen,point_in_polygon_ray_casting,2026-09-03,1,0,0,42.042,1,1,eindeutig_zugeordnet
17775,48.205151,16.346399,7,7,7,07057,0705,90705,7B,GG,Gründerzeit mit überwiegend größeren Wohnungen,AGGGH,gründerzeitliche Gebiete,point_in_polygon_ray_casting,2026-09-03,1,0,0,44.353,1,1,eindeutig_zugeordnet
17776,48.163564,16.279224,13,13,13,13095,1309,91309,13C,R,Einfamilienhäuser und Kleingärten,RT,Einfamilienhausgebiete bzw. stark durchgrünte Strukturen,point_in_polygon_ray_casting,2026-09-03,1,0,0,29.785,1,1,eindeutig_zugeordnet
15605,48.289251,16.383740,21,21,21,21141,2114,92114,21E,C,Bebauung mit überwiegend durchgrüntem Geschoßwohnbau,CXY,stark durchmischte Gebiete geringerer Dichte,point_in_polygon_ray_casting,2026-09-03,1,0,0,68.950,1,1,eindeutig_zugeordnet
15606,48.187027,16.355393,5,5,5,05035,0503,90503,5C,G,Gründerzeit mit überwiegend kleineren Wohnungen,AGGGH,gründerzeitliche Gebiete,point_in_polygon_ray_casting,2026-09-03,1,0,0,19.544,1,1,eindeutig_zugeordnet
15607,48.209968,16.316488,16,16,16,16031,1603,91603,16B,G,Gründerzeit mit überwiegend kleineren Wohnungen,AGGGH,gründerzeitliche Gebiete,point_in_polygon_ray_casting,2026-09-03,1,0,0,24.210,1,1,eindeutig_zugeordnet
15608,48.241311,16.355270,19,19,19,19041,1904,91904,19B,C,Bebauung mit überwiegend durchgrüntem Geschoßwohnbau,CXY,stark durchmischte Gebiete geringerer Dichte,point_in_polygon_ray_casting,2026-09-03,1,0,0,18.730,1,1,eindeutig_zugeordnet
15609,48.172225,16.299033,13,13,13,13073,1307,91307,13A,C,Bebauung mit überwiegend durchgrüntem Geschoßwohnbau,CXY,stark durchmischte Gebiete geringerer Dichte,point_in_polygon_ray_casting,2026-09-03,1,0,0,76.349,1,1,eindeutig_zugeordnet
17611,48.192978,16.408088,3,3,3,03071,0307,90307,3E,B,zwischen- und nachkriegszeitliche Gebiete mittlerer Dichte,BD,zwischen- und nachkriegszeitliche Strukturen,point_in_polygon_ray_casting,2026-09-03,1,0,0,61.930,1,1,eindeutig_zugeordnet
17612,48.240406,16.338752,19,19,19,19090,1909,91909,19A,H,Cottages,AGGGH,gründerzeitliche Gebiete,point_in_polygon_ray_casting,2026-09-03,1,0,0,5.240,1,1,eindeutig_zugeordnet
17613,48.201130,16.346542,7,7,7,07030,0703,90703,7A,GG,Gründerzeit mit überwiegend größeren Wohnungen,AGGGH,gründerzeitliche Gebiete,point_in_polygon_ray_casting,2026-09-03,1,0,0,40.273,1,1,eindeutig_zugeordnet
17614,48.185508,16.345461,5,5,5,05030,0503,90503,5C,D,zwischen- und nachkriegszeitliche Gebiete hoher Dichte,BD,zwischen- und nachkriegszeitliche Strukturen,point_in_polygon_ray_casting,2026-09-03,1,0,0,67.735,1,1,eindeutig_zugeordnet
17688,48.185965,16.327237,15,15,15,15041,1504,91504,15C,JN,Neubau ab 1991 und Stadterweiterung,JAN,"Mischgebiete der jüngeren Vergangenheit, Neubau- und Stadterweiterungsgebiete",point_in_polygon_ray_casting,2026-09-03,1,0,0,24.588,1,1,eindeutig_zugeordnet
17689,48.167797,16.421619,11,11,11,11050,1105,91105,11C,B,zwischen- und nachkriegszeitliche Gebiete mittlerer Dichte,BD,zwischen- und nachkriegszeitliche Strukturen,point_in_polygon_ray_casting,2026-09-03,1,0,0,97.389,1,1,eindeutig_zugeordnet
17690,48.179205,16.264291,13,13,13,13050,1305,91305,13B,R,Einfamilienhäuser und Kleingärten,RT,Einfamilienhausgebiete bzw. stark durchgrünte Strukturen,point_in_polygon_ray_casting,2026-09-03,1,0,0,103.975,1,1,eindeutig_zugeordnet
17687,48.177153,16.370557,10,10,10,10065,1006,91006,10D,G,Gründerzeit mit überwiegend kleineren Wohnungen,AGGGH,gründerzeitliche Gebiete,point_in_polygon_ray_casting,2026-09-03,1,0,0,85.802,1,1,eindeutig_zugeordnet
17691,48.188807,16.368688,4,4,4,04042,0404,90404,4B,D,zwischen- und nachkriegszeitliche Gebiete hoher Dichte,BD,zwischen- und nachkriegszeitliche Strukturen,point_in_polygon_ray_casting,2026-09-03,1,0,0,5.702,1,1,eindeutig_zugeordnet
17692,48.189202,16.340737,6,6,6,06026,0602,90602,6A,A,"Zentrum, Altstadt und Gründerzeit",AGGGH,gründerzeitliche Gebiete,point_in_polygon_ray_casting,2026-09-03,1,0,0,28.483,1,1,eindeutig_zugeordnet
17802,48.185424,16.346862,5,5,5,05030,0503,90503,5C,D,zwischen- und nachkriegszeitliche Gebiete hoher Dichte,BD,zwischen- und nachkriegszeitliche Strukturen,point_in_polygon_ray_casting,2026-09-03,1,0,0,19.725,1,1,eindeutig_zugeordnet
17803,48.183727,16.364056,5,5,5,05029,0502,90502,5B,G,Gründerzeit mit überwiegend kleineren Wohnungen,AGGGH,gründerzeitliche Gebiete,point_in_polygon_ray_casting,2026-09-03,1,0,0,22.021,1,1,eindeutig_zugeordnet
17804,48.214632,16.393507,2,2,2,02060,0206,90206,2D,B,zwischen- und nachkriegszeitliche Gebiete mittlerer Dichte,BD,zwischen- und nachkriegszeitliche Strukturen,point_in_polygon_ray_casting,2026-09-03,1,0,0,65.697,1,1,eindeutig_zugeordnet
17805,48.239407,16.479182,22,22,22,22063,2206,92206,22A,JA,Gebiete dominiert durch Bauten von 1961 bis 1991,JAN,"Mischgebiete der jüngeren Vergangenheit, Neubau- und Stadterweiterungsgebiete",point_in_polygon_ray_casting,2026-09-03,1,0,0,111.890,1,1,eindeutig_zugeordnet
17806,48.153455,16.459362,11,11,11,11100,1110,91110,11E,JN,Neubau ab 1991 und Stadterweiterung,JAN,"Mischgebiete der jüngeren Vergangenheit, Neubau- und Stadterweiterungsgebiete",point_in_polygon_ray_casting,2026-09-03,1,0,0,388.348,1,1,eindeutig_zugeordnet
17807,48.214086,16.308048,16,16,16,16066,1606,91606,16D,JA,Gebiete dominiert durch Bauten von 1961 bis 1991,JAN,"Mischgebiete der jüngeren Vergangenheit, Neubau- und Stadterweiterungsgebiete",point_in_polygon_ray_casting,2026-09-03,1,0,0,56.870,1,1,eindeutig_zugeordnet
17808,48.127672,16.316226,23,23,23,23051,2305,92305,23C,C,Bebauung mit überwiegend durchgrüntem Geschoßwohnbau,CXY,stark durchmischte Gebiete geringerer Dichte,point_in_polygon_ray_casting,2026-09-03,1,0,0,36.912,1,1,eindeutig_zugeordnet
17809,48.173381,16.384875,10,10,10,10025,1002,91002,10B,D,zwischen- und nachkriegszeitliche Gebiete hoher Dichte,BD,zwischen- und nachkriegszeitliche Strukturen,point_in_polygon_ray_casting,2026-09-03,1,0,0,38.570,1,1,eindeutig_zugeordnet
15610,48.184546,16.331286,15,15,15,15044,1504,91504,15C,G,Gründerzeit mit überwiegend kleineren Wohnungen,AGGGH,gründerzeitliche Gebiete,point_in_polygon_ray_casting,2026-09-03,1,0,0,19.584,1,1,eindeutig_zugeordnet
15611,48.225573,16.351495,9,9,9,09046,0904,90904,9A,GG,Gründerzeit mit überwiegend größeren Wohnungen,AGGGH,gründerzeitliche Gebiete,point_in_polygon_ray_casting,2026-09-03,1,0,0,14.987,1,1,eindeutig_zugeordnet
15612,48.160909,16.325430,12,12,12,12091,1209,91209,12D,Y,heterogene Bebauung mit Überhang an Geschoßwohnungen,CXY,stark durchmischte Gebiete geringerer Dichte,point_in_polygon_ray_casting,2026-09-03,1,0,0,59.651,1,1,eindeutig_zugeordnet
15613,48.252214,16.402973,21,21,21,21261,2126,92126,21D,JN,Neubau ab 1991 und Stadterweiterung,JAN,"Mischgebiete der jüngeren Vergangenheit, Neubau- und Stadterweiterungsgebiete",point_in_polygon_ray_casting,2026-09-03,1,0,0,157.655,1,1,eindeutig_zugeordnet
15614,48.196712,16.317137,15,15,15,15063,1506,91506,15B,G,Gründerzeit mit überwiegend kleineren Wohnungen,AGGGH,gründerzeitliche Gebiete,point_in_polygon_ray_casting,2026-09-03,1,0,0,54.895,1,1,eindeutig_zugeordnet
15615,48.239012,16.480698,22,22,22,22063,2206,92206,22A,JA,Gebiete dominiert durch Bauten von 1961 bis 1991,JAN,"Mischgebiete der jüngeren Vergangenheit, Neubau- und Stadterweiterungsgebiete",point_in_polygon_ray_casting,2026-09-03,1,0,0,114.505,1,1,eindeutig_zugeordnet
15616,48.213765,16.393828,2,2,2,02060,0206,90206,2D,B,zwischen- und nachkriegszeitliche Gebiete mittlerer Dichte,BD,zwischen- und nachkriegszeitliche Strukturen,point_in_polygon_ray_casting,2026-09-03,1,0,0,77.012,1,1,eindeutig_zugeordnet
17616,48.181701,16.280150,13,13,13,13046,1304,91304,13B,R,Einfamilienhäuser und Kleingärten,RT,Einfamilienhausgebiete bzw. stark durchgrünte Strukturen,point_in_polygon_ray_casting,2026-09-03,1,0,0,40.593,1,1,eindeutig_zugeordnet
17617,48.231242,16.320160,18,18,18,18047,1804,91804,18C,C,Bebauung mit überwiegend durchgrüntem Geschoßwohnbau,CXY,stark durchmischte Gebiete geringerer Dichte,point_in_polygon_ray_casting,2026-09-03,1,0,0,33.038,1,1,eindeutig_zugeordnet
17615,48.169348,16.349063,10,10,10,10092,1009,91009,10E,B,zwischen- und nachkriegszeitliche Gebiete mittlerer Dichte,BD,zwischen- und nachkriegszeitliche Strukturen,point_in_polygon_ray_casting,2026-09-03,1,0,0,33.939,1,1,eindeutig_zugeordnet
17693,48.208091,16.209997,14,14,14,14121,1412,91412,14E,R,Einfamilienhäuser und Kleingärten,RT,Einfamilienhausgebiete bzw. stark durchgrünte Strukturen,point_in_polygon_ray_casting,2026-09-03,1,0,0,155.173,1,1,eindeutig_zugeordnet
17694,48.222930,16.303258,16,16,16,16060,1606,91606,16D,D,zwischen- und nachkriegszeitliche Gebiete hoher Dichte,BD,zwischen- und nachkriegszeitliche Strukturen,point_in_polygon_ray_casting,2026-09-03,1,0,0,28.118,1,1,eindeutig_zugeordnet
17695,48.210195,16.323586,16,16,16,16101,1610,91610,16B,D,zwischen- und nachkriegszeitliche Gebiete hoher Dichte,BD,zwischen- und nachkriegszeitliche Strukturen,point_in_polygon_ray_casting,2026-09-03,1,0,0,35.183,1,1,eindeutig_zugeordnet
17696,48.170990,16.410377,11,11,11,11036,1103,91103,11B,D,zwischen- und nachkriegszeitliche Gebiete hoher Dichte,BD,zwischen- und nachkriegszeitliche Strukturen,point_in_polygon_ray_casting,2026-09-03,1,0,0,68.365,1,1,eindeutig_zugeordnet
17697,48.222944,16.333743,17,17,17,17012,1701,91701,17A,G,Gründerzeit mit überwiegend kleineren Wohnungen,AGGGH,gründerzeitliche Gebiete,point_in_polygon_ray_casting,2026-09-03,1,0,0,96.627,1,1,eindeutig_zugeordnet
17698,48.202893,16.335269,15,15,15,15014,1501,91501,15A,Z,überwiegend städtische Infrastruktur und sonstige Nutzungen,ZI,industriell-gewerblich oder durch sonstige Nutzungen dominierte Gebiete,point_in_polygon_ray_casting,2026-09-03,1,0,0,136.134,1,1,eindeutig_zugeordnet
17699,48.186559,16.328670,15,15,15,15042,1504,91504,15C,G,Gründerzeit mit überwiegend kleineren Wohnungen,AGGGH,gründerzeitliche Gebiete,point_in_polygon_ray_casting,2026-09-03,1,0,0,50.602,1,1,eindeutig_zugeordnet
17777,48.225324,16.456262,22,22,22,22190,2219,92219,22I,JA,Gebiete dominiert durch Bauten von 1961 bis 1991,JAN,"Mischgebiete der jüngeren Vergangenheit, Neubau- und Stadterweiterungsgebiete",point_in_polygon_ray_casting,2026-09-03,1,0,0,84.808,1,1,eindeutig_zugeordnet
17778,48.244239,16.381386,20,20,20,20073,2007,92007,20B,D,zwischen- und nachkriegszeitliche Gebiete hoher Dichte,BD,zwischen- und nachkriegszeitliche Strukturen,point_in_polygon_ray_casting,2026-09-03,1,0,0,21.683,1,1,eindeutig_zugeordnet
17779,48.248840,16.440297,22,22,22,22130,2213,92213,22G,JA,Gebiete dominiert durch Bauten von 1961 bis 1991,JAN,"Mischgebiete der jüngeren Vergangenheit, Neubau- und Stadterweiterungsgebiete",point_in_polygon_ray_casting,2026-09-03,1,0,0,33.862,1,1,eindeutig_zugeordnet
15617,48.184021,16.363584,5,5,5,05029,0502,90502,5B,G,Gründerzeit mit überwiegend kleineren Wohnungen,AGGGH,gründerzeitliche Gebiete,point_in_polygon_ray_casting,2026-09-03,1,0,0,11.486,1,1,eindeutig_zugeordnet
15618,48.161571,16.320600,12,12,12,12104,1210,91210,12D,C,Bebauung mit überwiegend durchgrüntem Geschoßwohnbau,CXY,stark durchmischte Gebiete geringerer Dichte,point_in_polygon_ray_casting,2026-09-03,1,0,0,82.413,1,1,eindeutig_zugeordnet
15619,48.179302,16.270166,13,13,13,13050,1305,91305,13B,R,Einfamilienhäuser und Kleingärten,RT,Einfamilienhausgebiete bzw. stark durchgrünte Strukturen,point_in_polygon_ray_casting,2026-09-03,1,0,0,173.441,1,1,eindeutig_zugeordnet
15620,48.211813,16.306602,16,16,16,16070,1607,91607,16D,G,Gründerzeit mit überwiegend kleineren Wohnungen,AGGGH,gründerzeitliche Gebiete,point_in_polygon_ray_casting,2026-09-03,1,0,0,123.351,1,1,eindeutig_zugeordnet
15621,48.233911,16.326280,18,18,18,18043,1804,91804,18C,B,zwischen- und nachkriegszeitliche Gebiete mittlerer Dichte,BD,zwischen- und nachkriegszeitliche Strukturen,point_in_polygon_ray_casting,2026-09-03,1,0,0,64.076,1,1,eindeutig_zugeordnet
15622,48.198563,16.388391,3,3,3,03095,0309,90309,3B,GG,Gründerzeit mit überwiegend größeren Wohnungen,AGGGH,gründerzeitliche Gebiete,point_in_polygon_ray_casting,2026-09-03,1,0,0,44.153,1,1,eindeutig_zugeordnet
17618,48.190606,16.350017,6,6,6,06023,0602,90602,6A,D,zwischen- und nachkriegszeitliche Gebiete hoher Dichte,BD,zwischen- und nachkriegszeitliche Strukturen,point_in_polygon_ray_casting,2026-09-03,1,0,0,56.420,1,1,eindeutig_zugeordnet
17619,48.264662,16.389613,21,21,21,21183,2118,92118,21F,G,Gründerzeit mit überwiegend kleineren Wohnungen,AGGGH,gründerzeitliche Gebiete,point_in_polygon_ray_casting,2026-09-03,1,0,0,39.156,1,1,eindeutig_zugeordnet
17620,48.248108,16.429373,22,22,22,22100,2210,92210,22G,JN,Neubau ab 1991 und Stadterweiterung,JAN,"Mischgebiete der jüngeren Vergangenheit, Neubau- und Stadterweiterungsgebiete",point_in_polygon_ray_casting,2026-09-03,1,0,0,110.133,1,1,eindeutig_zugeordnet
17700,48.170921,16.340428,12,12,12,12033,1203,91203,12D,B,zwischen- und nachkriegszeitliche Gebiete mittlerer Dichte,BD,zwischen- und nachkriegszeitliche Strukturen,point_in_polygon_ray_casting,2026-09-03,1,0,0,29.615,1,1,eindeutig_zugeordnet
17701,48.142575,16.283839,23,23,23,23101,2310,92310,23D,C,Bebauung mit überwiegend durchgrüntem Geschoßwohnbau,CXY,stark durchmischte Gebiete geringerer Dichte,point_in_polygon_ray_casting,2026-09-03,1,0,0,100.928,1,1,eindeutig_zugeordnet
17702,48.230468,16.368676,20,20,20,20056,2005,92005,20D,G,Gründerzeit mit überwiegend kleineren Wohnungen,AGGGH,gründerzeitliche Gebiete,point_in_polygon_ray_casting,2026-09-03,1,0,0,43.042,1,1,eindeutig_zugeordnet
17703,48.189461,16.400868,3,3,3,03070,0307,90307,3E,D,zwischen- und nachkriegszeitliche Gebiete hoher Dichte,BD,zwischen- und nachkriegszeitliche Strukturen,point_in_polygon_ray_casting,2026-09-03,1,0,0,30.812,1,1,eindeutig_zugeordnet
17704,48.227898,16.401450,2,2,2,02012,0201,90201,2A,D,zwischen- und nachkriegszeitliche Gebiete hoher Dichte,BD,zwischen- und nachkriegszeitliche Strukturen,point_in_polygon_ray_casting,2026-09-03,1,0,0,44.196,1,1,eindeutig_zugeordnet
17705,48.242844,16.377893,20,20,20,20074,2007,92007,20B,JA,Gebiete dominiert durch Bauten von 1961 bis 1991,JAN,"Mischgebiete der jüngeren Vergangenheit, Neubau- und Stadterweiterungsgebiete",point_in_polygon_ray_casting,2026-09-03,1,0,0,76.101,1,1,eindeutig_zugeordnet
17706,48.211576,16.327907,16,16,16,16014,1601,91601,16A,JA,Gebiete dominiert durch Bauten von 1961 bis 1991,JAN,"Mischgebiete der jüngeren Vergangenheit, Neubau- und Stadterweiterungsgebiete",point_in_polygon_ray_casting,2026-09-03,1,0,0,56.551,1,1,eindeutig_zugeordnet
17707,48.172497,16.387420,10,10,10,10027,1002,91002,10B,D,zwischen- und nachkriegszeitliche Gebiete hoher Dichte,BD,zwischen- und nachkriegszeitliche Strukturen,point_in_polygon_ray_casting,2026-09-03,1,0,0,5.220,1,1,eindeutig_zugeordnet
17789,48.131381,16.258278,23,23,23,23121,2312,92312,23E,R,Einfamilienhäuser und Kleingärten,RT,Einfamilienhausgebiete bzw. stark durchgrünte Strukturen,point_in_polygon_ray_casting,2026-09-03,1,0,0,152.513,1,1,eindeutig_zugeordnet
17790,48.182422,16.408916,11,11,11,11020,1102,91102,11A,B,zwischen- und nachkriegszeitliche Gebiete mittlerer Dichte,BD,zwischen- und nachkriegszeitliche Strukturen,point_in_polygon_ray_casting,2026-09-03,1,0,0,27.229,1,1,eindeutig_zugeordnet
17791,48.234915,16.326540,18,18,18,18043,1804,91804,18C,B,zwischen- und nachkriegszeitliche Gebiete mittlerer Dichte,BD,zwischen- und nachkriegszeitliche Strukturen,point_in_polygon_ray_casting,2026-09-03,1,0,0,37.855,1,1,eindeutig_zugeordnet
17792,48.146724,16.292550,23,23,23,23070,2307,92307,23C,C,Bebauung mit überwiegend durchgrüntem Geschoßwohnbau,CXY,stark durchmischte Gebiete geringerer Dichte,point_in_polygon_ray_casting,2026-09-03,1,0,0,61.946,1,1,eindeutig_zugeordnet
17793,48.168407,16.366745,10,10,10,10104,1010,91010,10F,D,zwischen- und nachkriegszeitliche Gebiete hoher Dichte,BD,zwischen- und nachkriegszeitliche Strukturen,point_in_polygon_ray_casting,2026-09-03,1,0,0,21.193,1,1,eindeutig_zugeordnet
17794,48.206923,16.305603,16,16,16,16074,1607,91607,16D,B,zwischen- und nachkriegszeitliche Gebiete mittlerer Dichte,BD,zwischen- und nachkriegszeitliche Strukturen,point_in_polygon_ray_casting,2026-09-03,1,0,0,28.698,1,1,eindeutig_zugeordnet
15623,48.161899,16.364076,10,10,10,10113,1011,91011,10H,JN,Neubau ab 1991 und Stadterweiterung,JAN,"Mischgebiete der jüngeren Vergangenheit, Neubau- und Stadterweiterungsgebiete",point_in_polygon_ray_casting,2026-09-03,1,0,0,126.087,1,1,eindeutig_zugeordnet
15624,48.211846,16.326486,16,16,16,16014,1601,91601,16A,JA,Gebiete dominiert durch Bauten von 1961 bis 1991,JAN,"Mischgebiete der jüngeren Vergangenheit, Neubau- und Stadterweiterungsgebiete",point_in_polygon_ray_casting,2026-09-03,1,0,0,30.090,1,1,eindeutig_zugeordnet
15625,48.168656,16.368926,10,10,10,10054,1005,91005,10G,JA,Gebiete dominiert durch Bauten von 1961 bis 1991,JAN,"Mischgebiete der jüngeren Vergangenheit, Neubau- und Stadterweiterungsgebiete",point_in_polygon_ray_casting,2026-09-03,1,0,0,81.710,1,1,eindeutig_zugeordnet
15626,48.171927,16.365493,10,10,10,10073,1007,91007,10F,JA,Gebiete dominiert durch Bauten von 1961 bis 1991,JAN,"Mischgebiete der jüngeren Vergangenheit, Neubau- und Stadterweiterungsgebiete",point_in_polygon_ray_casting,2026-09-03,1,0,0,31.503,1,1,eindeutig_zugeordnet
17621,48.184695,16.400626,3,3,3,03110,0311,90311,3E,B,zwischen- und nachkriegszeitliche Gebiete mittlerer Dichte,BD,zwischen- und nachkriegszeitliche Strukturen,point_in_polygon_ray_casting,2026-09-03,1,0,0,120.259,1,1,eindeutig_zugeordnet
17622,48.163725,16.279339,13,13,13,13095,1309,91309,13C,R,Einfamilienhäuser und Kleingärten,RT,Einfamilienhausgebiete bzw. stark durchgrünte Strukturen,point_in_polygon_ray_casting,2026-09-03,1,0,0,31.219,1,1,eindeutig_zugeordnet
17623,48.166618,16.368319,10,10,10,10108,1010,91010,10F,D,zwischen- und nachkriegszeitliche Gebiete hoher Dichte,BD,zwischen- und nachkriegszeitliche Strukturen,point_in_polygon_ray_casting,2026-09-03,1,0,0,49.219,1,1,eindeutig_zugeordnet
17708,48.193774,16.271491,14,14,14,14067,1406,91406,14B,B,zwischen- und nachkriegszeitliche Gebiete mittlerer Dichte,BD,zwischen- und nachkriegszeitliche Strukturen,point_in_polygon_ray_casting,2026-09-03,1,0,0,32.653,1,1,eindeutig_zugeordnet
17709,48.228229,16.419192,22,22,22,22112,2211,92211,22F,B,zwischen- und nachkriegszeitliche Gebiete mittlerer Dichte,BD,zwischen- und nachkriegszeitliche Strukturen,point_in_polygon_ray_casting,2026-09-03,1,0,0,99.147,1,1,eindeutig_zugeordnet
17710,48.258138,16.453598,22,22,22,22080,2208,92208,22D,JN,Neubau ab 1991 und Stadterweiterung,JAN,"Mischgebiete der jüngeren Vergangenheit, Neubau- und Stadterweiterungsgebiete",point_in_polygon_ray_casting,2026-09-03,1,0,0,223.038,1,1,eindeutig_zugeordnet
17711,48.198442,16.321883,15,15,15,15061,1506,91506,15B,JN,Neubau ab 1991 und Stadterweiterung,JAN,"Mischgebiete der jüngeren Vergangenheit, Neubau- und Stadterweiterungsgebiete",point_in_polygon_ray_casting,2026-09-03,1,0,0,60.826,1,1,eindeutig_zugeordnet
17810,48.277742,16.410709,21,21,21,21092,2109,92109,21B,C,Bebauung mit überwiegend durchgrüntem Geschoßwohnbau,CXY,stark durchmischte Gebiete geringerer Dichte,point_in_polygon_ray_casting,2026-09-03,1,0,0,18.829,1,1,eindeutig_zugeordnet
17811,48.260947,16.400909,21,21,21,21214,2121,92121,21G,B,zwischen- und nachkriegszeitliche Gebiete mittlerer Dichte,BD,zwischen- und nachkriegszeitliche Strukturen,point_in_polygon_ray_casting,2026-09-03,1,0,0,45.374,1,1,eindeutig_zugeordnet
17812,48.235816,16.322398,18,18,18,18040,1804,91804,18C,GG,Gründerzeit mit überwiegend größeren Wohnungen,AGGGH,gründerzeitliche Gebiete,point_in_polygon_ray_casting,2026-09-03,1,0,0,59.354,1,1,eindeutig_zugeordnet
15627,48.223382,16.401583,2,2,2,02072,0207,90207,2E,D,zwischen- und nachkriegszeitliche Gebiete hoher Dichte,BD,zwischen- und nachkriegszeitliche Strukturen,point_in_polygon_ray_casting,2026-09-03,1,0,0,26.706,1,1,eindeutig_zugeordnet
15628,48.215440,16.309165,16,16,16,16065,1606,91606,16D,G,Gründerzeit mit überwiegend kleineren Wohnungen,AGGGH,gründerzeitliche Gebiete,point_in_polygon_ray_casting,2026-09-03,1,0,0,63.028,1,1,eindeutig_zugeordnet
17624,48.243687,16.329296,19,19,19,19083,1908,91908,19C,JA,Gebiete dominiert durch Bauten von 1961 bis 1991,JAN,"Mischgebiete der jüngeren Vergangenheit, Neubau- und Stadterweiterungsgebiete",point_in_polygon_ray_casting,2026-09-03,1,0,0,32.621,1,1,eindeutig_zugeordnet
17625,48.195981,16.351193,6,6,6,06032,0603,90603,6A,GG,Gründerzeit mit überwiegend größeren Wohnungen,AGGGH,gründerzeitliche Gebiete,point_in_polygon_ray_casting,2026-09-03,1,0,0,10.827,1,1,eindeutig_zugeordnet
17626,48.191226,16.334711,15,15,15,15038,1503,91503,15C,G,Gründerzeit mit überwiegend kleineren Wohnungen,AGGGH,gründerzeitliche Gebiete,point_in_polygon_ray_casting,2026-09-03,1,0,0,16.896,1,1,eindeutig_zugeordnet
17712,48.205441,16.387414,3,3,3,03021,0302,90302,3A,GG,Gründerzeit mit überwiegend größeren Wohnungen,AGGGH,gründerzeitliche Gebiete,point_in_polygon_ray_casting,2026-09-03,1,0,0,31.019,1,1,eindeutig_zugeordnet
17713,48.135074,16.281656,23,23,23,23113,2311,92311,23E,C,Bebauung mit überwiegend durchgrüntem Geschoßwohnbau,CXY,stark durchmischte Gebiete geringerer Dichte,point_in_polygon_ray_casting,2026-09-03,1,0,0,23.938,1,1,eindeutig_zugeordnet
17714,48.169967,16.367278,10,10,10,10102,1010,91010,10F,D,zwischen- und nachkriegszeitliche Gebiete hoher Dichte,BD,zwischen- und nachkriegszeitliche Strukturen,point_in_polygon_ray_casting,2026-09-03,1,0,0,30.817,1,1,eindeutig_zugeordnet
17715,48.212136,16.325410,16,16,16,16044,1604,91604,16C,I,überwiegend industriell-gewerbliche Nutzung,ZI,industriell-gewerblich oder durch sonstige Nutzungen dominierte Gebiete,point_in_polygon_ray_casting,2026-09-03,1,0,0,47.292,1,1,eindeutig_zugeordnet
17780,48.213441,16.309401,16,16,16,16066,1606,91606,16D,JA,Gebiete dominiert durch Bauten von 1961 bis 1991,JAN,"Mischgebiete der jüngeren Vergangenheit, Neubau- und Stadterweiterungsgebiete",point_in_polygon_ray_casting,2026-09-03,1,0,0,55.569,1,1,eindeutig_zugeordnet
17781,48.193860,16.282706,14,14,14,14065,1406,91406,14B,JA,Gebiete dominiert durch Bauten von 1961 bis 1991,JAN,"Mischgebiete der jüngeren Vergangenheit, Neubau- und Stadterweiterungsgebiete",point_in_polygon_ray_casting,2026-09-03,1,0,0,33.196,1,1,eindeutig_zugeordnet
17782,48.196530,16.298178,14,14,14,14044,1404,91404,14C,JA,Gebiete dominiert durch Bauten von 1961 bis 1991,JAN,"Mischgebiete der jüngeren Vergangenheit, Neubau- und Stadterweiterungsgebiete",point_in_polygon_ray_casting,2026-09-03,1,0,0,72.361,1,1,eindeutig_zugeordnet
17783,48.197047,16.384588,3,3,3,03038,0303,90303,3B,GG,Gründerzeit mit überwiegend größeren Wohnungen,AGGGH,gründerzeitliche Gebiete,point_in_polygon_ray_casting,2026-09-03,1,0,0,13.614,1,1,eindeutig_zugeordnet
15629,48.262431,16.385592,21,21,21,21171,2117,92117,21F,X,heterogene Bebauung mit Überhang an Einfamilien- und Reihenhäusern,CXY,stark durchmischte Gebiete geringerer Dichte,point_in_polygon_ray_casting,2026-09-03,1,0,0,32.224,1,1,eindeutig_zugeordnet
15630,48.177795,16.334930,12,12,12,12045,1204,91204,12B,D,zwischen- und nachkriegszeitliche Gebiete hoher Dichte,BD,zwischen- und nachkriegszeitliche Strukturen,point_in_polygon_ray_casting,2026-09-03,1,0,0,35.488,1,1,eindeutig_zugeordnet
15631,48.252239,16.402357,21,21,21,21261,2126,92126,21D,JN,Neubau ab 1991 und Stadterweiterung,JAN,"Mischgebiete der jüngeren Vergangenheit, Neubau- und Stadterweiterungsgebiete",point_in_polygon_ray_casting,2026-09-03,1,0,0,113.174,1,1,eindeutig_zugeordnet
15632,48.211279,16.353565,8,8,8,08023,0802,90802,8A,GG,Gründerzeit mit überwiegend größeren Wohnungen,AGGGH,gründerzeitliche Gebiete,point_in_polygon_ray_casting,2026-09-03,1,0,0,70.991,1,1,eindeutig_zugeordnet
17627,48.171527,16.381649,10,10,10,10230,1023,91023,10C,D,zwischen- und nachkriegszeitliche Gebiete hoher Dichte,BD,zwischen- und nachkriegszeitliche Strukturen,point_in_polygon_ray_casting,2026-09-03,1,0,0,44.056,1,1,eindeutig_zugeordnet
17628,48.197385,16.317277,15,15,15,15063,1506,91506,15B,G,Gründerzeit mit überwiegend kleineren Wohnungen,AGGGH,gründerzeitliche Gebiete,point_in_polygon_ray_casting,2026-09-03,1,0,0,38.392,1,1,eindeutig_zugeordnet
17629,48.194527,16.364765,4,4,4,04033,0403,90403,4A,GG,Gründerzeit mit überwiegend größeren Wohnungen,AGGGH,gründerzeitliche Gebiete,point_in_polygon_ray_casting,2026-09-03,1,0,0,69.443,1,1,eindeutig_zugeordnet
17630,48.142311,16.281990,23,23,23,23101,2310,92310,23D,C,Bebauung mit überwiegend durchgrüntem Geschoßwohnbau,CXY,stark durchmischte Gebiete geringerer Dichte,point_in_polygon_ray_casting,2026-09-03,1,0,0,52.603,1,1,eindeutig_zugeordnet
17631,48.199355,16.393600,3,3,3,03096,0309,90309,3B,GG,Gründerzeit mit überwiegend größeren Wohnungen,AGGGH,gründerzeitliche Gebiete,point_in_polygon_ray_casting,2026-09-03,1,0,0,20.559,1,1,eindeutig_zugeordnet
17716,48.169085,16.350271,10,10,10,10084,1008,91008,10F,Z,überwiegend städtische Infrastruktur und sonstige Nutzungen,ZI,industriell-gewerblich oder durch sonstige Nutzungen dominierte Gebiete,point_in_polygon_ray_casting,2026-09-03,1,0,0,60.147,1,1,eindeutig_zugeordnet
17717,48.182648,16.279949,13,13,13,13046,1304,91304,13B,R,Einfamilienhäuser und Kleingärten,RT,Einfamilienhausgebiete bzw. stark durchgrünte Strukturen,point_in_polygon_ray_casting,2026-09-03,1,0,0,62.075,1,1,eindeutig_zugeordnet
17718,48.195492,16.306951,14,14,14,14047,1404,91404,14C,D,zwischen- und nachkriegszeitliche Gebiete hoher Dichte,BD,zwischen- und nachkriegszeitliche Strukturen,point_in_polygon_ray_casting,2026-09-03,1,0,0,64.167,1,1,eindeutig_zugeordnet
17719,48.190117,16.357263,5,5,5,05014,0501,90501,5A,GG,Gründerzeit mit überwiegend größeren Wohnungen,AGGGH,gründerzeitliche Gebiete,point_in_polygon_ray_casting,2026-09-03,1,0,0,32.546,1,1,eindeutig_zugeordnet
17720,48.284928,16.414020,21,21,21,21030,2103,92103,21A,X,heterogene Bebauung mit Überhang an Einfamilien- und Reihenhäusern,CXY,stark durchmischte Gebiete geringerer Dichte,point_in_polygon_ray_casting,2026-09-03,1,0,0,56.875,1,1,eindeutig_zugeordnet
17721,48.210246,16.307252,16,16,16,16072,1607,91607,16D,G,Gründerzeit mit überwiegend kleineren Wohnungen,AGGGH,gründerzeitliche Gebiete,point_in_polygon_ray_casting,2026-09-03,1,0,0,35.908,1,1,eindeutig_zugeordnet
17795,48.146645,16.297784,23,23,23,23072,2307,92307,23C,X,heterogene Bebauung mit Überhang an Einfamilien- und Reihenhäusern,CXY,stark durchmischte Gebiete geringerer Dichte,point_in_polygon_ray_casting,2026-09-03,1,0,0,37.225,1,1,eindeutig_zugeordnet
17796,48.222556,16.364126,9,9,9,09025,0902,90902,9B,G,Gründerzeit mit überwiegend kleineren Wohnungen,AGGGH,gründerzeitliche Gebiete,point_in_polygon_ray_casting,2026-09-03,1,0,0,33.943,1,1,eindeutig_zugeordnet
17797,48.207827,16.390550,3,3,3,03014,0301,90301,3A,GG,Gründerzeit mit überwiegend größeren Wohnungen,AGGGH,gründerzeitliche Gebiete,point_in_polygon_ray_casting,2026-09-03,1,0,0,29.642,1,1,eindeutig_zugeordnet
17798,48.179259,16.414694,11,11,11,11024,1102,91102,11A,D,zwischen- und nachkriegszeitliche Gebiete hoher Dichte,BD,zwischen- und nachkriegszeitliche Strukturen,point_in_polygon_ray_casting,2026-09-03,1,0,0,67.317,1,1,eindeutig_zugeordnet
17799,48.173093,16.392297,10,10,10,10028,1002,91002,10B,Z,überwiegend städtische Infrastruktur und sonstige Nutzungen,ZI,industriell-gewerblich oder durch sonstige Nutzungen dominierte Gebiete,point_in_polygon_ray_casting,2026-09-03,1,0,0,17.078,1,1,eindeutig_zugeordnet
17800,48.242492,16.337812,19,19,19,19085,1908,91908,19C,D,zwischen- und nachkriegszeitliche Gebiete hoher Dichte,BD,zwischen- und nachkriegszeitliche Strukturen,point_in_polygon_ray_casting,2026-09-03,1,0,0,71.991,1,1,eindeutig_zugeordnet
17801,48.176748,16.332787,12,12,12,12045,1204,91204,12B,D,zwischen- und nachkriegszeitliche Gebiete hoher Dichte,BD,zwischen- und nachkriegszeitliche Strukturen,point_in_polygon_ray_casting,2026-09-03,1,0,0,42.754,1,1,eindeutig_zugeordnet
15633,48.227470,16.323680,18,18,18,18049,1804,91804,18C,C,Bebauung mit überwiegend durchgrüntem Geschoßwohnbau,CXY,stark durchmischte Gebiete geringerer Dichte,point_in_polygon_ray_casting,2026-09-03,1,0,0,70.469,1,1,eindeutig_zugeordnet
15634,48.198330,16.404232,3,3,3,03102,0310,90310,3D,D,zwischen- und nachkriegszeitliche Gebiete hoher Dichte,BD,zwischen- und nachkriegszeitliche Strukturen,point_in_polygon_ray_casting,2026-09-03,1,0,0,65.767,1,1,eindeutig_zugeordnet
15635,48.193728,16.267773,14,14,14,14067,1406,91406,14B,B,zwischen- und nachkriegszeitliche Gebiete mittlerer Dichte,BD,zwischen- und nachkriegszeitliche Strukturen,point_in_polygon_ray_casting,2026-09-03,1,0,0,50.794,1,1,eindeutig_zugeordnet
15636,48.233526,16.363108,20,20,20,20060,2006,92006,20B,D,zwischen- und nachkriegszeitliche Gebiete hoher Dichte,BD,zwischen- und nachkriegszeitliche Strukturen,point_in_polygon_ray_casting,2026-09-03,1,0,0,43.313,1,1,eindeutig_zugeordnet
17632,48.142724,16.291419,23,23,23,23073,2307,92307,23C,Y,heterogene Bebauung mit Überhang an Geschoßwohnungen,CXY,stark durchmischte Gebiete geringerer Dichte,point_in_polygon_ray_casting,2026-09-03,1,0,0,128.017,1,1,eindeutig_zugeordnet
17633,48.251388,16.403990,21,21,21,21261,2126,92126,21D,JN,Neubau ab 1991 und Stadterweiterung,JAN,"Mischgebiete der jüngeren Vergangenheit, Neubau- und Stadterweiterungsgebiete",point_in_polygon_ray_casting,2026-09-03,1,0,0,107.227,1,1,eindeutig_zugeordnet
17634,48.131319,16.283067,23,23,23,23113,2311,92311,23E,C,Bebauung mit überwiegend durchgrüntem Geschoßwohnbau,CXY,stark durchmischte Gebiete geringerer Dichte,point_in_polygon_ray_casting,2026-09-03,1,0,0,58.383,1,1,eindeutig_zugeordnet
17635,48.174477,16.408467,11,11,11,11032,1103,91103,11B,D,zwischen- und nachkriegszeitliche Gebiete hoher Dichte,BD,zwischen- und nachkriegszeitliche Strukturen,point_in_polygon_ray_casting,2026-09-03,1,0,0,51.321,1,1,eindeutig_zugeordnet
17636,48.237570,16.381371,20,20,20,20080,2008,92008,20C,JA,Gebiete dominiert durch Bauten von 1961 bis 1991,JAN,"Mischgebiete der jüngeren Vergangenheit, Neubau- und Stadterweiterungsgebiete",point_in_polygon_ray_casting,2026-09-03,1,0,0,13.552,1,1,eindeutig_zugeordnet
17637,48.262583,16.398316,21,21,21,21212,2121,92121,21G,B,zwischen- und nachkriegszeitliche Gebiete mittlerer Dichte,BD,zwischen- und nachkriegszeitliche Strukturen,point_in_polygon_ray_casting,2026-09-03,1,0,0,49.478,1,1,eindeutig_zugeordnet
17723,48.217346,16.316096,16,16,16,16057,1605,91605,16C,G,Gründerzeit mit überwiegend kleineren Wohnungen,AGGGH,gründerzeitliche Gebiete,point_in_polygon_ray_casting,2026-09-03,1,0,0,3.894,1,1,eindeutig_zugeordnet
17724,48.167815,16.429272,11,11,11,11071,1107,91107,11D,Y,heterogene Bebauung mit Überhang an Geschoßwohnungen,CXY,stark durchmischte Gebiete geringerer Dichte,point_in_polygon_ray_casting,2026-09-03,1,0,0,151.860,1,1,eindeutig_zugeordnet
17725,48.243208,16.327571,19,19,19,19105,1910,91910,19A,C,Bebauung mit überwiegend durchgrüntem Geschoßwohnbau,CXY,stark durchmischte Gebiete geringerer Dichte,point_in_polygon_ray_casting,2026-09-03,1,0,0,75.477,1,1,eindeutig_zugeordnet
17722,48.214996,16.321046,16,16,16,16042,1604,91604,16C,G,Gründerzeit mit überwiegend kleineren Wohnungen,AGGGH,gründerzeitliche Gebiete,point_in_polygon_ray_casting,2026-09-03,1,0,0,21.655,1,1,eindeutig_zugeordnet
17813,48.178889,16.343610,12,12,12,12029,1202,91202,12A,Z,überwiegend städtische Infrastruktur und sonstige Nutzungen,ZI,industriell-gewerblich oder durch sonstige Nutzungen dominierte Gebiete,point_in_polygon_ray_casting,2026-09-03,1,0,0,33.419,1,1,eindeutig_zugeordnet
17814,48.177134,16.332726,12,12,12,12045,1204,91204,12B,D,zwischen- und nachkriegszeitliche Gebiete hoher Dichte,BD,zwischen- und nachkriegszeitliche Strukturen,point_in_polygon_ray_casting,2026-09-03,1,0,0,9.170,1,1,eindeutig_zugeordnet
17815,48.258153,16.367383,19,19,19,19015,1901,91901,19A,C,Bebauung mit überwiegend durchgrüntem Geschoßwohnbau,CXY,stark durchmischte Gebiete geringerer Dichte,point_in_polygon_ray_casting,2026-09-03,1,0,0,32.230,1,1,eindeutig_zugeordnet
17816,48.134073,16.282770,23,23,23,23113,2311,92311,23E,C,Bebauung mit überwiegend durchgrüntem Geschoßwohnbau,CXY,stark durchmischte Gebiete geringerer Dichte,point_in_polygon_ray_casting,2026-09-03,1,0,0,80.419,1,1,eindeutig_zugeordnet
17817,48.220547,16.376222,2,2,2,02036,0203,90203,2C,G,Gründerzeit mit überwiegend kleineren Wohnungen,AGGGH,gründerzeitliche Gebiete,point_in_polygon_ray_casting,2026-09-03,1,0,0,9.549,1,1,eindeutig_zugeordnet
17818,48.241811,16.329808,19,19,19,19083,1908,91908,19C,JA,Gebiete dominiert durch Bauten von 1961 bis 1991,JAN,"Mischgebiete der jüngeren Vergangenheit, Neubau- und Stadterweiterungsgebiete",point_in_polygon_ray_casting,2026-09-03,1,0,0,50.795,1,1,eindeutig_zugeordnet
15638,48.206104,16.303444,16,16,16,16074,1607,91607,16D,B,zwischen- und nachkriegszeitliche Gebiete mittlerer Dichte,BD,zwischen- und nachkriegszeitliche Strukturen,point_in_polygon_ray_casting,2026-09-03,1,0,0,54.227,1,1,eindeutig_zugeordnet
15639,48.176752,16.332006,12,12,12,12045,1204,91204,12B,D,zwischen- und nachkriegszeitliche Gebiete hoher Dichte,BD,zwischen- und nachkriegszeitliche Strukturen,point_in_polygon_ray_casting,2026-09-03,1,0,0,44.572,1,1,eindeutig_zugeordnet
15640,48.190255,16.374002,4,4,4,04026,0402,90402,4B,GG,Gründerzeit mit überwiegend größeren Wohnungen,AGGGH,gründerzeitliche Gebiete,point_in_polygon_ray_casting,2026-09-03,1,0,0,13.152,1,1,eindeutig_zugeordnet
15641,48.288334,16.389314,21,21,21,21142,2114,92114,21E,C,Bebauung mit überwiegend durchgrüntem Geschoßwohnbau,CXY,stark durchmischte Gebiete geringerer Dichte,point_in_polygon_ray_casting,2026-09-03,1,0,0,54.234,1,1,eindeutig_zugeordnet
15637,48.217088,16.384158,2,2,2,02045,0204,90204,2C,GG,Gründerzeit mit überwiegend größeren Wohnungen,AGGGH,gründerzeitliche Gebiete,point_in_polygon_ray_casting,2026-09-03,1,0,0,7.814,1,1,eindeutig_zugeordnet
17638,48.191352,16.297025,14,14,14,14031,1403,91403,14B,B,zwischen- und nachkriegszeitliche Gebiete mittlerer Dichte,BD,zwischen- und nachkriegszeitliche Strukturen,point_in_polygon_ray_casting,2026-09-03,1,0,0,40.258,1,1,eindeutig_zugeordnet
17639,48.192899,16.344117,6,6,6,06035,0603,90603,6A,GG,Gründerzeit mit überwiegend größeren Wohnungen,AGGGH,gründerzeitliche Gebiete,point_in_polygon_ray_casting,2026-09-03,1,0,0,65.370,1,1,eindeutig_zugeordnet
17640,48.240573,16.430893,22,22,22,22101,2210,92210,22G,R,Einfamilienhäuser und Kleingärten,RT,Einfamilienhausgebiete bzw. stark durchgrünte Strukturen,point_in_polygon_ray_casting,2026-09-03,1,0,0,94.758,1,1,eindeutig_zugeordnet
17726,48.196015,16.281134,14,14,14,14064,1406,91406,14B,JA,Gebiete dominiert durch Bauten von 1961 bis 1991,JAN,"Mischgebiete der jüngeren Vergangenheit, Neubau- und Stadterweiterungsgebiete",point_in_polygon_ray_casting,2026-09-03,1,0,0,57.067,1,1,eindeutig_zugeordnet
17727,48.169350,16.327917,12,12,12,12082,1208,91208,12D,JN,Neubau ab 1991 und Stadterweiterung,JAN,"Mischgebiete der jüngeren Vergangenheit, Neubau- und Stadterweiterungsgebiete",point_in_polygon_ray_casting,2026-09-03,1,0,0,103.314,1,1,eindeutig_zugeordnet
17728,48.167377,16.312738,12,12,12,12114,1211,91211,12E,C,Bebauung mit überwiegend durchgrüntem Geschoßwohnbau,CXY,stark durchmischte Gebiete geringerer Dichte,point_in_polygon_ray_casting,2026-09-03,1,0,0,143.565,1,1,eindeutig_zugeordnet
17729,48.234406,16.471078,22,22,22,22200,2220,92220,22A,X,heterogene Bebauung mit Überhang an Einfamilien- und Reihenhäusern,CXY,stark durchmischte Gebiete geringerer Dichte,point_in_polygon_ray_casting,2026-09-03,1,0,0,79.070,1,1,eindeutig_zugeordnet
17730,48.197893,16.309311,14,14,14,14021,1402,91402,14A,D,zwischen- und nachkriegszeitliche Gebiete hoher Dichte,BD,zwischen- und nachkriegszeitliche Strukturen,point_in_polygon_ray_casting,2026-09-03,1,0,0,39.729,1,1,eindeutig_zugeordnet
17731,48.233707,16.369852,20,20,20,20050,2005,92005,20D,JA,Gebiete dominiert durch Bauten von 1961 bis 1991,JAN,"Mischgebiete der jüngeren Vergangenheit, Neubau- und Stadterweiterungsgebiete",point_in_polygon_ray_casting,2026-09-03,1,0,0,15.471,1,1,eindeutig_zugeordnet
17732,48.239512,16.441147,22,22,22,22132,2213,92213,22G,JA,Gebiete dominiert durch Bauten von 1961 bis 1991,JAN,"Mischgebiete der jüngeren Vergangenheit, Neubau- und Stadterweiterungsgebiete",point_in_polygon_ray_casting,2026-09-03,1,0,0,34.927,1,1,eindeutig_zugeordnet
17733,48.172703,16.379556,10,10,10,10230,1023,91023,10C,D,zwischen- und nachkriegszeitliche Gebiete hoher Dichte,BD,zwischen- und nachkriegszeitliche Strukturen,point_in_polygon_ray_casting,2026-09-03,1,0,0,35.880,1,1,eindeutig_zugeordnet
17784,48.225731,16.307854,17,17,17,17030,1703,91703,17B,D,zwischen- und nachkriegszeitliche Gebiete hoher Dichte,BD,zwischen- und nachkriegszeitliche Strukturen,point_in_polygon_ray_casting,2026-09-03,1,0,0,55.454,1,1,eindeutig_zugeordnet
17785,48.195339,16.406370,3,3,3,03066,0306,90306,3D,G,Gründerzeit mit überwiegend kleineren Wohnungen,AGGGH,gründerzeitliche Gebiete,point_in_polygon_ray_casting,2026-09-03,1,0,0,1.706,1,1,eindeutig_zugeordnet
17786,48.223517,16.386330,2,2,2,02024,0202,90202,2B,G,Gründerzeit mit überwiegend kleineren Wohnungen,AGGGH,gründerzeitliche Gebiete,point_in_polygon_ray_casting,2026-09-03,1,0,0,90.260,1,1,eindeutig_zugeordnet
17787,48.188822,16.327395,15,15,15,15056,1505,91505,15C,JA,Gebiete dominiert durch Bauten von 1961 bis 1991,JAN,"Mischgebiete der jüngeren Vergangenheit, Neubau- und Stadterweiterungsgebiete",point_in_polygon_ray_casting,2026-09-03,1,0,0,16.089,1,1,eindeutig_zugeordnet
17788,48.187357,16.373118,4,4,4,04041,0404,90404,4B,GG,Gründerzeit mit überwiegend größeren Wohnungen,AGGGH,gründerzeitliche Gebiete,point_in_polygon_ray_casting,2026-09-03,1,0,0,14.630,1,1,eindeutig_zugeordnet
15642,48.150763,16.266086,23,23,23,23140,2314,92314,23F,R,Einfamilienhäuser und Kleingärten,RT,Einfamilienhausgebiete bzw. stark durchgrünte Strukturen,point_in_polygon_ray_casting,2026-09-03,1,0,0,200.382,1,1,eindeutig_zugeordnet
15643,48.174532,16.325566,12,12,12,12072,1207,91207,12C,B,zwischen- und nachkriegszeitliche Gebiete mittlerer Dichte,BD,zwischen- und nachkriegszeitliche Strukturen,point_in_polygon_ray_casting,2026-09-03,1,0,0,22.733,1,1,eindeutig_zugeordnet
15644,48.219786,16.389193,2,2,2,02028,0202,90202,2B,GG,Gründerzeit mit überwiegend größeren Wohnungen,AGGGH,gründerzeitliche Gebiete,point_in_polygon_ray_casting,2026-09-03,1,0,0,55.735,1,1,eindeutig_zugeordnet
15645,48.168715,16.415531,11,11,11,11038,1103,91103,11B,JA,Gebiete dominiert durch Bauten von 1961 bis 1991,JAN,"Mischgebiete der jüngeren Vergangenheit, Neubau- und Stadterweiterungsgebiete",point_in_polygon_ray_casting,2026-09-03,1,0,0,69.210,1,1,eindeutig_zugeordnet
15646,48.227043,16.352077,9,9,9,09044,0904,90904,9A,G,Gründerzeit mit überwiegend kleineren Wohnungen,AGGGH,gründerzeitliche Gebiete,point_in_polygon_ray_casting,2026-09-03,1,0,0,49.958,1,1,eindeutig_zugeordnet
17641,48.198318,16.293386,14,14,14,14041,1404,91404,14C,JN,Neubau ab 1991 und Stadterweiterung,JAN,"Mischgebiete der jüngeren Vergangenheit, Neubau- und Stadterweiterungsgebiete",point_in_polygon_ray_casting,2026-09-03,1,0,0,10.699,1,1,eindeutig_zugeordnet
17642,48.137322,16.256424,23,23,23,23120,2312,92312,23E,X,heterogene Bebauung mit Überhang an Einfamilien- und Reihenhäusern,CXY,stark durchmischte Gebiete geringerer Dichte,point_in_polygon_ray_casting,2026-09-03,1,0,0,63.959,1,1,eindeutig_zugeordnet
17643,48.192270,16.377149,4,4,4,04024,0402,90402,4B,GG,Gründerzeit mit überwiegend größeren Wohnungen,AGGGH,gründerzeitliche Gebiete,point_in_polygon_ray_casting,2026-09-03,1,0,0,96.712,1,1,eindeutig_zugeordnet
17644,48.194268,16.319949,15,15,15,15068,1506,91506,15B,G,Gründerzeit mit überwiegend kleineren Wohnungen,AGGGH,gründerzeitliche Gebiete,point_in_polygon_ray_casting,2026-09-03,1,0,0,21.162,1,1,eindeutig_zugeordnet
17645,48.193330,16.405327,3,3,3,03071,0307,90307,3E,B,zwischen- und nachkriegszeitliche Gebiete mittlerer Dichte,BD,zwischen- und nachkriegszeitliche Strukturen,point_in_polygon_ray_casting,2026-09-03,1,0,0,20.306,1,1,eindeutig_zugeordnet
17646,48.134313,16.274406,23,23,23,23112,2311,92311,23E,C,Bebauung mit überwiegend durchgrüntem Geschoßwohnbau,CXY,stark durchmischte Gebiete geringerer Dichte,point_in_polygon_ray_casting,2026-09-03,1,0,0,93.428,1,1,eindeutig_zugeordnet
17734,48.261761,16.398252,21,21,21,21212,2121,92121,21G,B,zwischen- und nachkriegszeitliche Gebiete mittlerer Dichte,BD,zwischen- und nachkriegszeitliche Strukturen,point_in_polygon_ray_casting,2026-09-03,1,0,0,126.659,1,1,eindeutig_zugeordnet
17735,48.231584,16.446808,22,22,22,22152,2215,92215,22E,C,Bebauung mit überwiegend durchgrüntem Geschoßwohnbau,CXY,stark durchmischte Gebiete geringerer Dichte,point_in_polygon_ray_casting,2026-09-03,1,0,0,63.718,1,1,eindeutig_zugeordnet
17736,48.179109,16.343342,12,12,12,12029,1202,91202,12A,Z,überwiegend städtische Infrastruktur und sonstige Nutzungen,ZI,industriell-gewerblich oder durch sonstige Nutzungen dominierte Gebiete,point_in_polygon_ray_casting,2026-09-03,1,0,0,26.924,1,1,eindeutig_zugeordnet
17737,48.187963,16.298029,13,13,13,13033,1303,91303,13A,C,Bebauung mit überwiegend durchgrüntem Geschoßwohnbau,CXY,stark durchmischte Gebiete geringerer Dichte,point_in_polygon_ray_casting,2026-09-03,1,0,0,83.664,1,1,eindeutig_zugeordnet
17738,48.175015,16.323902,12,12,12,12072,1207,91207,12C,B,zwischen- und nachkriegszeitliche Gebiete mittlerer Dichte,BD,zwischen- und nachkriegszeitliche Strukturen,point_in_polygon_ray_casting,2026-09-03,1,0,0,37.152,1,1,eindeutig_zugeordnet
17739,48.171120,16.309196,12,12,12,12074,1207,91207,12C,C,Bebauung mit überwiegend durchgrüntem Geschoßwohnbau,CXY,stark durchmischte Gebiete geringerer Dichte,point_in_polygon_ray_casting,2026-09-03,1,0,0,21.383,1,1,eindeutig_zugeordnet
15567,48.233410,16.351455,19,19,19,19049,1904,91904,19B,D,zwischen- und nachkriegszeitliche Gebiete hoher Dichte,BD,zwischen- und nachkriegszeitliche Strukturen,point_in_polygon_ray_casting,2026-09-03,1,0,0,31.700,1,1,eindeutig_zugeordnet
15568,48.160205,16.428009,11,11,11,11054,1105,91105,11C,X,heterogene Bebauung mit Überhang an Einfamilien- und Reihenhäusern,CXY,stark durchmischte Gebiete geringerer Dichte,point_in_polygon_ray_casting,2026-09-03,1,0,0,41.635,1,1,eindeutig_zugeordnet
15565,48.219142,16.359498,9,9,9,09053,0905,90905,9B,GG,Gründerzeit mit überwiegend größeren Wohnungen,AGGGH,gründerzeitliche Gebiete,point_in_polygon_ray_casting,2026-09-03,1,0,0,78.517,1,1,eindeutig_zugeordnet
15566,48.204269,16.326553,15,15,15,15011,1501,91501,15A,D,zwischen- und nachkriegszeitliche Gebiete hoher Dichte,BD,zwischen- und nachkriegszeitliche Strukturen,point_in_polygon_ray_casting,2026-09-03,1,0,0,9.343,1,1,eindeutig_zugeordnet
15648,48.212782,16.319402,16,16,16,16044,1604,91604,16C,I,überwiegend industriell-gewerbliche Nutzung,ZI,industriell-gewerblich oder durch sonstige Nutzungen dominierte Gebiete,point_in_polygon_ray_casting,2026-09-03,1,0,0,45.636,1,1,eindeutig_zugeordnet
15649,48.182771,16.336989,12,12,12,12020,1202,91202,12A,D,zwischen- und nachkriegszeitliche Gebiete hoher Dichte,BD,zwischen- und nachkriegszeitliche Strukturen,point_in_polygon_ray_casting,2026-09-03,1,0,0,66.862,1,1,eindeutig_zugeordnet
15647,48.168858,16.365909,10,10,10,10104,1010,91010,10F,D,zwischen- und nachkriegszeitliche Gebiete hoher Dichte,BD,zwischen- und nachkriegszeitliche Strukturen,point_in_polygon_ray_casting,2026-09-03,1,0,0,47.367,1,1,eindeutig_zugeordnet
15650,48.256597,16.365277,19,19,19,19020,1902,91902,19B,B,zwischen- und nachkriegszeitliche Gebiete mittlerer Dichte,BD,zwischen- und nachkriegszeitliche Strukturen,point_in_polygon_ray_casting,2026-09-03,1,0,0,14.216,1,1,eindeutig_zugeordnet
17648,48.162860,16.304516,12,12,12,12116,1211,91211,12E,C,Bebauung mit überwiegend durchgrüntem Geschoßwohnbau,CXY,stark durchmischte Gebiete geringerer Dichte,point_in_polygon_ray_casting,2026-09-03,1,0,0,91.169,1,1,eindeutig_zugeordnet
17649,48.142718,16.345154,23,23,23,23181,2318,92318,23A,I,überwiegend industriell-gewerbliche Nutzung,ZI,industriell-gewerblich oder durch sonstige Nutzungen dominierte Gebiete,point_in_polygon_ray_casting,2026-09-03,1,0,0,95.739,1,1,eindeutig_zugeordnet
17650,48.196325,16.310110,14,14,14,14023,1402,91402,14A,D,zwischen- und nachkriegszeitliche Gebiete hoher Dichte,BD,zwischen- und nachkriegszeitliche Strukturen,point_in_polygon_ray_casting,2026-09-03,1,0,0,37.720,1,1,eindeutig_zugeordnet
17651,48.224335,16.301766,17,17,17,17042,1704,91704,17C,R,Einfamilienhäuser und Kleingärten,RT,Einfamilienhausgebiete bzw. stark durchgrünte Strukturen,point_in_polygon_ray_casting,2026-09-03,1,0,0,59.543,1,1,eindeutig_zugeordnet
17647,48.218659,16.376095,2,2,2,02038,0203,90203,2C,D,zwischen- und nachkriegszeitliche Gebiete hoher Dichte,BD,zwischen- und nachkriegszeitliche Strukturen,point_in_polygon_ray_casting,2026-09-03,1,0,0,40.404,1,1,eindeutig_zugeordnet
17740,48.290095,16.386127,21,21,21,21142,2114,92114,21E,C,Bebauung mit überwiegend durchgrüntem Geschoßwohnbau,CXY,stark durchmischte Gebiete geringerer Dichte,point_in_polygon_ray_casting,2026-09-03,1,0,0,24.109,1,1,eindeutig_zugeordnet
17741,48.233460,16.388720,20,20,20,20026,2002,92002,20C,G,Gründerzeit mit überwiegend kleineren Wohnungen,AGGGH,gründerzeitliche Gebiete,point_in_polygon_ray_casting,2026-09-03,1,0,0,46.217,1,1,eindeutig_zugeordnet
17742,48.157859,16.472594,11,11,11,11112,1111,91111,11D,C,Bebauung mit überwiegend durchgrüntem Geschoßwohnbau,CXY,stark durchmischte Gebiete geringerer Dichte,point_in_polygon_ray_casting,2026-09-03,1,0,0,102.254,1,1,eindeutig_zugeordnet
17743,48.225388,16.357856,9,9,9,09016,0901,90901,9A,D,zwischen- und nachkriegszeitliche Gebiete hoher Dichte,BD,zwischen- und nachkriegszeitliche Strukturen,point_in_polygon_ray_casting,2026-09-03,1,0,0,50.832,1,1,eindeutig_zugeordnet
17744,48.138451,16.272002,23,23,23,23120,2312,92312,23E,X,heterogene Bebauung mit Überhang an Einfamilien- und Reihenhäusern,CXY,stark durchmischte Gebiete geringerer Dichte,point_in_polygon_ray_casting,2026-09-03,1,0,0,82.679,1,1,eindeutig_zugeordnet
17745,48.137865,16.396967,10,10,10,10180,1018,91018,10J,Y,heterogene Bebauung mit Überhang an Geschoßwohnungen,CXY,stark durchmischte Gebiete geringerer Dichte,point_in_polygon_ray_casting,2026-09-03,1,0,0,81.864,1,1,eindeutig_zugeordnet
15569,48.173350,16.311970,12,12,12,12074,1207,91207,12C,C,Bebauung mit überwiegend durchgrüntem Geschoßwohnbau,CXY,stark durchmischte Gebiete geringerer Dichte,point_in_polygon_ray_casting,2026-09-03,1,0,0,23.106,1,1,eindeutig_zugeordnet
15570,48.255831,16.365318,19,19,19,19020,1902,91902,19B,B,zwischen- und nachkriegszeitliche Gebiete mittlerer Dichte,BD,zwischen- und nachkriegszeitliche Strukturen,point_in_polygon_ray_casting,2026-09-03,1,0,0,32.699,1,1,eindeutig_zugeordnet
15571,48.217060,16.379629,2,2,2,02044,0204,90204,2C,GG,Gründerzeit mit überwiegend größeren Wohnungen,AGGGH,gründerzeitliche Gebiete,point_in_polygon_ray_casting,2026-09-03,1,0,0,93.849,1,1,eindeutig_zugeordnet
15652,48.175485,16.361603,10,10,10,10070,1007,91007,10F,D,zwischen- und nachkriegszeitliche Gebiete hoher Dichte,BD,zwischen- und nachkriegszeitliche Strukturen,point_in_polygon_ray_casting,2026-09-03,1,0,0,72.992,1,1,eindeutig_zugeordnet
15653,48.214116,16.326195,17,17,17,17026,1702,91702,17A,JA,Gebiete dominiert durch Bauten von 1961 bis 1991,JAN,"Mischgebiete der jüngeren Vergangenheit, Neubau- und Stadterweiterungsgebiete",point_in_polygon_ray_casting,2026-09-03,1,0,0,53.358,1,1,eindeutig_zugeordnet
15654,48.214131,16.522886,22,22,22,22281,2228,92228,22B,R,Einfamilienhäuser und Kleingärten,RT,Einfamilienhausgebiete bzw. stark durchgrünte Strukturen,point_in_polygon_ray_casting,2026-09-03,1,0,0,118.959,1,1,eindeutig_zugeordnet
15651,48.187637,16.326195,15,15,15,15056,1505,91505,15C,JA,Gebiete dominiert durch Bauten von 1961 bis 1991,JAN,"Mischgebiete der jüngeren Vergangenheit, Neubau- und Stadterweiterungsgebiete",point_in_polygon_ray_casting,2026-09-03,1,0,0,99.168,1,1,eindeutig_zugeordnet
17652,48.173363,16.353562,10,10,10,10083,1008,91008,10F,D,zwischen- und nachkriegszeitliche Gebiete hoher Dichte,BD,zwischen- und nachkriegszeitliche Strukturen,point_in_polygon_ray_casting,2026-09-03,1,0,0,44.112,1,1,eindeutig_zugeordnet
17653,48.265060,16.389445,21,21,21,21183,2118,92118,21F,G,Gründerzeit mit überwiegend kleineren Wohnungen,AGGGH,gründerzeitliche Gebiete,point_in_polygon_ray_casting,2026-09-03,1,0,0,59.917,1,1,eindeutig_zugeordnet
17654,48.185675,16.328192,15,15,15,15041,1504,91504,15C,JN,Neubau ab 1991 und Stadterweiterung,JAN,"Mischgebiete der jüngeren Vergangenheit, Neubau- und Stadterweiterungsgebiete",point_in_polygon_ray_casting,2026-09-03,1,0,0,21.434,1,1,eindeutig_zugeordnet
17655,48.221642,16.318405,17,17,17,17034,1703,91703,17B,G,Gründerzeit mit überwiegend kleineren Wohnungen,AGGGH,gründerzeitliche Gebiete,point_in_polygon_ray_casting,2026-09-03,1,0,0,22.499,1,1,eindeutig_zugeordnet
17747,48.198105,16.315762,15,15,15,15060,1506,91506,15B,G,Gründerzeit mit überwiegend kleineren Wohnungen,AGGGH,gründerzeitliche Gebiete,point_in_polygon_ray_casting,2026-09-03,1,0,0,30.204,1,1,eindeutig_zugeordnet
17748,48.151220,16.349242,23,23,23,23013,2301,92301,23A,C,Bebauung mit überwiegend durchgrüntem Geschoßwohnbau,CXY,stark durchmischte Gebiete geringerer Dichte,point_in_polygon_ray_casting,2026-09-03,1,0,0,58.246,1,1,eindeutig_zugeordnet
17749,48.226241,16.335872,18,18,18,18032,1803,91803,18B,G,Gründerzeit mit überwiegend kleineren Wohnungen,AGGGH,gründerzeitliche Gebiete,point_in_polygon_ray_casting,2026-09-03,1,0,0,22.455,1,1,eindeutig_zugeordnet
17750,48.227001,16.357419,9,9,9,09014,0901,90901,9A,G,Gründerzeit mit überwiegend kleineren Wohnungen,AGGGH,gründerzeitliche Gebiete,point_in_polygon_ray_casting,2026-09-03,1,0,0,60.896,1,1,eindeutig_zugeordnet
17751,48.228396,16.356993,9,9,9,09012,0901,90901,9A,GG,Gründerzeit mit überwiegend größeren Wohnungen,AGGGH,gründerzeitliche Gebiete,point_in_polygon_ray_casting,2026-09-03,1,0,0,21.820,1,1,eindeutig_zugeordnet
17746,48.196033,16.309992,14,14,14,14023,1402,91402,14A,D,zwischen- und nachkriegszeitliche Gebiete hoher Dichte,BD,zwischen- und nachkriegszeitliche Strukturen,point_in_polygon_ray_casting,2026-09-03,1,0,0,69.391,1,1,eindeutig_zugeordnet
17752,48.169980,16.366200,10,10,10,10102,1010,91010,10F,D,zwischen- und nachkriegszeitliche Gebiete hoher Dichte,BD,zwischen- und nachkriegszeitliche Strukturen,point_in_polygon_ray_casting,2026-09-03,1,0,0,34.606,1,1,eindeutig_zugeordnet
15572,48.180551,16.265288,13,13,13,13050,1305,91305,13B,R,Einfamilienhäuser und Kleingärten,RT,Einfamilienhausgebiete bzw. stark durchgrünte Strukturen,point_in_polygon_ray_casting,2026-09-03,1,0,0,131.394,1,1,eindeutig_zugeordnet
15573,48.245992,16.437157,22,22,22,22130,2213,92213,22G,JA,Gebiete dominiert durch Bauten von 1961 bis 1991,JAN,"Mischgebiete der jüngeren Vergangenheit, Neubau- und Stadterweiterungsgebiete",point_in_polygon_ray_casting,2026-09-03,1,0,0,17.105,1,1,eindeutig_zugeordnet
15574,48.192527,16.341003,6,6,6,06037,0603,90603,6A,GG,Gründerzeit mit überwiegend größeren Wohnungen,AGGGH,gründerzeitliche Gebiete,point_in_polygon_ray_casting,2026-09-03,1,0,0,31.950,1,1,eindeutig_zugeordnet
15655,48.168317,16.357467,10,10,10,10100,1010,91010,10F,B,zwischen- und nachkriegszeitliche Gebiete mittlerer Dichte,BD,zwischen- und nachkriegszeitliche Strukturen,point_in_polygon_ray_casting,2026-09-03,1,0,0,50.003,1,1,eindeutig_zugeordnet
15656,48.190487,16.336020,15,15,15,15038,1503,91503,15C,G,Gründerzeit mit überwiegend kleineren Wohnungen,AGGGH,gründerzeitliche Gebiete,point_in_polygon_ray_casting,2026-09-03,1,0,0,30.173,1,1,eindeutig_zugeordnet
15657,48.188351,16.330432,15,15,15,15057,1505,91505,15C,G,Gründerzeit mit überwiegend kleineren Wohnungen,AGGGH,gründerzeitliche Gebiete,point_in_polygon_ray_casting,2026-09-03,1,0,0,78.908,1,1,eindeutig_zugeordnet
15658,48.142606,16.313411,23,23,23,23041,2304,92304,23B,JN,Neubau ab 1991 und Stadterweiterung,JAN,"Mischgebiete der jüngeren Vergangenheit, Neubau- und Stadterweiterungsgebiete",point_in_polygon_ray_casting,2026-09-03,1,0,0,203.198,1,1,eindeutig_zugeordnet
15659,48.160312,16.327649,12,12,12,12091,1209,91209,12D,Y,heterogene Bebauung mit Überhang an Geschoßwohnungen,CXY,stark durchmischte Gebiete geringerer Dichte,point_in_polygon_ray_casting,2026-09-03,1,0,0,62.546,1,1,eindeutig_zugeordnet
15660,48.212222,16.333966,16,16,16,16015,1601,91601,16A,G,Gründerzeit mit überwiegend kleineren Wohnungen,AGGGH,gründerzeitliche Gebiete,point_in_polygon_ray_casting,2026-09-03,1,0,0,9.697,1,1,eindeutig_zugeordnet
17656,48.133244,16.263121,23,23,23,23122,2312,92312,23E,R,Einfamilienhäuser und Kleingärten,RT,Einfamilienhausgebiete bzw. stark durchgrünte Strukturen,point_in_polygon_ray_casting,2026-09-03,1,0,0,36.603,1,1,eindeutig_zugeordnet
17657,48.253892,16.420806,21,21,21,21250,2125,92125,21D,Y,heterogene Bebauung mit Überhang an Geschoßwohnungen,CXY,stark durchmischte Gebiete geringerer Dichte,point_in_polygon_ray_casting,2026-09-03,1,0,0,92.052,1,1,eindeutig_zugeordnet
17658,48.175435,16.316290,12,12,12,12073,1207,91207,12C,C,Bebauung mit überwiegend durchgrüntem Geschoßwohnbau,CXY,stark durchmischte Gebiete geringerer Dichte,point_in_polygon_ray_casting,2026-09-03,1,0,0,96.202,1,1,eindeutig_zugeordnet
17659,48.251173,16.365799,19,19,19,19026,1902,91902,19B,D,zwischen- und nachkriegszeitliche Gebiete hoher Dichte,BD,zwischen- und nachkriegszeitliche Strukturen,point_in_polygon_ray_casting,2026-09-03,1,0,0,15.547,1,1,eindeutig_zugeordnet
17753,48.179413,16.417741,11,11,11,11023,1102,91102,11A,JN,Neubau ab 1991 und Stadterweiterung,JAN,"Mischgebiete der jüngeren Vergangenheit, Neubau- und Stadterweiterungsgebiete",point_in_polygon_ray_casting,2026-09-03,1,0,0,69.257,1,1,eindeutig_zugeordnet
17754,48.183837,16.358058,5,5,5,05024,0502,90502,5B,G,Gründerzeit mit überwiegend kleineren Wohnungen,AGGGH,gründerzeitliche Gebiete,point_in_polygon_ray_casting,2026-09-03,1,0,0,117.143,1,1,eindeutig_zugeordnet
17755,48.154213,16.453160,11,11,11,11100,1110,91110,11E,JN,Neubau ab 1991 und Stadterweiterung,JAN,"Mischgebiete der jüngeren Vergangenheit, Neubau- und Stadterweiterungsgebiete",point_in_polygon_ray_casting,2026-09-03,1,0,0,259.907,1,1,eindeutig_zugeordnet
17756,48.196186,16.406262,3,3,3,03066,0306,90306,3D,G,Gründerzeit mit überwiegend kleineren Wohnungen,AGGGH,gründerzeitliche Gebiete,point_in_polygon_ray_casting,2026-09-03,1,0,0,28.145,1,1,eindeutig_zugeordnet
15575,48.247795,16.375988,20,20,20,20012,2001,92001,20A,D,zwischen- und nachkriegszeitliche Gebiete hoher Dichte,BD,zwischen- und nachkriegszeitliche Strukturen,point_in_polygon_ray_casting,2026-09-03,1,0,0,67.253,1,1,eindeutig_zugeordnet
15576,48.167630,16.368881,10,10,10,10108,1010,91010,10F,D,zwischen- und nachkriegszeitliche Gebiete hoher Dichte,BD,zwischen- und nachkriegszeitliche Strukturen,point_in_polygon_ray_casting,2026-09-03,1,0,0,30.111,1,1,eindeutig_zugeordnet
15577,48.187330,16.328215,15,15,15,15057,1505,91505,15C,G,Gründerzeit mit überwiegend kleineren Wohnungen,AGGGH,gründerzeitliche Gebiete,point_in_polygon_ray_casting,2026-09-03,1,0,0,16.656,1,1,eindeutig_zugeordnet
15578,48.141964,16.296115,23,23,23,23075,2307,92307,23C,C,Bebauung mit überwiegend durchgrüntem Geschoßwohnbau,CXY,stark durchmischte Gebiete geringerer Dichte,point_in_polygon_ray_casting,2026-09-03,1,0,0,84.008,1,1,eindeutig_zugeordnet
15579,48.218908,16.331275,17,17,17,17020,1702,91702,17A,G,Gründerzeit mit überwiegend kleineren Wohnungen,AGGGH,gründerzeitliche Gebiete,point_in_polygon_ray_casting,2026-09-03,1,0,0,45.210,1,1,eindeutig_zugeordnet
15661,48.224630,16.345404,18,18,18,18036,1803,91803,18B,GG,Gründerzeit mit überwiegend größeren Wohnungen,AGGGH,gründerzeitliche Gebiete,point_in_polygon_ray_casting,2026-09-03,1,0,0,20.099,1,1,eindeutig_zugeordnet
15662,48.221554,16.398713,2,2,2,02071,0207,90207,2E,D,zwischen- und nachkriegszeitliche Gebiete hoher Dichte,BD,zwischen- und nachkriegszeitliche Strukturen,point_in_polygon_ray_casting,2026-09-03,1,0,0,51.534,1,1,eindeutig_zugeordnet
15663,48.238234,16.342858,19,19,19,19092,1909,91909,19A,H,Cottages,AGGGH,gründerzeitliche Gebiete,point_in_polygon_ray_casting,2026-09-03,1,0,0,18.614,1,1,eindeutig_zugeordnet
15664,48.200696,16.438554,2,2,2,02080,0208,90208,2D,R,Einfamilienhäuser und Kleingärten,RT,Einfamilienhausgebiete bzw. stark durchgrünte Strukturen,point_in_polygon_ray_casting,2026-09-03,1,0,0,73.672,1,1,eindeutig_zugeordnet
15665,48.201184,16.437875,2,2,2,02080,0208,90208,2D,R,Einfamilienhäuser und Kleingärten,RT,Einfamilienhausgebiete bzw. stark durchgrünte Strukturen,point_in_polygon_ray_casting,2026-09-03,1,0,0,71.892,1,1,eindeutig_zugeordnet
18747,48.167484,16.366083,10,10,10,10107,1010,91010,10F,D,zwischen- und nachkriegszeitliche Gebiete hoher Dichte,BD,zwischen- und nachkriegszeitliche Strukturen,point_in_polygon_ray_casting,2026-09-03,1,0,0,73.135,1,1,eindeutig_zugeordnet
18748,48.172815,16.411848,11,11,11,11034,1103,91103,11B,D,zwischen- und nachkriegszeitliche Gebiete hoher Dichte,BD,zwischen- und nachkriegszeitliche Strukturen,point_in_polygon_ray_casting,2026-09-03,1,0,0,28.328,1,1,eindeutig_zugeordnet
18749,48.221725,16.404050,2,2,2,02075,0207,90207,2E,JA,Gebiete dominiert durch Bauten von 1961 bis 1991,JAN,"Mischgebiete der jüngeren Vergangenheit, Neubau- und Stadterweiterungsgebiete",point_in_polygon_ray_casting,2026-09-03,1,0,0,57.872,1,1,eindeutig_zugeordnet
18824,48.273406,16.444664,21,21,21,21052,2105,92105,21C,JA,Gebiete dominiert durch Bauten von 1961 bis 1991,JAN,"Mischgebiete der jüngeren Vergangenheit, Neubau- und Stadterweiterungsgebiete",point_in_polygon_ray_casting,2026-09-03,1,0,0,53.851,1,1,eindeutig_zugeordnet
18825,48.258591,16.365350,19,19,19,19015,1901,91901,19A,C,Bebauung mit überwiegend durchgrüntem Geschoßwohnbau,CXY,stark durchmischte Gebiete geringerer Dichte,point_in_polygon_ray_casting,2026-09-03,1,0,0,16.310,1,1,eindeutig_zugeordnet
18826,48.228693,16.359458,9,9,9,09015,0901,90901,9A,D,zwischen- und nachkriegszeitliche Gebiete hoher Dichte,BD,zwischen- und nachkriegszeitliche Strukturen,point_in_polygon_ray_casting,2026-09-03,1,0,0,3.684,1,1,eindeutig_zugeordnet
18827,48.219354,16.314035,16,16,16,16050,1605,91605,16C,JN,Neubau ab 1991 und Stadterweiterung,JAN,"Mischgebiete der jüngeren Vergangenheit, Neubau- und Stadterweiterungsgebiete",point_in_polygon_ray_casting,2026-09-03,1,0,0,49.085,1,1,eindeutig_zugeordnet
18913,48.207431,16.315836,16,16,16,16033,1603,91603,16B,D,zwischen- und nachkriegszeitliche Gebiete hoher Dichte,BD,zwischen- und nachkriegszeitliche Strukturen,point_in_polygon_ray_casting,2026-09-03,1,0,0,29.911,1,1,eindeutig_zugeordnet
18914,48.259898,16.418748,21,21,21,21241,2124,92124,21D,Y,heterogene Bebauung mit Überhang an Geschoßwohnungen,CXY,stark durchmischte Gebiete geringerer Dichte,point_in_polygon_ray_casting,2026-09-03,1,0,0,105.104,1,1,eindeutig_zugeordnet
18915,48.184895,16.339156,12,12,12,12012,1201,91201,12A,JA,Gebiete dominiert durch Bauten von 1961 bis 1991,JAN,"Mischgebiete der jüngeren Vergangenheit, Neubau- und Stadterweiterungsgebiete",point_in_polygon_ray_casting,2026-09-03,1,0,0,41.156,1,1,eindeutig_zugeordnet
18916,48.168634,16.367717,10,10,10,10054,1005,91005,10G,JA,Gebiete dominiert durch Bauten von 1961 bis 1991,JAN,"Mischgebiete der jüngeren Vergangenheit, Neubau- und Stadterweiterungsgebiete",point_in_polygon_ray_casting,2026-09-03,1,0,0,33.711,1,1,eindeutig_zugeordnet
18661,48.172302,16.416894,11,11,11,11037,1103,91103,11B,JA,Gebiete dominiert durch Bauten von 1961 bis 1991,JAN,"Mischgebiete der jüngeren Vergangenheit, Neubau- und Stadterweiterungsgebiete",point_in_polygon_ray_casting,2026-09-03,1,0,0,71.010,1,1,eindeutig_zugeordnet
18662,48.165947,16.367942,10,10,10,10108,1010,91010,10F,D,zwischen- und nachkriegszeitliche Gebiete hoher Dichte,BD,zwischen- und nachkriegszeitliche Strukturen,point_in_polygon_ray_casting,2026-09-03,1,0,0,42.042,1,1,eindeutig_zugeordnet
18663,48.186495,16.349317,5,5,5,05032,0503,90503,5C,G,Gründerzeit mit überwiegend kleineren Wohnungen,AGGGH,gründerzeitliche Gebiete,point_in_polygon_ray_casting,2026-09-03,1,0,0,42.935,1,1,eindeutig_zugeordnet
18664,48.196567,16.310199,14,14,14,14023,1402,91402,14A,D,zwischen- und nachkriegszeitliche Gebiete hoher Dichte,BD,zwischen- und nachkriegszeitliche Strukturen,point_in_polygon_ray_casting,2026-09-03,1,0,0,10.351,1,1,eindeutig_zugeordnet
18665,48.214597,16.378574,2,2,2,02048,0204,90204,2C,GG,Gründerzeit mit überwiegend größeren Wohnungen,AGGGH,gründerzeitliche Gebiete,point_in_polygon_ray_casting,2026-09-03,1,0,0,36.911,1,1,eindeutig_zugeordnet
18666,48.152057,16.271103,23,23,23,23141,2314,92314,23F,R,Einfamilienhäuser und Kleingärten,RT,Einfamilienhausgebiete bzw. stark durchgrünte Strukturen,point_in_polygon_ray_casting,2026-09-03,1,0,0,101.130,1,1,eindeutig_zugeordnet
18660,48.144955,16.296762,23,23,23,23071,2307,92307,23C,C,Bebauung mit überwiegend durchgrüntem Geschoßwohnbau,CXY,stark durchmischte Gebiete geringerer Dichte,point_in_polygon_ray_casting,2026-09-03,1,0,0,17.512,1,1,eindeutig_zugeordnet
18750,48.243626,16.355102,19,19,19,19041,1904,91904,19B,C,Bebauung mit überwiegend durchgrüntem Geschoßwohnbau,CXY,stark durchmischte Gebiete geringerer Dichte,point_in_polygon_ray_casting,2026-09-03,1,0,0,31.352,1,1,eindeutig_zugeordnet
18751,48.217288,16.348726,9,9,9,09034,0903,90903,9B,GG,Gründerzeit mit überwiegend größeren Wohnungen,AGGGH,gründerzeitliche Gebiete,point_in_polygon_ray_casting,2026-09-03,1,0,0,11.859,1,1,eindeutig_zugeordnet
18752,48.222662,16.336778,18,18,18,18035,1803,91803,18B,G,Gründerzeit mit überwiegend kleineren Wohnungen,AGGGH,gründerzeitliche Gebiete,point_in_polygon_ray_casting,2026-09-03,1,0,0,7.837,1,1,eindeutig_zugeordnet
18753,48.182122,16.360963,5,5,5,05027,0502,90502,5B,D,zwischen- und nachkriegszeitliche Gebiete hoher Dichte,BD,zwischen- und nachkriegszeitliche Strukturen,point_in_polygon_ray_casting,2026-09-03,1,0,0,28.151,1,1,eindeutig_zugeordnet
18754,48.216812,16.414661,2,2,2,02095,0209,90209,2E,D,zwischen- und nachkriegszeitliche Gebiete hoher Dichte,BD,zwischen- und nachkriegszeitliche Strukturen,point_in_polygon_ray_casting,2026-09-03,1,0,0,28.590,1,1,eindeutig_zugeordnet
18755,48.234801,16.373358,20,20,20,20030,2003,92003,20D,G,Gründerzeit mit überwiegend kleineren Wohnungen,AGGGH,gründerzeitliche Gebiete,point_in_polygon_ray_casting,2026-09-03,1,0,0,62.630,1,1,eindeutig_zugeordnet
18829,48.238110,16.367983,20,20,20,20063,2006,92006,20B,JA,Gebiete dominiert durch Bauten von 1961 bis 1991,JAN,"Mischgebiete der jüngeren Vergangenheit, Neubau- und Stadterweiterungsgebiete",point_in_polygon_ray_casting,2026-09-03,1,0,0,46.242,1,1,eindeutig_zugeordnet
18830,48.128017,16.312843,23,23,23,23051,2305,92305,23C,C,Bebauung mit überwiegend durchgrüntem Geschoßwohnbau,CXY,stark durchmischte Gebiete geringerer Dichte,point_in_polygon_ray_casting,2026-09-03,1,0,0,87.989,1,1,eindeutig_zugeordnet
18831,48.190846,16.377125,4,4,4,04026,0402,90402,4B,GG,Gründerzeit mit überwiegend größeren Wohnungen,AGGGH,gründerzeitliche Gebiete,point_in_polygon_ray_casting,2026-09-03,1,0,0,14.980,1,1,eindeutig_zugeordnet
18832,48.260228,16.440539,22,22,22,22092,2209,92209,22G,JA,Gebiete dominiert durch Bauten von 1961 bis 1991,JAN,"Mischgebiete der jüngeren Vergangenheit, Neubau- und Stadterweiterungsgebiete",point_in_polygon_ray_casting,2026-09-03,1,0,0,174.968,1,1,eindeutig_zugeordnet
18833,48.217485,16.335184,17,17,17,17021,1702,91702,17A,G,Gründerzeit mit überwiegend kleineren Wohnungen,AGGGH,gründerzeitliche Gebiete,point_in_polygon_ray_casting,2026-09-03,1,0,0,9.378,1,1,eindeutig_zugeordnet
18834,48.224262,16.316428,17,17,17,17032,1703,91703,17B,G,Gründerzeit mit überwiegend kleineren Wohnungen,AGGGH,gründerzeitliche Gebiete,point_in_polygon_ray_casting,2026-09-03,1,0,0,51.622,1,1,eindeutig_zugeordnet
18835,48.166211,16.299839,12,12,12,12116,1211,91211,12E,C,Bebauung mit überwiegend durchgrüntem Geschoßwohnbau,CXY,stark durchmischte Gebiete geringerer Dichte,point_in_polygon_ray_casting,2026-09-03,1,0,0,27.147,1,1,eindeutig_zugeordnet
18828,48.224807,16.401446,2,2,2,02013,0201,90201,2A,D,zwischen- und nachkriegszeitliche Gebiete hoher Dichte,BD,zwischen- und nachkriegszeitliche Strukturen,point_in_polygon_ray_casting,2026-09-03,1,0,0,88.177,1,1,eindeutig_zugeordnet
18918,48.267423,16.393205,21,21,21,21190,2119,92119,21F,Y,heterogene Bebauung mit Überhang an Geschoßwohnungen,CXY,stark durchmischte Gebiete geringerer Dichte,point_in_polygon_ray_casting,2026-09-03,1,0,0,31.450,1,1,eindeutig_zugeordnet
18919,48.214212,16.378930,2,2,2,02048,0204,90204,2C,GG,Gründerzeit mit überwiegend größeren Wohnungen,AGGGH,gründerzeitliche Gebiete,point_in_polygon_ray_casting,2026-09-03,1,0,0,72.586,1,1,eindeutig_zugeordnet
18920,48.251157,16.445162,22,22,22,22080,2208,92208,22D,JN,Neubau ab 1991 und Stadterweiterung,JAN,"Mischgebiete der jüngeren Vergangenheit, Neubau- und Stadterweiterungsgebiete",point_in_polygon_ray_casting,2026-09-03,1,0,0,40.699,1,1,eindeutig_zugeordnet
18917,48.152900,16.461965,11,11,11,11100,1110,91110,11E,JN,Neubau ab 1991 und Stadterweiterung,JAN,"Mischgebiete der jüngeren Vergangenheit, Neubau- und Stadterweiterungsgebiete",point_in_polygon_ray_casting,2026-09-03,1,0,0,223.885,1,1,eindeutig_zugeordnet
18921,48.141412,16.282781,23,23,23,23111,2311,92311,23E,Y,heterogene Bebauung mit Überhang an Geschoßwohnungen,CXY,stark durchmischte Gebiete geringerer Dichte,point_in_polygon_ray_casting,2026-09-03,1,0,0,42.107,1,1,eindeutig_zugeordnet
18922,48.190195,16.339149,6,6,6,06020,0602,90602,6A,G,Gründerzeit mit überwiegend kleineren Wohnungen,AGGGH,gründerzeitliche Gebiete,point_in_polygon_ray_casting,2026-09-03,1,0,0,50.868,1,1,eindeutig_zugeordnet
18667,48.212598,16.372162,1,1,1,01065,0106,90106,1A,A,"Zentrum, Altstadt und Gründerzeit",AGGGH,gründerzeitliche Gebiete,point_in_polygon_ray_casting,2026-09-03,1,0,0,41.449,1,1,eindeutig_zugeordnet
18668,48.225622,16.354238,9,9,9,09045,0904,90904,9A,G,Gründerzeit mit überwiegend kleineren Wohnungen,AGGGH,gründerzeitliche Gebiete,point_in_polygon_ray_casting,2026-09-03,1,0,0,46.456,1,1,eindeutig_zugeordnet
18669,48.162795,16.328133,12,12,12,12090,1209,91209,12D,B,zwischen- und nachkriegszeitliche Gebiete mittlerer Dichte,BD,zwischen- und nachkriegszeitliche Strukturen,point_in_polygon_ray_casting,2026-09-03,1,0,0,35.892,1,1,eindeutig_zugeordnet
18670,48.211759,16.325588,16,16,16,16044,1604,91604,16C,I,überwiegend industriell-gewerbliche Nutzung,ZI,industriell-gewerblich oder durch sonstige Nutzungen dominierte Gebiete,point_in_polygon_ray_casting,2026-09-03,1,0,0,7.722,1,1,eindeutig_zugeordnet
18671,48.218418,16.376408,2,2,2,02038,0203,90203,2C,D,zwischen- und nachkriegszeitliche Gebiete hoher Dichte,BD,zwischen- und nachkriegszeitliche Strukturen,point_in_polygon_ray_casting,2026-09-03,1,0,0,62.519,1,1,eindeutig_zugeordnet
18672,48.145075,16.294512,23,23,23,23073,2307,92307,23C,Y,heterogene Bebauung mit Überhang an Geschoßwohnungen,CXY,stark durchmischte Gebiete geringerer Dichte,point_in_polygon_ray_casting,2026-09-03,1,0,0,2.672,1,1,eindeutig_zugeordnet
18757,48.199537,16.273326,14,14,14,14081,1408,91408,14D,R,Einfamilienhäuser und Kleingärten,RT,Einfamilienhausgebiete bzw. stark durchgrünte Strukturen,point_in_polygon_ray_casting,2026-09-03,1,0,0,77.418,1,1,eindeutig_zugeordnet
18756,48.231265,16.356275,9,9,9,09011,0901,90901,9A,G,Gründerzeit mit überwiegend kleineren Wohnungen,AGGGH,gründerzeitliche Gebiete,point_in_polygon_ray_casting,2026-09-03,1,0,0,47.292,1,1,eindeutig_zugeordnet
18836,48.208898,16.313765,16,16,16,16032,1603,91603,16B,D,zwischen- und nachkriegszeitliche Gebiete hoher Dichte,BD,zwischen- und nachkriegszeitliche Strukturen,point_in_polygon_ray_casting,2026-09-03,1,0,0,38.759,1,1,eindeutig_zugeordnet
18837,48.183937,16.338334,12,12,12,12020,1202,91202,12A,D,zwischen- und nachkriegszeitliche Gebiete hoher Dichte,BD,zwischen- und nachkriegszeitliche Strukturen,point_in_polygon_ray_casting,2026-09-03,1,0,0,19.652,1,1,eindeutig_zugeordnet
18838,48.217928,16.335999,17,17,17,17021,1702,91702,17A,G,Gründerzeit mit überwiegend kleineren Wohnungen,AGGGH,gründerzeitliche Gebiete,point_in_polygon_ray_casting,2026-09-03,1,0,0,40.159,1,1,eindeutig_zugeordnet
18839,48.258387,16.363689,19,19,19,19013,1901,91901,19A,H,Cottages,AGGGH,gründerzeitliche Gebiete,point_in_polygon_ray_casting,2026-09-03,1,0,0,33.590,1,1,eindeutig_zugeordnet
18924,48.209992,16.332039,16,16,16,16018,1601,91601,16A,G,Gründerzeit mit überwiegend kleineren Wohnungen,AGGGH,gründerzeitliche Gebiete,point_in_polygon_ray_casting,2026-09-03,1,0,0,56.096,1,1,eindeutig_zugeordnet
18925,48.156124,16.366535,10,10,10,10132,1013,91013,10H,R,Einfamilienhäuser und Kleingärten,RT,Einfamilienhausgebiete bzw. stark durchgrünte Strukturen,point_in_polygon_ray_casting,2026-09-03,1,0,0,52.732,1,1,eindeutig_zugeordnet
18926,48.231155,16.394349,2,2,2,02014,0201,90201,2A,JN,Neubau ab 1991 und Stadterweiterung,JAN,"Mischgebiete der jüngeren Vergangenheit, Neubau- und Stadterweiterungsgebiete",point_in_polygon_ray_casting,2026-09-03,1,0,0,44.595,1,1,eindeutig_zugeordnet
18923,48.182696,16.355426,5,5,5,05022,0502,90502,5B,G,Gründerzeit mit überwiegend kleineren Wohnungen,AGGGH,gründerzeitliche Gebiete,point_in_polygon_ray_casting,2026-09-03,1,0,0,29.675,1,1,eindeutig_zugeordnet
18927,48.144156,16.280931,23,23,23,23101,2310,92310,23D,C,Bebauung mit überwiegend durchgrüntem Geschoßwohnbau,CXY,stark durchmischte Gebiete geringerer Dichte,point_in_polygon_ray_casting,2026-09-03,1,0,0,152.237,1,1,eindeutig_zugeordnet
18928,48.210213,16.289218,16,16,16,16081,1608,91608,16E,X,heterogene Bebauung mit Überhang an Einfamilien- und Reihenhäusern,CXY,stark durchmischte Gebiete geringerer Dichte,point_in_polygon_ray_casting,2026-09-03,1,0,0,72.138,1,1,eindeutig_zugeordnet
18929,48.181505,16.334479,12,12,12,12040,1204,91204,12B,D,zwischen- und nachkriegszeitliche Gebiete hoher Dichte,BD,zwischen- und nachkriegszeitliche Strukturen,point_in_polygon_ray_casting,2026-09-03,1,0,0,48.713,1,1,eindeutig_zugeordnet
18930,48.144796,16.295857,23,23,23,23073,2307,92307,23C,Y,heterogene Bebauung mit Überhang an Geschoßwohnungen,CXY,stark durchmischte Gebiete geringerer Dichte,point_in_polygon_ray_casting,2026-09-03,1,0,0,8.172,1,1,eindeutig_zugeordnet
18931,48.179724,16.343844,12,12,12,12029,1202,91202,12A,Z,überwiegend städtische Infrastruktur und sonstige Nutzungen,ZI,industriell-gewerblich oder durch sonstige Nutzungen dominierte Gebiete,point_in_polygon_ray_casting,2026-09-03,1,0,0,55.068,1,1,eindeutig_zugeordnet
18932,48.179412,16.342872,12,12,12,12029,1202,91202,12A,Z,überwiegend städtische Infrastruktur und sonstige Nutzungen,ZI,industriell-gewerblich oder durch sonstige Nutzungen dominierte Gebiete,point_in_polygon_ray_casting,2026-09-03,1,0,0,11.634,1,1,eindeutig_zugeordnet
18673,48.145768,16.300678,23,23,23,23072,2307,92307,23C,X,heterogene Bebauung mit Überhang an Einfamilien- und Reihenhäusern,CXY,stark durchmischte Gebiete geringerer Dichte,point_in_polygon_ray_casting,2026-09-03,1,0,0,151.411,1,1,eindeutig_zugeordnet
18674,48.179200,16.366825,10,10,10,10062,1006,91006,10D,G,Gründerzeit mit überwiegend kleineren Wohnungen,AGGGH,gründerzeitliche Gebiete,point_in_polygon_ray_casting,2026-09-03,1,0,0,45.267,1,1,eindeutig_zugeordnet
18675,48.223052,16.460728,22,22,22,22180,2218,92218,22I,C,Bebauung mit überwiegend durchgrüntem Geschoßwohnbau,CXY,stark durchmischte Gebiete geringerer Dichte,point_in_polygon_ray_casting,2026-09-03,1,0,0,165.038,1,1,eindeutig_zugeordnet
18676,48.211813,16.389685,3,3,3,03012,0301,90301,3A,GG,Gründerzeit mit überwiegend größeren Wohnungen,AGGGH,gründerzeitliche Gebiete,point_in_polygon_ray_casting,2026-09-03,1,0,0,4.570,1,1,eindeutig_zugeordnet
18677,48.234846,16.389438,20,20,20,20027,2002,92002,20C,G,Gründerzeit mit überwiegend kleineren Wohnungen,AGGGH,gründerzeitliche Gebiete,point_in_polygon_ray_casting,2026-09-03,1,0,0,75.977,1,1,eindeutig_zugeordnet
18678,48.229482,16.344985,18,18,18,18027,1802,91802,18B,GG,Gründerzeit mit überwiegend größeren Wohnungen,AGGGH,gründerzeitliche Gebiete,point_in_polygon_ray_casting,2026-09-03,1,0,0,2.422,1,1,eindeutig_zugeordnet
18679,48.211343,16.373701,1,1,1,01071,0107,90107,1A,A,"Zentrum, Altstadt und Gründerzeit",AGGGH,gründerzeitliche Gebiete,point_in_polygon_ray_casting,2026-09-03,1,0,0,44.258,1,1,eindeutig_zugeordnet
18758,48.161701,16.379193,10,10,10,10116,1011,91011,10H,X,heterogene Bebauung mit Überhang an Einfamilien- und Reihenhäusern,CXY,stark durchmischte Gebiete geringerer Dichte,point_in_polygon_ray_casting,2026-09-03,1,0,0,51.031,1,1,eindeutig_zugeordnet
18759,48.227374,16.401039,2,2,2,02012,0201,90201,2A,D,zwischen- und nachkriegszeitliche Gebiete hoher Dichte,BD,zwischen- und nachkriegszeitliche Strukturen,point_in_polygon_ray_casting,2026-09-03,1,0,0,86.546,1,1,eindeutig_zugeordnet
18760,48.203956,16.391701,3,3,3,03026,0302,90302,3A,JA,Gebiete dominiert durch Bauten von 1961 bis 1991,JAN,"Mischgebiete der jüngeren Vergangenheit, Neubau- und Stadterweiterungsgebiete",point_in_polygon_ray_casting,2026-09-03,1,0,0,48.586,1,1,eindeutig_zugeordnet
18761,48.189867,16.349413,6,6,6,06027,0602,90602,6A,GG,Gründerzeit mit überwiegend größeren Wohnungen,AGGGH,gründerzeitliche Gebiete,point_in_polygon_ray_casting,2026-09-03,1,0,0,3.831,1,1,eindeutig_zugeordnet
18762,48.135387,16.275287,23,23,23,23112,2311,92311,23E,C,Bebauung mit überwiegend durchgrüntem Geschoßwohnbau,CXY,stark durchmischte Gebiete geringerer Dichte,point_in_polygon_ray_casting,2026-09-03,1,0,0,207.541,1,1,eindeutig_zugeordnet
18840,48.172487,16.384312,10,10,10,10027,1002,91002,10B,D,zwischen- und nachkriegszeitliche Gebiete hoher Dichte,BD,zwischen- und nachkriegszeitliche Strukturen,point_in_polygon_ray_casting,2026-09-03,1,0,0,50.277,1,1,eindeutig_zugeordnet
18841,48.203074,16.330728,15,15,15,15013,1501,91501,15A,JN,Neubau ab 1991 und Stadterweiterung,JAN,"Mischgebiete der jüngeren Vergangenheit, Neubau- und Stadterweiterungsgebiete",point_in_polygon_ray_casting,2026-09-03,1,0,0,20.580,1,1,eindeutig_zugeordnet
18842,48.161081,16.425892,11,11,11,11053,1105,91105,11C,JA,Gebiete dominiert durch Bauten von 1961 bis 1991,JAN,"Mischgebiete der jüngeren Vergangenheit, Neubau- und Stadterweiterungsgebiete",point_in_polygon_ray_casting,2026-09-03,1,0,0,107.284,1,1,eindeutig_zugeordnet
18843,48.258682,16.367703,19,19,19,19015,1901,91901,19A,C,Bebauung mit überwiegend durchgrüntem Geschoßwohnbau,CXY,stark durchmischte Gebiete geringerer Dichte,point_in_polygon_ray_casting,2026-09-03,1,0,0,94.570,1,1,eindeutig_zugeordnet
18844,48.252941,16.363559,19,19,19,19022,1902,91902,19B,B,zwischen- und nachkriegszeitliche Gebiete mittlerer Dichte,BD,zwischen- und nachkriegszeitliche Strukturen,point_in_polygon_ray_casting,2026-09-03,1,0,0,37.667,1,1,eindeutig_zugeordnet
18845,48.204523,16.315083,15,15,15,15072,1507,91507,15A,C,Bebauung mit überwiegend durchgrüntem Geschoßwohnbau,CXY,stark durchmischte Gebiete geringerer Dichte,point_in_polygon_ray_casting,2026-09-03,1,0,0,96.143,1,1,eindeutig_zugeordnet
18951,48.241670,16.330523,19,19,19,19083,1908,91908,19C,JA,Gebiete dominiert durch Bauten von 1961 bis 1991,JAN,"Mischgebiete der jüngeren Vergangenheit, Neubau- und Stadterweiterungsgebiete",point_in_polygon_ray_casting,2026-09-03,1,0,0,53.244,1,1,eindeutig_zugeordnet
18952,48.280649,16.399074,21,21,21,21121,2112,92112,21E,X,heterogene Bebauung mit Überhang an Einfamilien- und Reihenhäusern,CXY,stark durchmischte Gebiete geringerer Dichte,point_in_polygon_ray_casting,2026-09-03,1,0,0,122.542,1,1,eindeutig_zugeordnet
18953,48.224128,16.400671,2,2,2,02013,0201,90201,2A,D,zwischen- und nachkriegszeitliche Gebiete hoher Dichte,BD,zwischen- und nachkriegszeitliche Strukturen,point_in_polygon_ray_casting,2026-09-03,1,0,0,72.163,1,1,eindeutig_zugeordnet
18954,48.272522,16.419565,21,21,21,21080,2108,92108,21B,X,heterogene Bebauung mit Überhang an Einfamilien- und Reihenhäusern,CXY,stark durchmischte Gebiete geringerer Dichte,point_in_polygon_ray_casting,2026-09-03,1,0,0,64.320,1,1,eindeutig_zugeordnet
18955,48.285846,16.411540,21,21,21,21111,2111,92111,21E,Y,heterogene Bebauung mit Überhang an Geschoßwohnungen,CXY,stark durchmischte Gebiete geringerer Dichte,point_in_polygon_ray_casting,2026-09-03,1,0,0,133.819,1,1,eindeutig_zugeordnet
18680,48.168377,16.414319,11,11,11,11038,1103,91103,11B,JA,Gebiete dominiert durch Bauten von 1961 bis 1991,JAN,"Mischgebiete der jüngeren Vergangenheit, Neubau- und Stadterweiterungsgebiete",point_in_polygon_ray_casting,2026-09-03,1,0,0,85.514,1,1,eindeutig_zugeordnet
18681,48.179449,16.419620,11,11,11,11023,1102,91102,11A,JN,Neubau ab 1991 und Stadterweiterung,JAN,"Mischgebiete der jüngeren Vergangenheit, Neubau- und Stadterweiterungsgebiete",point_in_polygon_ray_casting,2026-09-03,1,0,0,54.138,1,1,eindeutig_zugeordnet
18763,48.213468,16.326057,17,17,17,17026,1702,91702,17A,JA,Gebiete dominiert durch Bauten von 1961 bis 1991,JAN,"Mischgebiete der jüngeren Vergangenheit, Neubau- und Stadterweiterungsgebiete",point_in_polygon_ray_casting,2026-09-03,1,0,0,25.322,1,1,eindeutig_zugeordnet
18764,48.219152,16.326167,17,17,17,17037,1703,91703,17B,G,Gründerzeit mit überwiegend kleineren Wohnungen,AGGGH,gründerzeitliche Gebiete,point_in_polygon_ray_casting,2026-09-03,1,0,0,8.385,1,1,eindeutig_zugeordnet
18765,48.223817,16.312349,17,17,17,17031,1703,91703,17B,G,Gründerzeit mit überwiegend kleineren Wohnungen,AGGGH,gründerzeitliche Gebiete,point_in_polygon_ray_casting,2026-09-03,1,0,0,54.794,1,1,eindeutig_zugeordnet
18766,48.243352,16.382651,20,20,20,20073,2007,92007,20B,D,zwischen- und nachkriegszeitliche Gebiete hoher Dichte,BD,zwischen- und nachkriegszeitliche Strukturen,point_in_polygon_ray_casting,2026-09-03,1,0,0,93.817,1,1,eindeutig_zugeordnet
18767,48.194901,16.307601,14,14,14,14047,1404,91404,14C,D,zwischen- und nachkriegszeitliche Gebiete hoher Dichte,BD,zwischen- und nachkriegszeitliche Strukturen,point_in_polygon_ray_casting,2026-09-03,1,0,0,99.984,1,1,eindeutig_zugeordnet
18768,48.196159,16.400335,3,3,3,03064,0306,90306,3D,D,zwischen- und nachkriegszeitliche Gebiete hoher Dichte,BD,zwischen- und nachkriegszeitliche Strukturen,point_in_polygon_ray_casting,2026-09-03,1,0,0,96.393,1,1,eindeutig_zugeordnet
18846,48.214873,16.327864,17,17,17,17026,1702,91702,17A,JA,Gebiete dominiert durch Bauten von 1961 bis 1991,JAN,"Mischgebiete der jüngeren Vergangenheit, Neubau- und Stadterweiterungsgebiete",point_in_polygon_ray_casting,2026-09-03,1,0,0,93.488,1,1,eindeutig_zugeordnet
18847,48.256185,16.366466,19,19,19,19021,1902,91902,19B,JA,Gebiete dominiert durch Bauten von 1961 bis 1991,JAN,"Mischgebiete der jüngeren Vergangenheit, Neubau- und Stadterweiterungsgebiete",point_in_polygon_ray_casting,2026-09-03,1,0,0,9.793,1,1,eindeutig_zugeordnet
18848,48.299137,16.412275,21,21,21,21131,2113,92113,21A,X,heterogene Bebauung mit Überhang an Einfamilien- und Reihenhäusern,CXY,stark durchmischte Gebiete geringerer Dichte,point_in_polygon_ray_casting,2026-09-03,1,0,0,25.304,1,1,eindeutig_zugeordnet
18849,48.286558,16.382342,21,21,21,21140,2114,92114,21E,C,Bebauung mit überwiegend durchgrüntem Geschoßwohnbau,CXY,stark durchmischte Gebiete geringerer Dichte,point_in_polygon_ray_casting,2026-09-03,1,0,0,96.798,1,1,eindeutig_zugeordnet
18850,48.244695,16.344000,19,19,19,19082,1908,91908,19C,C,Bebauung mit überwiegend durchgrüntem Geschoßwohnbau,CXY,stark durchmischte Gebiete geringerer Dichte,point_in_polygon_ray_casting,2026-09-03,1,0,0,11.198,1,1,eindeutig_zugeordnet
18851,48.198298,16.397310,3,3,3,03061,0306,90306,3D,G,Gründerzeit mit überwiegend kleineren Wohnungen,AGGGH,gründerzeitliche Gebiete,point_in_polygon_ray_casting,2026-09-03,1,0,0,26.213,1,1,eindeutig_zugeordnet
18976,48.172286,16.383118,10,10,10,10026,1002,91002,10B,G,Gründerzeit mit überwiegend kleineren Wohnungen,AGGGH,gründerzeitliche Gebiete,point_in_polygon_ray_casting,2026-09-03,1,0,0,28.893,1,1,eindeutig_zugeordnet
18977,48.203284,16.297131,14,14,14,14052,1405,91405,14D,Z,überwiegend städtische Infrastruktur und sonstige Nutzungen,ZI,industriell-gewerblich oder durch sonstige Nutzungen dominierte Gebiete,point_in_polygon_ray_casting,2026-09-03,1,0,0,63.968,1,1,eindeutig_zugeordnet
18978,48.187729,16.350072,5,5,5,05045,0504,90504,5A,GG,Gründerzeit mit überwiegend größeren Wohnungen,AGGGH,gründerzeitliche Gebiete,point_in_polygon_ray_casting,2026-09-03,1,0,0,13.468,1,1,eindeutig_zugeordnet
18979,48.208586,16.212239,14,14,14,14121,1412,91412,14E,R,Einfamilienhäuser und Kleingärten,RT,Einfamilienhausgebiete bzw. stark durchgrünte Strukturen,point_in_polygon_ray_casting,2026-09-03,1,0,0,40.890,1,1,eindeutig_zugeordnet
18980,48.268958,16.390548,21,21,21,21182,2118,92118,21F,B,zwischen- und nachkriegszeitliche Gebiete mittlerer Dichte,BD,zwischen- und nachkriegszeitliche Strukturen,point_in_polygon_ray_casting,2026-09-03,1,0,0,88.684,1,1,eindeutig_zugeordnet
18981,48.205007,16.373189,1,1,1,01015,0101,90101,1A,A,"Zentrum, Altstadt und Gründerzeit",AGGGH,gründerzeitliche Gebiete,point_in_polygon_ray_casting,2026-09-03,1,0,0,62.962,1,1,eindeutig_zugeordnet
18982,48.177978,16.331124,12,12,12,12057,1205,91205,12B,JA,Gebiete dominiert durch Bauten von 1961 bis 1991,JAN,"Mischgebiete der jüngeren Vergangenheit, Neubau- und Stadterweiterungsgebiete",point_in_polygon_ray_casting,2026-09-03,1,0,0,10.719,1,1,eindeutig_zugeordnet
18682,48.188864,16.280947,13,13,13,13035,1303,91303,13A,C,Bebauung mit überwiegend durchgrüntem Geschoßwohnbau,CXY,stark durchmischte Gebiete geringerer Dichte,point_in_polygon_ray_casting,2026-09-03,1,0,0,83.499,1,1,eindeutig_zugeordnet
18683,48.186138,16.282061,13,13,13,13021,1302,91302,13A,H,Cottages,AGGGH,gründerzeitliche Gebiete,point_in_polygon_ray_casting,2026-09-03,1,0,0,63.718,1,1,eindeutig_zugeordnet
18684,48.187807,16.326508,15,15,15,15056,1505,91505,15C,JA,Gebiete dominiert durch Bauten von 1961 bis 1991,JAN,"Mischgebiete der jüngeren Vergangenheit, Neubau- und Stadterweiterungsgebiete",point_in_polygon_ray_casting,2026-09-03,1,0,0,105.525,1,1,eindeutig_zugeordnet
18685,48.233290,16.367273,20,20,20,20051,2005,92005,20D,G,Gründerzeit mit überwiegend kleineren Wohnungen,AGGGH,gründerzeitliche Gebiete,point_in_polygon_ray_casting,2026-09-03,1,0,0,32.477,1,1,eindeutig_zugeordnet
18686,48.206587,16.343720,7,7,7,07052,0705,90705,7B,GG,Gründerzeit mit überwiegend größeren Wohnungen,AGGGH,gründerzeitliche Gebiete,point_in_polygon_ray_casting,2026-09-03,1,0,0,32.092,1,1,eindeutig_zugeordnet
18687,48.201436,16.390667,3,3,3,03094,0309,90309,3B,GG,Gründerzeit mit überwiegend größeren Wohnungen,AGGGH,gründerzeitliche Gebiete,point_in_polygon_ray_casting,2026-09-03,1,0,0,61.588,1,1,eindeutig_zugeordnet
18769,48.208207,16.352040,8,8,8,08026,0802,90802,8A,GG,Gründerzeit mit überwiegend größeren Wohnungen,AGGGH,gründerzeitliche Gebiete,point_in_polygon_ray_casting,2026-09-03,1,0,0,8.432,1,1,eindeutig_zugeordnet
18770,48.176278,16.322050,12,12,12,12071,1207,91207,12C,B,zwischen- und nachkriegszeitliche Gebiete mittlerer Dichte,BD,zwischen- und nachkriegszeitliche Strukturen,point_in_polygon_ray_casting,2026-09-03,1,0,0,111.845,1,1,eindeutig_zugeordnet
18771,48.257212,16.365153,19,19,19,19020,1902,91902,19B,B,zwischen- und nachkriegszeitliche Gebiete mittlerer Dichte,BD,zwischen- und nachkriegszeitliche Strukturen,point_in_polygon_ray_casting,2026-09-03,1,0,0,2.118,1,1,eindeutig_zugeordnet
18852,48.180885,16.338400,12,12,12,12024,1202,91202,12A,D,zwischen- und nachkriegszeitliche Gebiete hoher Dichte,BD,zwischen- und nachkriegszeitliche Strukturen,point_in_polygon_ray_casting,2026-09-03,1,0,0,44.842,1,1,eindeutig_zugeordnet
18853,48.241570,16.336858,19,19,19,19085,1908,91908,19C,D,zwischen- und nachkriegszeitliche Gebiete hoher Dichte,BD,zwischen- und nachkriegszeitliche Strukturen,point_in_polygon_ray_casting,2026-09-03,1,0,0,21.875,1,1,eindeutig_zugeordnet
18854,48.182677,16.334290,12,12,12,12010,1201,91201,12A,G,Gründerzeit mit überwiegend kleineren Wohnungen,AGGGH,gründerzeitliche Gebiete,point_in_polygon_ray_casting,2026-09-03,1,0,0,28.184,1,1,eindeutig_zugeordnet
18855,48.209695,16.337796,16,16,16,16016,1601,91601,16A,G,Gründerzeit mit überwiegend kleineren Wohnungen,AGGGH,gründerzeitliche Gebiete,point_in_polygon_ray_casting,2026-09-03,1,0,0,21.494,1,1,eindeutig_zugeordnet
18856,48.197192,16.309037,14,14,14,14021,1402,91402,14A,D,zwischen- und nachkriegszeitliche Gebiete hoher Dichte,BD,zwischen- und nachkriegszeitliche Strukturen,point_in_polygon_ray_casting,2026-09-03,1,0,0,50.141,1,1,eindeutig_zugeordnet
18857,48.172183,16.417446,11,11,11,11037,1103,91103,11B,JA,Gebiete dominiert durch Bauten von 1961 bis 1991,JAN,"Mischgebiete der jüngeren Vergangenheit, Neubau- und Stadterweiterungsgebiete",point_in_polygon_ray_casting,2026-09-03,1,0,0,43.757,1,1,eindeutig_zugeordnet
18858,48.188461,16.336492,15,15,15,15043,1504,91504,15C,G,Gründerzeit mit überwiegend kleineren Wohnungen,AGGGH,gründerzeitliche Gebiete,point_in_polygon_ray_casting,2026-09-03,1,0,0,38.047,1,1,eindeutig_zugeordnet
18934,48.294380,16.417318,21,21,21,21020,2102,92102,21A,Y,heterogene Bebauung mit Überhang an Geschoßwohnungen,CXY,stark durchmischte Gebiete geringerer Dichte,point_in_polygon_ray_casting,2026-09-03,1,0,0,131.422,1,1,eindeutig_zugeordnet
18935,48.231382,16.364618,20,20,20,20052,2005,92005,20D,G,Gründerzeit mit überwiegend kleineren Wohnungen,AGGGH,gründerzeitliche Gebiete,point_in_polygon_ray_casting,2026-09-03,1,0,0,33.576,1,1,eindeutig_zugeordnet
18936,48.214210,16.329860,17,17,17,17027,1702,91702,17A,G,Gründerzeit mit überwiegend kleineren Wohnungen,AGGGH,gründerzeitliche Gebiete,point_in_polygon_ray_casting,2026-09-03,1,0,0,31.321,1,1,eindeutig_zugeordnet
18937,48.221159,16.375996,2,2,2,02036,0203,90203,2C,G,Gründerzeit mit überwiegend kleineren Wohnungen,AGGGH,gründerzeitliche Gebiete,point_in_polygon_ray_casting,2026-09-03,1,0,0,51.557,1,1,eindeutig_zugeordnet
18938,48.219795,16.305245,16,16,16,16063,1606,91606,16D,JA,Gebiete dominiert durch Bauten von 1961 bis 1991,JAN,"Mischgebiete der jüngeren Vergangenheit, Neubau- und Stadterweiterungsgebiete",point_in_polygon_ray_casting,2026-09-03,1,0,0,79.711,1,1,eindeutig_zugeordnet
18939,48.224972,16.307371,17,17,17,17030,1703,91703,17B,D,zwischen- und nachkriegszeitliche Gebiete hoher Dichte,BD,zwischen- und nachkriegszeitliche Strukturen,point_in_polygon_ray_casting,2026-09-03,1,0,0,59.220,1,1,eindeutig_zugeordnet
18940,48.235138,16.390077,20,20,20,20027,2002,92002,20C,G,Gründerzeit mit überwiegend kleineren Wohnungen,AGGGH,gründerzeitliche Gebiete,point_in_polygon_ray_casting,2026-09-03,1,0,0,18.610,1,1,eindeutig_zugeordnet
18941,48.197779,16.291615,14,14,14,14040,1404,91404,14C,B,zwischen- und nachkriegszeitliche Gebiete mittlerer Dichte,BD,zwischen- und nachkriegszeitliche Strukturen,point_in_polygon_ray_casting,2026-09-03,1,0,0,94.780,1,1,eindeutig_zugeordnet
18942,48.193511,16.388995,3,3,3,03053,0305,90305,3C,G,Gründerzeit mit überwiegend kleineren Wohnungen,AGGGH,gründerzeitliche Gebiete,point_in_polygon_ray_casting,2026-09-03,1,0,0,28.599,1,1,eindeutig_zugeordnet
18933,48.236816,16.439980,22,22,22,22120,2212,92212,22G,Y,heterogene Bebauung mit Überhang an Geschoßwohnungen,CXY,stark durchmischte Gebiete geringerer Dichte,point_in_polygon_ray_casting,2026-09-03,1,0,0,116.206,1,1,eindeutig_zugeordnet
18688,48.212083,16.525987,22,22,22,22271,2227,92227,22B,R,Einfamilienhäuser und Kleingärten,RT,Einfamilienhausgebiete bzw. stark durchgrünte Strukturen,point_in_polygon_ray_casting,2026-09-03,1,0,0,128.938,1,1,eindeutig_zugeordnet
18689,48.175403,16.409996,11,11,11,11032,1103,91103,11B,D,zwischen- und nachkriegszeitliche Gebiete hoher Dichte,BD,zwischen- und nachkriegszeitliche Strukturen,point_in_polygon_ray_casting,2026-09-03,1,0,0,24.829,1,1,eindeutig_zugeordnet
18690,48.223230,16.406941,2,2,2,02092,0209,90209,2E,D,zwischen- und nachkriegszeitliche Gebiete hoher Dichte,BD,zwischen- und nachkriegszeitliche Strukturen,point_in_polygon_ray_casting,2026-09-03,1,0,0,37.405,1,1,eindeutig_zugeordnet
18691,48.243489,16.379955,20,20,20,20073,2007,92007,20B,D,zwischen- und nachkriegszeitliche Gebiete hoher Dichte,BD,zwischen- und nachkriegszeitliche Strukturen,point_in_polygon_ray_casting,2026-09-03,1,0,0,26.021,1,1,eindeutig_zugeordnet
18692,48.201296,16.264468,14,14,14,14104,1410,91410,14E,C,Bebauung mit überwiegend durchgrüntem Geschoßwohnbau,CXY,stark durchmischte Gebiete geringerer Dichte,point_in_polygon_ray_casting,2026-09-03,1,0,0,92.104,1,1,eindeutig_zugeordnet
18693,48.183887,16.350274,5,5,5,05039,0503,90503,5C,G,Gründerzeit mit überwiegend kleineren Wohnungen,AGGGH,gründerzeitliche Gebiete,point_in_polygon_ray_casting,2026-09-03,1,0,0,25.832,1,1,eindeutig_zugeordnet
18694,48.185768,16.327272,15,15,15,15041,1504,91504,15C,JN,Neubau ab 1991 und Stadterweiterung,JAN,"Mischgebiete der jüngeren Vergangenheit, Neubau- und Stadterweiterungsgebiete",point_in_polygon_ray_casting,2026-09-03,1,0,0,30.903,1,1,eindeutig_zugeordnet
18695,48.194545,16.403322,3,3,3,03065,0306,90306,3D,B,zwischen- und nachkriegszeitliche Gebiete mittlerer Dichte,BD,zwischen- und nachkriegszeitliche Strukturen,point_in_polygon_ray_casting,2026-09-03,1,0,0,4.349,1,1,eindeutig_zugeordnet
18696,48.189721,16.334829,15,15,15,15039,1503,91503,15C,G,Gründerzeit mit überwiegend kleineren Wohnungen,AGGGH,gründerzeitliche Gebiete,point_in_polygon_ray_casting,2026-09-03,1,0,0,15.210,1,1,eindeutig_zugeordnet
18772,48.223098,16.311760,17,17,17,17031,1703,91703,17B,G,Gründerzeit mit überwiegend kleineren Wohnungen,AGGGH,gründerzeitliche Gebiete,point_in_polygon_ray_casting,2026-09-03,1,0,0,33.832,1,1,eindeutig_zugeordnet
18773,48.188739,16.354968,5,5,5,05034,0503,90503,5C,G,Gründerzeit mit überwiegend kleineren Wohnungen,AGGGH,gründerzeitliche Gebiete,point_in_polygon_ray_casting,2026-09-03,1,0,0,46.817,1,1,eindeutig_zugeordnet
18774,48.233642,16.445602,22,22,22,22150,2215,92215,22E,X,heterogene Bebauung mit Überhang an Einfamilien- und Reihenhäusern,CXY,stark durchmischte Gebiete geringerer Dichte,point_in_polygon_ray_casting,2026-09-03,1,0,0,82.719,1,1,eindeutig_zugeordnet
18775,48.186602,16.321536,15,15,15,15052,1505,91505,15C,G,Gründerzeit mit überwiegend kleineren Wohnungen,AGGGH,gründerzeitliche Gebiete,point_in_polygon_ray_casting,2026-09-03,1,0,0,25.678,1,1,eindeutig_zugeordnet
18776,48.192292,16.335241,15,15,15,15037,1503,91503,15C,G,Gründerzeit mit überwiegend kleineren Wohnungen,AGGGH,gründerzeitliche Gebiete,point_in_polygon_ray_casting,2026-09-03,1,0,0,14.864,1,1,eindeutig_zugeordnet
18777,48.191179,16.346767,6,6,6,06038,0603,90603,6A,GG,Gründerzeit mit überwiegend größeren Wohnungen,AGGGH,gründerzeitliche Gebiete,point_in_polygon_ray_casting,2026-09-03,1,0,0,7.938,1,1,eindeutig_zugeordnet
18859,48.142975,16.312227,23,23,23,23041,2304,92304,23B,JN,Neubau ab 1991 und Stadterweiterung,JAN,"Mischgebiete der jüngeren Vergangenheit, Neubau- und Stadterweiterungsgebiete",point_in_polygon_ray_casting,2026-09-03,1,0,0,238.424,1,1,eindeutig_zugeordnet
18860,48.290568,16.385059,21,21,21,21141,2114,92114,21E,C,Bebauung mit überwiegend durchgrüntem Geschoßwohnbau,CXY,stark durchmischte Gebiete geringerer Dichte,point_in_polygon_ray_casting,2026-09-03,1,0,0,70.642,1,1,eindeutig_zugeordnet
18861,48.192382,16.329148,15,15,15,15031,1503,91503,15C,G,Gründerzeit mit überwiegend kleineren Wohnungen,AGGGH,gründerzeitliche Gebiete,point_in_polygon_ray_casting,2026-09-03,1,0,0,61.848,1,1,eindeutig_zugeordnet
18862,48.175855,16.320818,12,12,12,12071,1207,91207,12C,B,zwischen- und nachkriegszeitliche Gebiete mittlerer Dichte,BD,zwischen- und nachkriegszeitliche Strukturen,point_in_polygon_ray_casting,2026-09-03,1,0,0,24.409,1,1,eindeutig_zugeordnet
18969,48.250512,16.410984,21,21,21,21261,2126,92126,21D,JN,Neubau ab 1991 und Stadterweiterung,JAN,"Mischgebiete der jüngeren Vergangenheit, Neubau- und Stadterweiterungsgebiete",point_in_polygon_ray_casting,2026-09-03,1,0,0,165.739,1,1,eindeutig_zugeordnet
18970,48.192776,16.329119,15,15,15,15031,1503,91503,15C,G,Gründerzeit mit überwiegend kleineren Wohnungen,AGGGH,gründerzeitliche Gebiete,point_in_polygon_ray_casting,2026-09-03,1,0,0,58.880,1,1,eindeutig_zugeordnet
18971,48.193188,16.313841,14,14,14,14025,1402,91402,14A,G,Gründerzeit mit überwiegend kleineren Wohnungen,AGGGH,gründerzeitliche Gebiete,point_in_polygon_ray_casting,2026-09-03,1,0,0,41.447,1,1,eindeutig_zugeordnet
18697,48.185924,16.332625,15,15,15,15045,1504,91504,15C,G,Gründerzeit mit überwiegend kleineren Wohnungen,AGGGH,gründerzeitliche Gebiete,point_in_polygon_ray_casting,2026-09-03,1,0,0,84.368,1,1,eindeutig_zugeordnet
18698,48.240919,16.337562,19,19,19,19085,1908,91908,19C,D,zwischen- und nachkriegszeitliche Gebiete hoher Dichte,BD,zwischen- und nachkriegszeitliche Strukturen,point_in_polygon_ray_casting,2026-09-03,1,0,0,45.606,1,1,eindeutig_zugeordnet
18699,48.185795,16.324350,15,15,15,15040,1504,91504,15C,G,Gründerzeit mit überwiegend kleineren Wohnungen,AGGGH,gründerzeitliche Gebiete,point_in_polygon_ray_casting,2026-09-03,1,0,0,43.481,1,1,eindeutig_zugeordnet
18700,48.190078,16.324647,15,15,15,15054,1505,91505,15C,JA,Gebiete dominiert durch Bauten von 1961 bis 1991,JAN,"Mischgebiete der jüngeren Vergangenheit, Neubau- und Stadterweiterungsgebiete",point_in_polygon_ray_casting,2026-09-03,1,0,0,28.799,1,1,eindeutig_zugeordnet
18701,48.240395,16.332172,19,19,19,19106,1910,91910,19A,Z,überwiegend städtische Infrastruktur und sonstige Nutzungen,ZI,industriell-gewerblich oder durch sonstige Nutzungen dominierte Gebiete,point_in_polygon_ray_casting,2026-09-03,1,0,0,23.885,1,1,eindeutig_zugeordnet
18780,48.239732,16.349713,19,19,19,19043,1904,91904,19B,C,Bebauung mit überwiegend durchgrüntem Geschoßwohnbau,CXY,stark durchmischte Gebiete geringerer Dichte,point_in_polygon_ray_casting,2026-09-03,1,0,0,54.155,1,1,eindeutig_zugeordnet
18781,48.163798,16.315767,12,12,12,12103,1210,91210,12D,C,Bebauung mit überwiegend durchgrüntem Geschoßwohnbau,CXY,stark durchmischte Gebiete geringerer Dichte,point_in_polygon_ray_casting,2026-09-03,1,0,0,81.086,1,1,eindeutig_zugeordnet
18782,48.184686,16.346203,5,5,5,05030,0503,90503,5C,D,zwischen- und nachkriegszeitliche Gebiete hoher Dichte,BD,zwischen- und nachkriegszeitliche Strukturen,point_in_polygon_ray_casting,2026-09-03,1,0,0,69.539,1,1,eindeutig_zugeordnet
18778,48.196201,16.354061,6,6,6,06018,0601,90601,6A,GG,Gründerzeit mit überwiegend größeren Wohnungen,AGGGH,gründerzeitliche Gebiete,point_in_polygon_ray_casting,2026-09-03,1,0,0,13.782,1,1,eindeutig_zugeordnet
18779,48.190030,16.326175,15,15,15,15054,1505,91505,15C,JA,Gebiete dominiert durch Bauten von 1961 bis 1991,JAN,"Mischgebiete der jüngeren Vergangenheit, Neubau- und Stadterweiterungsgebiete",point_in_polygon_ray_casting,2026-09-03,1,0,0,82.190,1,1,eindeutig_zugeordnet
18864,48.196992,16.317206,15,15,15,15063,1506,91506,15B,G,Gründerzeit mit überwiegend kleineren Wohnungen,AGGGH,gründerzeitliche Gebiete,point_in_polygon_ray_casting,2026-09-03,1,0,0,82.387,1,1,eindeutig_zugeordnet
18865,48.218190,16.404188,2,2,2,02078,0207,90207,2E,G,Gründerzeit mit überwiegend kleineren Wohnungen,AGGGH,gründerzeitliche Gebiete,point_in_polygon_ray_casting,2026-09-03,1,0,0,10.997,1,1,eindeutig_zugeordnet
18866,48.187371,16.371978,4,4,4,04042,0404,90404,4B,D,zwischen- und nachkriegszeitliche Gebiete hoher Dichte,BD,zwischen- und nachkriegszeitliche Strukturen,point_in_polygon_ray_casting,2026-09-03,1,0,0,12.818,1,1,eindeutig_zugeordnet
18867,48.205655,16.353429,7,7,7,07011,0701,90701,7A,GG,Gründerzeit mit überwiegend größeren Wohnungen,AGGGH,gründerzeitliche Gebiete,point_in_polygon_ray_casting,2026-09-03,1,0,0,40.265,1,1,eindeutig_zugeordnet
18863,48.157201,16.451351,11,11,11,11100,1110,91110,11E,JN,Neubau ab 1991 und Stadterweiterung,JAN,"Mischgebiete der jüngeren Vergangenheit, Neubau- und Stadterweiterungsgebiete",point_in_polygon_ray_casting,2026-09-03,1,0,0,145.655,1,1,eindeutig_zugeordnet
18868,48.234759,16.448496,22,22,22,22151,2215,92215,22E,C,Bebauung mit überwiegend durchgrüntem Geschoßwohnbau,CXY,stark durchmischte Gebiete geringerer Dichte,point_in_polygon_ray_casting,2026-09-03,1,0,0,74.369,1,1,eindeutig_zugeordnet
18869,48.236791,16.367639,20,20,20,20063,2006,92006,20B,JA,Gebiete dominiert durch Bauten von 1961 bis 1991,JAN,"Mischgebiete der jüngeren Vergangenheit, Neubau- und Stadterweiterungsgebiete",point_in_polygon_ray_casting,2026-09-03,1,0,0,70.861,1,1,eindeutig_zugeordnet
18956,48.261420,16.390603,21,21,21,21173,2117,92117,21F,C,Bebauung mit überwiegend durchgrüntem Geschoßwohnbau,CXY,stark durchmischte Gebiete geringerer Dichte,point_in_polygon_ray_casting,2026-09-03,1,0,0,34.011,1,1,eindeutig_zugeordnet
18957,48.185249,16.328972,15,15,15,15041,1504,91504,15C,JN,Neubau ab 1991 und Stadterweiterung,JAN,"Mischgebiete der jüngeren Vergangenheit, Neubau- und Stadterweiterungsgebiete",point_in_polygon_ray_casting,2026-09-03,1,0,0,18.981,1,1,eindeutig_zugeordnet
18958,48.181190,16.407822,11,11,11,11030,1103,91103,11B,JA,Gebiete dominiert durch Bauten von 1961 bis 1991,JAN,"Mischgebiete der jüngeren Vergangenheit, Neubau- und Stadterweiterungsgebiete",point_in_polygon_ray_casting,2026-09-03,1,0,0,38.774,1,1,eindeutig_zugeordnet
18959,48.207904,16.390257,3,3,3,03014,0301,90301,3A,GG,Gründerzeit mit überwiegend größeren Wohnungen,AGGGH,gründerzeitliche Gebiete,point_in_polygon_ray_casting,2026-09-03,1,0,0,52.966,1,1,eindeutig_zugeordnet
18704,48.170882,16.380708,10,10,10,10230,1023,91023,10C,D,zwischen- und nachkriegszeitliche Gebiete hoher Dichte,BD,zwischen- und nachkriegszeitliche Strukturen,point_in_polygon_ray_casting,2026-09-03,1,0,0,39.165,1,1,eindeutig_zugeordnet
18705,48.293275,16.391554,21,21,21,21132,2113,92113,21A,X,heterogene Bebauung mit Überhang an Einfamilien- und Reihenhäusern,CXY,stark durchmischte Gebiete geringerer Dichte,point_in_polygon_ray_casting,2026-09-03,1,0,0,47.939,1,1,eindeutig_zugeordnet
18706,48.204491,16.329032,15,15,15,15012,1501,91501,15A,D,zwischen- und nachkriegszeitliche Gebiete hoher Dichte,BD,zwischen- und nachkriegszeitliche Strukturen,point_in_polygon_ray_casting,2026-09-03,1,0,0,27.983,1,1,eindeutig_zugeordnet
18707,48.171815,16.413125,11,11,11,11038,1103,91103,11B,JA,Gebiete dominiert durch Bauten von 1961 bis 1991,JAN,"Mischgebiete der jüngeren Vergangenheit, Neubau- und Stadterweiterungsgebiete",point_in_polygon_ray_casting,2026-09-03,1,0,0,11.710,1,1,eindeutig_zugeordnet
18708,48.202523,16.436782,2,2,2,02080,0208,90208,2D,R,Einfamilienhäuser und Kleingärten,RT,Einfamilienhausgebiete bzw. stark durchgrünte Strukturen,point_in_polygon_ray_casting,2026-09-03,1,0,0,26.048,1,1,eindeutig_zugeordnet
18709,48.180328,16.411852,11,11,11,11022,1102,91102,11A,D,zwischen- und nachkriegszeitliche Gebiete hoher Dichte,BD,zwischen- und nachkriegszeitliche Strukturen,point_in_polygon_ray_casting,2026-09-03,1,0,0,54.717,1,1,eindeutig_zugeordnet
18702,48.186714,16.325828,15,15,15,15056,1505,91505,15C,JA,Gebiete dominiert durch Bauten von 1961 bis 1991,JAN,"Mischgebiete der jüngeren Vergangenheit, Neubau- und Stadterweiterungsgebiete",point_in_polygon_ray_casting,2026-09-03,1,0,0,10.861,1,1,eindeutig_zugeordnet
18703,48.227088,16.329773,18,18,18,18030,1803,91803,18B,B,zwischen- und nachkriegszeitliche Gebiete mittlerer Dichte,BD,zwischen- und nachkriegszeitliche Strukturen,point_in_polygon_ray_casting,2026-09-03,1,0,0,81.436,1,1,eindeutig_zugeordnet
18783,48.177022,16.296172,13,13,13,13070,1307,91307,13A,C,Bebauung mit überwiegend durchgrüntem Geschoßwohnbau,CXY,stark durchmischte Gebiete geringerer Dichte,point_in_polygon_ray_casting,2026-09-03,1,0,0,100.326,1,1,eindeutig_zugeordnet
18784,48.193999,16.398506,3,3,3,03062,0306,90306,3D,GG,Gründerzeit mit überwiegend größeren Wohnungen,AGGGH,gründerzeitliche Gebiete,point_in_polygon_ray_casting,2026-09-03,1,0,0,40.302,1,1,eindeutig_zugeordnet
18785,48.169629,16.361930,10,10,10,10101,1010,91010,10F,JN,Neubau ab 1991 und Stadterweiterung,JAN,"Mischgebiete der jüngeren Vergangenheit, Neubau- und Stadterweiterungsgebiete",point_in_polygon_ray_casting,2026-09-03,1,0,0,30.599,1,1,eindeutig_zugeordnet
18786,48.170176,16.279313,13,13,13,13093,1309,91309,13C,C,Bebauung mit überwiegend durchgrüntem Geschoßwohnbau,CXY,stark durchmischte Gebiete geringerer Dichte,point_in_polygon_ray_casting,2026-09-03,1,0,0,58.669,1,1,eindeutig_zugeordnet
18787,48.167663,16.306526,12,12,12,12114,1211,91211,12E,C,Bebauung mit überwiegend durchgrüntem Geschoßwohnbau,CXY,stark durchmischte Gebiete geringerer Dichte,point_in_polygon_ray_casting,2026-09-03,1,0,0,142.252,1,1,eindeutig_zugeordnet
18870,48.216305,16.415875,2,2,2,02095,0209,90209,2E,D,zwischen- und nachkriegszeitliche Gebiete hoher Dichte,BD,zwischen- und nachkriegszeitliche Strukturen,point_in_polygon_ray_casting,2026-09-03,1,0,0,55.338,1,1,eindeutig_zugeordnet
18871,48.201450,16.317752,15,15,15,15075,1507,91507,15A,D,zwischen- und nachkriegszeitliche Gebiete hoher Dichte,BD,zwischen- und nachkriegszeitliche Strukturen,point_in_polygon_ray_casting,2026-09-03,1,0,0,2.239,1,1,eindeutig_zugeordnet
18872,48.146165,16.298018,23,23,23,23072,2307,92307,23C,X,heterogene Bebauung mit Überhang an Einfamilien- und Reihenhäusern,CXY,stark durchmischte Gebiete geringerer Dichte,point_in_polygon_ray_casting,2026-09-03,1,0,0,66.658,1,1,eindeutig_zugeordnet
18873,48.230427,16.348731,18,18,18,18027,1802,91802,18B,GG,Gründerzeit mit überwiegend größeren Wohnungen,AGGGH,gründerzeitliche Gebiete,point_in_polygon_ray_casting,2026-09-03,1,0,0,37.925,1,1,eindeutig_zugeordnet
18874,48.207514,16.338989,7,7,7,07050,0705,90705,7B,G,Gründerzeit mit überwiegend kleineren Wohnungen,AGGGH,gründerzeitliche Gebiete,point_in_polygon_ray_casting,2026-09-03,1,0,0,41.208,1,1,eindeutig_zugeordnet
18943,48.228395,16.362070,9,9,9,09020,0902,90902,9B,D,zwischen- und nachkriegszeitliche Gebiete hoher Dichte,BD,zwischen- und nachkriegszeitliche Strukturen,point_in_polygon_ray_casting,2026-09-03,1,0,0,47.710,1,1,eindeutig_zugeordnet
18944,48.153685,16.282949,23,23,23,23094,2309,92309,23D,C,Bebauung mit überwiegend durchgrüntem Geschoßwohnbau,CXY,stark durchmischte Gebiete geringerer Dichte,point_in_polygon_ray_casting,2026-09-03,1,0,0,64.230,1,1,eindeutig_zugeordnet
18945,48.238808,16.381347,20,20,20,20072,2007,92007,20B,D,zwischen- und nachkriegszeitliche Gebiete hoher Dichte,BD,zwischen- und nachkriegszeitliche Strukturen,point_in_polygon_ray_casting,2026-09-03,1,0,0,62.121,1,1,eindeutig_zugeordnet
18710,48.199196,16.345749,7,7,7,07035,0703,90703,7A,GG,Gründerzeit mit überwiegend größeren Wohnungen,AGGGH,gründerzeitliche Gebiete,point_in_polygon_ray_casting,2026-09-03,1,0,0,13.205,1,1,eindeutig_zugeordnet
18711,48.150882,16.350371,23,23,23,23013,2301,92301,23A,C,Bebauung mit überwiegend durchgrüntem Geschoßwohnbau,CXY,stark durchmischte Gebiete geringerer Dichte,point_in_polygon_ray_casting,2026-09-03,1,0,0,37.965,1,1,eindeutig_zugeordnet
18712,48.256812,16.366777,19,19,19,19021,1902,91902,19B,JA,Gebiete dominiert durch Bauten von 1961 bis 1991,JAN,"Mischgebiete der jüngeren Vergangenheit, Neubau- und Stadterweiterungsgebiete",point_in_polygon_ray_casting,2026-09-03,1,0,0,10.735,1,1,eindeutig_zugeordnet
18713,48.202125,16.393838,3,3,3,03028,0302,90302,3A,GG,Gründerzeit mit überwiegend größeren Wohnungen,AGGGH,gründerzeitliche Gebiete,point_in_polygon_ray_casting,2026-09-03,1,0,0,39.040,1,1,eindeutig_zugeordnet
18714,48.193832,16.313933,14,14,14,14025,1402,91402,14A,G,Gründerzeit mit überwiegend kleineren Wohnungen,AGGGH,gründerzeitliche Gebiete,point_in_polygon_ray_casting,2026-09-03,1,0,0,33.448,1,1,eindeutig_zugeordnet
18788,48.191790,16.400240,3,3,3,03063,0306,90306,3D,G,Gründerzeit mit überwiegend kleineren Wohnungen,AGGGH,gründerzeitliche Gebiete,point_in_polygon_ray_casting,2026-09-03,1,0,0,16.323,1,1,eindeutig_zugeordnet
18789,48.255648,16.404053,21,21,21,21230,2123,92123,21D,G,Gründerzeit mit überwiegend kleineren Wohnungen,AGGGH,gründerzeitliche Gebiete,point_in_polygon_ray_casting,2026-09-03,1,0,0,64.874,1,1,eindeutig_zugeordnet
18790,48.222444,16.363833,9,9,9,09025,0902,90902,9B,G,Gründerzeit mit überwiegend kleineren Wohnungen,AGGGH,gründerzeitliche Gebiete,point_in_polygon_ray_casting,2026-09-03,1,0,0,12.468,1,1,eindeutig_zugeordnet
18791,48.209017,16.345126,8,8,8,08025,0802,90802,8A,GG,Gründerzeit mit überwiegend größeren Wohnungen,AGGGH,gründerzeitliche Gebiete,point_in_polygon_ray_casting,2026-09-03,1,0,0,33.985,1,1,eindeutig_zugeordnet
18792,48.128472,16.318990,23,23,23,23050,2305,92305,23C,X,heterogene Bebauung mit Überhang an Einfamilien- und Reihenhäusern,CXY,stark durchmischte Gebiete geringerer Dichte,point_in_polygon_ray_casting,2026-09-03,1,0,0,106.153,1,1,eindeutig_zugeordnet
18793,48.215666,16.385047,2,2,2,02051,0205,90205,2B,GG,Gründerzeit mit überwiegend größeren Wohnungen,AGGGH,gründerzeitliche Gebiete,point_in_polygon_ray_casting,2026-09-03,1,0,0,71.810,1,1,eindeutig_zugeordnet
18794,48.213926,16.317620,16,16,16,16041,1604,91604,16C,G,Gründerzeit mit überwiegend kleineren Wohnungen,AGGGH,gründerzeitliche Gebiete,point_in_polygon_ray_casting,2026-09-03,1,0,0,28.683,1,1,eindeutig_zugeordnet
18795,48.220779,16.317579,16,16,16,16051,1605,91605,16C,G,Gründerzeit mit überwiegend kleineren Wohnungen,AGGGH,gründerzeitliche Gebiete,point_in_polygon_ray_casting,2026-09-03,1,0,0,79.103,1,1,eindeutig_zugeordnet
18796,48.164429,16.280167,13,13,13,13095,1309,91309,13C,R,Einfamilienhäuser und Kleingärten,RT,Einfamilienhausgebiete bzw. stark durchgrünte Strukturen,point_in_polygon_ray_casting,2026-09-03,1,0,0,18.936,1,1,eindeutig_zugeordnet
18797,48.217548,16.473973,22,22,22,22222,2222,92222,22I,Y,heterogene Bebauung mit Überhang an Geschoßwohnungen,CXY,stark durchmischte Gebiete geringerer Dichte,point_in_polygon_ray_casting,2026-09-03,1,0,0,83.233,1,1,eindeutig_zugeordnet
18875,48.207329,16.324913,16,16,16,16036,1603,91603,16B,D,zwischen- und nachkriegszeitliche Gebiete hoher Dichte,BD,zwischen- und nachkriegszeitliche Strukturen,point_in_polygon_ray_casting,2026-09-03,1,0,0,50.435,1,1,eindeutig_zugeordnet
18876,48.197840,16.289458,14,14,14,14040,1404,91404,14C,B,zwischen- und nachkriegszeitliche Gebiete mittlerer Dichte,BD,zwischen- und nachkriegszeitliche Strukturen,point_in_polygon_ray_casting,2026-09-03,1,0,0,67.801,1,1,eindeutig_zugeordnet
18877,48.188857,16.359547,5,5,5,05017,0501,90501,5A,GG,Gründerzeit mit überwiegend größeren Wohnungen,AGGGH,gründerzeitliche Gebiete,point_in_polygon_ray_casting,2026-09-03,1,0,0,72.824,1,1,eindeutig_zugeordnet
18878,48.240182,16.380880,20,20,20,20072,2007,92007,20B,D,zwischen- und nachkriegszeitliche Gebiete hoher Dichte,BD,zwischen- und nachkriegszeitliche Strukturen,point_in_polygon_ray_casting,2026-09-03,1,0,0,93.385,1,1,eindeutig_zugeordnet
18879,48.193092,16.361888,5,5,5,05016,0501,90501,5A,G,Gründerzeit mit überwiegend kleineren Wohnungen,AGGGH,gründerzeitliche Gebiete,point_in_polygon_ray_casting,2026-09-03,1,0,0,48.732,1,1,eindeutig_zugeordnet
18880,48.168657,16.364735,10,10,10,10107,1010,91010,10F,D,zwischen- und nachkriegszeitliche Gebiete hoher Dichte,BD,zwischen- und nachkriegszeitliche Strukturen,point_in_polygon_ray_casting,2026-09-03,1,0,0,24.247,1,1,eindeutig_zugeordnet
18881,48.261791,16.392712,21,21,21,21173,2117,92117,21F,C,Bebauung mit überwiegend durchgrüntem Geschoßwohnbau,CXY,stark durchmischte Gebiete geringerer Dichte,point_in_polygon_ray_casting,2026-09-03,1,0,0,157.958,1,1,eindeutig_zugeordnet
18972,48.175493,16.321873,12,12,12,12071,1207,91207,12C,B,zwischen- und nachkriegszeitliche Gebiete mittlerer Dichte,BD,zwischen- und nachkriegszeitliche Strukturen,point_in_polygon_ray_casting,2026-09-03,1,0,0,49.613,1,1,eindeutig_zugeordnet
18973,48.241615,16.338301,19,19,19,19085,1908,91908,19C,D,zwischen- und nachkriegszeitliche Gebiete hoher Dichte,BD,zwischen- und nachkriegszeitliche Strukturen,point_in_polygon_ray_casting,2026-09-03,1,0,0,54.248,1,1,eindeutig_zugeordnet
18974,48.219295,16.411609,2,2,2,02091,0209,90209,2E,JA,Gebiete dominiert durch Bauten von 1961 bis 1991,JAN,"Mischgebiete der jüngeren Vergangenheit, Neubau- und Stadterweiterungsgebiete",point_in_polygon_ray_casting,2026-09-03,1,0,0,81.869,1,1,eindeutig_zugeordnet
18975,48.226965,16.364294,9,9,9,09021,0902,90902,9B,GG,Gründerzeit mit überwiegend größeren Wohnungen,AGGGH,gründerzeitliche Gebiete,point_in_polygon_ray_casting,2026-09-03,1,0,0,33.034,1,1,eindeutig_zugeordnet
18715,48.149783,16.296849,23,23,23,23081,2308,92308,23G,JN,Neubau ab 1991 und Stadterweiterung,JAN,"Mischgebiete der jüngeren Vergangenheit, Neubau- und Stadterweiterungsgebiete",point_in_polygon_ray_casting,2026-09-03,1,0,0,81.393,1,1,eindeutig_zugeordnet
18716,48.254608,16.413343,21,21,21,21232,2123,92123,21D,JA,Gebiete dominiert durch Bauten von 1961 bis 1991,JAN,"Mischgebiete der jüngeren Vergangenheit, Neubau- und Stadterweiterungsgebiete",point_in_polygon_ray_casting,2026-09-03,1,0,0,43.630,1,1,eindeutig_zugeordnet
18717,48.287875,16.448438,21,21,21,21040,2104,92104,21B,R,Einfamilienhäuser und Kleingärten,RT,Einfamilienhausgebiete bzw. stark durchgrünte Strukturen,point_in_polygon_ray_casting,2026-09-03,1,0,0,18.786,1,1,eindeutig_zugeordnet
18798,48.177634,16.294538,13,13,13,13070,1307,91307,13A,C,Bebauung mit überwiegend durchgrüntem Geschoßwohnbau,CXY,stark durchmischte Gebiete geringerer Dichte,point_in_polygon_ray_casting,2026-09-03,1,0,0,76.270,1,1,eindeutig_zugeordnet
18882,48.189408,16.326646,15,15,15,15054,1505,91505,15C,JA,Gebiete dominiert durch Bauten von 1961 bis 1991,JAN,"Mischgebiete der jüngeren Vergangenheit, Neubau- und Stadterweiterungsgebiete",point_in_polygon_ray_casting,2026-09-03,1,0,0,56.610,1,1,eindeutig_zugeordnet
18883,48.274294,16.421820,21,21,21,21080,2108,92108,21B,X,heterogene Bebauung mit Überhang an Einfamilien- und Reihenhäusern,CXY,stark durchmischte Gebiete geringerer Dichte,point_in_polygon_ray_casting,2026-09-03,1,0,0,95.598,1,1,eindeutig_zugeordnet
18884,48.211526,16.329585,16,16,16,16014,1601,91601,16A,JA,Gebiete dominiert durch Bauten von 1961 bis 1991,JAN,"Mischgebiete der jüngeren Vergangenheit, Neubau- und Stadterweiterungsgebiete",point_in_polygon_ray_casting,2026-09-03,1,0,0,46.883,1,1,eindeutig_zugeordnet
18885,48.171980,16.382955,10,10,10,10026,1002,91002,10B,G,Gründerzeit mit überwiegend kleineren Wohnungen,AGGGH,gründerzeitliche Gebiete,point_in_polygon_ray_casting,2026-09-03,1,0,0,31.807,1,1,eindeutig_zugeordnet
18886,48.185073,16.355977,5,5,5,05036,0503,90503,5C,G,Gründerzeit mit überwiegend kleineren Wohnungen,AGGGH,gründerzeitliche Gebiete,point_in_polygon_ray_casting,2026-09-03,1,0,0,85.300,1,1,eindeutig_zugeordnet
18960,48.218931,16.332135,17,17,17,17020,1702,91702,17A,G,Gründerzeit mit überwiegend kleineren Wohnungen,AGGGH,gründerzeitliche Gebiete,point_in_polygon_ray_casting,2026-09-03,1,0,0,25.269,1,1,eindeutig_zugeordnet
18961,48.147889,16.320277,23,23,23,23044,2304,92304,23B,JA,Gebiete dominiert durch Bauten von 1961 bis 1991,JAN,"Mischgebiete der jüngeren Vergangenheit, Neubau- und Stadterweiterungsgebiete",point_in_polygon_ray_casting,2026-09-03,1,0,0,69.240,1,1,eindeutig_zugeordnet
18962,48.195299,16.297914,14,14,14,14044,1404,91404,14C,JA,Gebiete dominiert durch Bauten von 1961 bis 1991,JAN,"Mischgebiete der jüngeren Vergangenheit, Neubau- und Stadterweiterungsgebiete",point_in_polygon_ray_casting,2026-09-03,1,0,0,26.934,1,1,eindeutig_zugeordnet
18963,48.183070,16.407173,11,11,11,11021,1102,91102,11A,G,Gründerzeit mit überwiegend kleineren Wohnungen,AGGGH,gründerzeitliche Gebiete,point_in_polygon_ray_casting,2026-09-03,1,0,0,13.399,1,1,eindeutig_zugeordnet
18964,48.235624,16.388589,20,20,20,20027,2002,92002,20C,G,Gründerzeit mit überwiegend kleineren Wohnungen,AGGGH,gründerzeitliche Gebiete,point_in_polygon_ray_casting,2026-09-03,1,0,0,25.368,1,1,eindeutig_zugeordnet
18965,48.225962,16.421074,22,22,22,22114,2211,92211,22F,JA,Gebiete dominiert durch Bauten von 1961 bis 1991,JAN,"Mischgebiete der jüngeren Vergangenheit, Neubau- und Stadterweiterungsgebiete",point_in_polygon_ray_casting,2026-09-03,1,0,0,64.410,1,1,eindeutig_zugeordnet
18966,48.201216,16.351111,7,7,7,07021,0702,90702,7A,GG,Gründerzeit mit überwiegend größeren Wohnungen,AGGGH,gründerzeitliche Gebiete,point_in_polygon_ray_casting,2026-09-03,1,0,0,43.010,1,1,eindeutig_zugeordnet
18967,48.223059,16.339171,18,18,18,18034,1803,91803,18B,G,Gründerzeit mit überwiegend kleineren Wohnungen,AGGGH,gründerzeitliche Gebiete,point_in_polygon_ray_casting,2026-09-03,1,0,0,62.416,1,1,eindeutig_zugeordnet
18968,48.213893,16.338157,16,16,16,16013,1601,91601,16A,G,Gründerzeit mit überwiegend kleineren Wohnungen,AGGGH,gründerzeitliche Gebiete,point_in_polygon_ray_casting,2026-09-03,1,0,0,26.321,1,1,eindeutig_zugeordnet
18719,48.188113,16.327596,15,15,15,15056,1505,91505,15C,JA,Gebiete dominiert durch Bauten von 1961 bis 1991,JAN,"Mischgebiete der jüngeren Vergangenheit, Neubau- und Stadterweiterungsgebiete",point_in_polygon_ray_casting,2026-09-03,1,0,0,20.947,1,1,eindeutig_zugeordnet
18720,48.198554,16.308563,14,14,14,14020,1402,91402,14A,G,Gründerzeit mit überwiegend kleineren Wohnungen,AGGGH,gründerzeitliche Gebiete,point_in_polygon_ray_casting,2026-09-03,1,0,0,28.692,1,1,eindeutig_zugeordnet
18721,48.215112,16.327411,17,17,17,17026,1702,91702,17A,JA,Gebiete dominiert durch Bauten von 1961 bis 1991,JAN,"Mischgebiete der jüngeren Vergangenheit, Neubau- und Stadterweiterungsgebiete",point_in_polygon_ray_casting,2026-09-03,1,0,0,59.647,1,1,eindeutig_zugeordnet
18718,48.180530,16.375250,10,10,10,10042,1004,91004,10D,G,Gründerzeit mit überwiegend kleineren Wohnungen,AGGGH,gründerzeitliche Gebiete,point_in_polygon_ray_casting,2026-09-03,1,0,0,38.036,1,1,eindeutig_zugeordnet
18722,48.167788,16.382984,10,10,10,10231,1023,91023,10C,B,zwischen- und nachkriegszeitliche Gebiete mittlerer Dichte,BD,zwischen- und nachkriegszeitliche Strukturen,point_in_polygon_ray_casting,2026-09-03,1,0,0,77.824,1,1,eindeutig_zugeordnet
18723,48.241614,16.380373,20,20,20,20076,2007,92007,20B,D,zwischen- und nachkriegszeitliche Gebiete hoher Dichte,BD,zwischen- und nachkriegszeitliche Strukturen,point_in_polygon_ray_casting,2026-09-03,1,0,0,58.922,1,1,eindeutig_zugeordnet
18724,48.195267,16.406914,3,3,3,03066,0306,90306,3D,G,Gründerzeit mit überwiegend kleineren Wohnungen,AGGGH,gründerzeitliche Gebiete,point_in_polygon_ray_casting,2026-09-03,1,0,0,17.500,1,1,eindeutig_zugeordnet
18725,48.198846,16.342846,7,7,7,07033,0703,90703,7A,GG,Gründerzeit mit überwiegend größeren Wohnungen,AGGGH,gründerzeitliche Gebiete,point_in_polygon_ray_casting,2026-09-03,1,0,0,19.124,1,1,eindeutig_zugeordnet
18726,48.247508,16.375328,20,20,20,20012,2001,92001,20A,D,zwischen- und nachkriegszeitliche Gebiete hoher Dichte,BD,zwischen- und nachkriegszeitliche Strukturen,point_in_polygon_ray_casting,2026-09-03,1,0,0,17.994,1,1,eindeutig_zugeordnet
18799,48.253280,16.343524,19,19,19,19051,1905,91905,19C,H,Cottages,AGGGH,gründerzeitliche Gebiete,point_in_polygon_ray_casting,2026-09-03,1,0,0,97.315,1,1,eindeutig_zugeordnet
18800,48.187511,16.326538,15,15,15,15056,1505,91505,15C,JA,Gebiete dominiert durch Bauten von 1961 bis 1991,JAN,"Mischgebiete der jüngeren Vergangenheit, Neubau- und Stadterweiterungsgebiete",point_in_polygon_ray_casting,2026-09-03,1,0,0,77.374,1,1,eindeutig_zugeordnet
18801,48.201703,16.263048,14,14,14,14104,1410,91410,14E,C,Bebauung mit überwiegend durchgrüntem Geschoßwohnbau,CXY,stark durchmischte Gebiete geringerer Dichte,point_in_polygon_ray_casting,2026-09-03,1,0,0,95.562,1,1,eindeutig_zugeordnet
18887,48.194429,16.404713,3,3,3,03065,0306,90306,3D,B,zwischen- und nachkriegszeitliche Gebiete mittlerer Dichte,BD,zwischen- und nachkriegszeitliche Strukturen,point_in_polygon_ray_casting,2026-09-03,1,0,0,96.739,1,1,eindeutig_zugeordnet
18888,48.191803,16.343349,6,6,6,06038,0603,90603,6A,GG,Gründerzeit mit überwiegend größeren Wohnungen,AGGGH,gründerzeitliche Gebiete,point_in_polygon_ray_casting,2026-09-03,1,0,0,23.811,1,1,eindeutig_zugeordnet
18889,48.209335,16.215303,14,14,14,14122,1412,91412,14E,R,Einfamilienhäuser und Kleingärten,RT,Einfamilienhausgebiete bzw. stark durchgrünte Strukturen,point_in_polygon_ray_casting,2026-09-03,1,0,0,65.148,1,1,eindeutig_zugeordnet
18890,48.213353,16.321355,16,16,16,16044,1604,91604,16C,I,überwiegend industriell-gewerbliche Nutzung,ZI,industriell-gewerblich oder durch sonstige Nutzungen dominierte Gebiete,point_in_polygon_ray_casting,2026-09-03,1,0,0,7.409,1,1,eindeutig_zugeordnet
18891,48.174692,16.280682,13,13,13,13092,1309,91309,13C,T,Reihenhäuser,RT,Einfamilienhausgebiete bzw. stark durchgrünte Strukturen,point_in_polygon_ray_casting,2026-09-03,1,0,0,37.660,1,1,eindeutig_zugeordnet
18946,48.169437,16.380972,10,10,10,10230,1023,91023,10C,D,zwischen- und nachkriegszeitliche Gebiete hoher Dichte,BD,zwischen- und nachkriegszeitliche Strukturen,point_in_polygon_ray_casting,2026-09-03,1,0,0,21.467,1,1,eindeutig_zugeordnet
18947,48.196206,16.313260,14,14,14,14024,1402,91402,14A,G,Gründerzeit mit überwiegend kleineren Wohnungen,AGGGH,gründerzeitliche Gebiete,point_in_polygon_ray_casting,2026-09-03,1,0,0,28.411,1,1,eindeutig_zugeordnet
18948,48.172929,16.346118,12,12,12,12034,1203,91203,12D,B,zwischen- und nachkriegszeitliche Gebiete mittlerer Dichte,BD,zwischen- und nachkriegszeitliche Strukturen,point_in_polygon_ray_casting,2026-09-03,1,0,0,65.497,1,1,eindeutig_zugeordnet
18949,48.144090,16.352380,23,23,23,23181,2318,92318,23A,I,überwiegend industriell-gewerbliche Nutzung,ZI,industriell-gewerblich oder durch sonstige Nutzungen dominierte Gebiete,point_in_polygon_ray_casting,2026-09-03,1,0,0,172.220,1,1,eindeutig_zugeordnet
18950,48.173173,16.292611,13,13,13,13072,1307,91307,13A,R,Einfamilienhäuser und Kleingärten,RT,Einfamilienhausgebiete bzw. stark durchgrünte Strukturen,point_in_polygon_ray_casting,2026-09-03,1,0,0,121.953,1,1,eindeutig_zugeordnet
18727,48.273002,16.357572,19,19,19,19010,1901,91901,19A,R,Einfamilienhäuser und Kleingärten,RT,Einfamilienhausgebiete bzw. stark durchgrünte Strukturen,point_in_polygon_ray_casting,2026-09-03,1,0,0,95.204,1,1,eindeutig_zugeordnet
18728,48.157549,16.287921,13,13,13,13084,1308,91308,13C,Z,überwiegend städtische Infrastruktur und sonstige Nutzungen,ZI,industriell-gewerblich oder durch sonstige Nutzungen dominierte Gebiete,point_in_polygon_ray_casting,2026-09-03,1,0,0,51.598,1,1,eindeutig_zugeordnet
18729,48.192955,16.343144,6,6,6,06035,0603,90603,6A,GG,Gründerzeit mit überwiegend größeren Wohnungen,AGGGH,gründerzeitliche Gebiete,point_in_polygon_ray_casting,2026-09-03,1,0,0,68.115,1,1,eindeutig_zugeordnet
18730,48.167605,16.380035,10,10,10,10032,1003,91003,10C,D,zwischen- und nachkriegszeitliche Gebiete hoher Dichte,BD,zwischen- und nachkriegszeitliche Strukturen,point_in_polygon_ray_casting,2026-09-03,1,0,0,81.907,1,1,eindeutig_zugeordnet
18731,48.153376,16.396262,10,10,10,10160,1016,91016,10J,B,zwischen- und nachkriegszeitliche Gebiete mittlerer Dichte,BD,zwischen- und nachkriegszeitliche Strukturen,point_in_polygon_ray_casting,2026-09-03,1,0,0,37.416,1,1,eindeutig_zugeordnet
18802,48.168880,16.423621,11,11,11,11130,1113,91113,11C,JA,Gebiete dominiert durch Bauten von 1961 bis 1991,JAN,"Mischgebiete der jüngeren Vergangenheit, Neubau- und Stadterweiterungsgebiete",point_in_polygon_ray_casting,2026-09-03,1,0,0,10.301,1,1,eindeutig_zugeordnet
18803,48.190144,16.335061,15,15,15,15038,1503,91503,15C,G,Gründerzeit mit überwiegend kleineren Wohnungen,AGGGH,gründerzeitliche Gebiete,point_in_polygon_ray_casting,2026-09-03,1,0,0,23.215,1,1,eindeutig_zugeordnet
18804,48.156672,16.453343,11,11,11,11100,1110,91110,11E,JN,Neubau ab 1991 und Stadterweiterung,JAN,"Mischgebiete der jüngeren Vergangenheit, Neubau- und Stadterweiterungsgebiete",point_in_polygon_ray_casting,2026-09-03,1,0,0,305.060,1,1,eindeutig_zugeordnet
18805,48.239695,16.365697,20,20,20,20041,2004,92004,20A,D,zwischen- und nachkriegszeitliche Gebiete hoher Dichte,BD,zwischen- und nachkriegszeitliche Strukturen,point_in_polygon_ray_casting,2026-09-03,1,0,0,91.781,1,1,eindeutig_zugeordnet
18806,48.262002,16.401960,21,21,21,21213,2121,92121,21G,B,zwischen- und nachkriegszeitliche Gebiete mittlerer Dichte,BD,zwischen- und nachkriegszeitliche Strukturen,point_in_polygon_ray_casting,2026-09-03,1,0,0,13.480,1,1,eindeutig_zugeordnet
18807,48.219534,16.330274,17,17,17,17020,1702,91702,17A,G,Gründerzeit mit überwiegend kleineren Wohnungen,AGGGH,gründerzeitliche Gebiete,point_in_polygon_ray_casting,2026-09-03,1,0,0,6.684,1,1,eindeutig_zugeordnet
18892,48.175598,16.404317,11,11,11,11040,1104,91104,11B,I,überwiegend industriell-gewerbliche Nutzung,ZI,industriell-gewerblich oder durch sonstige Nutzungen dominierte Gebiete,point_in_polygon_ray_casting,2026-09-03,1,0,0,101.646,1,1,eindeutig_zugeordnet
18893,48.198600,16.405234,3,3,3,03103,0310,90310,3D,JN,Neubau ab 1991 und Stadterweiterung,JAN,"Mischgebiete der jüngeren Vergangenheit, Neubau- und Stadterweiterungsgebiete",point_in_polygon_ray_casting,2026-09-03,1,0,0,5.602,1,1,eindeutig_zugeordnet
18894,48.143640,16.284297,23,23,23,23101,2310,92310,23D,C,Bebauung mit überwiegend durchgrüntem Geschoßwohnbau,CXY,stark durchmischte Gebiete geringerer Dichte,point_in_polygon_ray_casting,2026-09-03,1,0,0,136.348,1,1,eindeutig_zugeordnet
18645,48.276965,16.409628,21,21,21,21100,2110,92110,21B,B,zwischen- und nachkriegszeitliche Gebiete mittlerer Dichte,BD,zwischen- und nachkriegszeitliche Strukturen,point_in_polygon_ray_casting,2026-09-03,1,0,0,36.684,1,1,eindeutig_zugeordnet
18646,48.195370,16.350564,6,6,6,06032,0603,90603,6A,GG,Gründerzeit mit überwiegend größeren Wohnungen,AGGGH,gründerzeitliche Gebiete,point_in_polygon_ray_casting,2026-09-03,1,0,0,29.421,1,1,eindeutig_zugeordnet
18647,48.205454,16.304984,16,16,16,16074,1607,91607,16D,B,zwischen- und nachkriegszeitliche Gebiete mittlerer Dichte,BD,zwischen- und nachkriegszeitliche Strukturen,point_in_polygon_ray_casting,2026-09-03,1,0,0,79.390,1,1,eindeutig_zugeordnet
18648,48.228160,16.446389,22,22,22,22152,2215,92215,22E,C,Bebauung mit überwiegend durchgrüntem Geschoßwohnbau,CXY,stark durchmischte Gebiete geringerer Dichte,point_in_polygon_ray_casting,2026-09-03,1,0,0,66.949,1,1,eindeutig_zugeordnet
18649,48.200045,16.400286,3,3,3,03101,0310,90310,3D,G,Gründerzeit mit überwiegend kleineren Wohnungen,AGGGH,gründerzeitliche Gebiete,point_in_polygon_ray_casting,2026-09-03,1,0,0,14.213,1,1,eindeutig_zugeordnet
18650,48.148604,16.305514,23,23,23,23190,2319,92319,23G,C,Bebauung mit überwiegend durchgrüntem Geschoßwohnbau,CXY,stark durchmischte Gebiete geringerer Dichte,point_in_polygon_ray_casting,2026-09-03,1,0,0,68.462,1,1,eindeutig_zugeordnet
18732,48.223115,16.307751,17,17,17,17030,1703,91703,17B,D,zwischen- und nachkriegszeitliche Gebiete hoher Dichte,BD,zwischen- und nachkriegszeitliche Strukturen,point_in_polygon_ray_casting,2026-09-03,1,0,0,36.969,1,1,eindeutig_zugeordnet
18733,48.195878,16.363967,4,4,4,04031,0403,90403,4A,GG,Gründerzeit mit überwiegend größeren Wohnungen,AGGGH,gründerzeitliche Gebiete,point_in_polygon_ray_casting,2026-09-03,1,0,0,29.821,1,1,eindeutig_zugeordnet
18734,48.250080,16.437042,22,22,22,22090,2209,92209,22G,C,Bebauung mit überwiegend durchgrüntem Geschoßwohnbau,CXY,stark durchmischte Gebiete geringerer Dichte,point_in_polygon_ray_casting,2026-09-03,1,0,0,35.158,1,1,eindeutig_zugeordnet
18735,48.203628,16.400248,2,2,2,02063,0206,90206,2D,GG,Gründerzeit mit überwiegend größeren Wohnungen,AGGGH,gründerzeitliche Gebiete,point_in_polygon_ray_casting,2026-09-03,1,0,0,25.667,1,1,eindeutig_zugeordnet
18808,48.238086,16.448754,22,22,22,22151,2215,92215,22E,C,Bebauung mit überwiegend durchgrüntem Geschoßwohnbau,CXY,stark durchmischte Gebiete geringerer Dichte,point_in_polygon_ray_casting,2026-09-03,1,0,0,34.356,1,1,eindeutig_zugeordnet
18809,48.166192,16.364463,10,10,10,10106,1010,91010,10F,D,zwischen- und nachkriegszeitliche Gebiete hoher Dichte,BD,zwischen- und nachkriegszeitliche Strukturen,point_in_polygon_ray_casting,2026-09-03,1,0,0,45.445,1,1,eindeutig_zugeordnet
18810,48.222753,16.334141,17,17,17,17012,1701,91701,17A,G,Gründerzeit mit überwiegend kleineren Wohnungen,AGGGH,gründerzeitliche Gebiete,point_in_polygon_ray_casting,2026-09-03,1,0,0,85.974,1,1,eindeutig_zugeordnet
18811,48.209610,16.340900,8,8,8,08035,0803,90803,8A,GG,Gründerzeit mit überwiegend größeren Wohnungen,AGGGH,gründerzeitliche Gebiete,point_in_polygon_ray_casting,2026-09-03,1,0,0,31.042,1,1,eindeutig_zugeordnet
18812,48.214803,16.308565,16,16,16,16066,1606,91606,16D,JA,Gebiete dominiert durch Bauten von 1961 bis 1991,JAN,"Mischgebiete der jüngeren Vergangenheit, Neubau- und Stadterweiterungsgebiete",point_in_polygon_ray_casting,2026-09-03,1,0,0,12.395,1,1,eindeutig_zugeordnet
18813,48.227699,16.359403,9,9,9,09015,0901,90901,9A,D,zwischen- und nachkriegszeitliche Gebiete hoher Dichte,BD,zwischen- und nachkriegszeitliche Strukturen,point_in_polygon_ray_casting,2026-09-03,1,0,0,33.030,1,1,eindeutig_zugeordnet
18814,48.174952,16.405191,11,11,11,11040,1104,91104,11B,I,überwiegend industriell-gewerbliche Nutzung,ZI,industriell-gewerblich oder durch sonstige Nutzungen dominierte Gebiete,point_in_polygon_ray_casting,2026-09-03,1,0,0,33.185,1,1,eindeutig_zugeordnet
18898,48.234019,16.349668,19,19,19,19049,1904,91904,19B,D,zwischen- und nachkriegszeitliche Gebiete hoher Dichte,BD,zwischen- und nachkriegszeitliche Strukturen,point_in_polygon_ray_casting,2026-09-03,1,0,0,26.384,1,1,eindeutig_zugeordnet
18899,48.199694,16.390889,3,3,3,03096,0309,90309,3B,GG,Gründerzeit mit überwiegend größeren Wohnungen,AGGGH,gründerzeitliche Gebiete,point_in_polygon_ray_casting,2026-09-03,1,0,0,45.668,1,1,eindeutig_zugeordnet
18895,48.228199,16.358689,9,9,9,09015,0901,90901,9A,D,zwischen- und nachkriegszeitliche Gebiete hoher Dichte,BD,zwischen- und nachkriegszeitliche Strukturen,point_in_polygon_ray_casting,2026-09-03,1,0,0,39.378,1,1,eindeutig_zugeordnet
18896,48.170677,16.348014,10,10,10,10092,1009,91009,10E,B,zwischen- und nachkriegszeitliche Gebiete mittlerer Dichte,BD,zwischen- und nachkriegszeitliche Strukturen,point_in_polygon_ray_casting,2026-09-03,1,0,0,131.098,1,1,eindeutig_zugeordnet
18897,48.132011,16.282231,23,23,23,23113,2311,92311,23E,C,Bebauung mit überwiegend durchgrüntem Geschoßwohnbau,CXY,stark durchmischte Gebiete geringerer Dichte,point_in_polygon_ray_casting,2026-09-03,1,0,0,77.020,1,1,eindeutig_zugeordnet
18651,48.169113,16.361604,10,10,10,10103,1010,91010,10F,B,zwischen- und nachkriegszeitliche Gebiete mittlerer Dichte,BD,zwischen- und nachkriegszeitliche Strukturen,point_in_polygon_ray_casting,2026-09-03,1,0,0,30.616,1,1,eindeutig_zugeordnet
18652,48.188618,16.333629,15,15,15,15039,1503,91503,15C,G,Gründerzeit mit überwiegend kleineren Wohnungen,AGGGH,gründerzeitliche Gebiete,point_in_polygon_ray_casting,2026-09-03,1,0,0,59.359,1,1,eindeutig_zugeordnet
18653,48.186990,16.356287,5,5,5,05035,0503,90503,5C,G,Gründerzeit mit überwiegend kleineren Wohnungen,AGGGH,gründerzeitliche Gebiete,point_in_polygon_ray_casting,2026-09-03,1,0,0,60.384,1,1,eindeutig_zugeordnet
18654,48.184958,16.298197,13,13,13,13023,1302,91302,13A,GG,Gründerzeit mit überwiegend größeren Wohnungen,AGGGH,gründerzeitliche Gebiete,point_in_polygon_ray_casting,2026-09-03,1,0,0,41.774,1,1,eindeutig_zugeordnet
18738,48.244131,16.334106,19,19,19,19081,1908,91908,19C,JA,Gebiete dominiert durch Bauten von 1961 bis 1991,JAN,"Mischgebiete der jüngeren Vergangenheit, Neubau- und Stadterweiterungsgebiete",point_in_polygon_ray_casting,2026-09-03,1,0,0,76.355,1,1,eindeutig_zugeordnet
18739,48.180628,16.413228,11,11,11,11022,1102,91102,11A,D,zwischen- und nachkriegszeitliche Gebiete hoher Dichte,BD,zwischen- und nachkriegszeitliche Strukturen,point_in_polygon_ray_casting,2026-09-03,1,0,0,12.849,1,1,eindeutig_zugeordnet
18740,48.183235,16.345177,12,12,12,12023,1202,91202,12A,D,zwischen- und nachkriegszeitliche Gebiete hoher Dichte,BD,zwischen- und nachkriegszeitliche Strukturen,point_in_polygon_ray_casting,2026-09-03,1,0,0,57.025,1,1,eindeutig_zugeordnet
18736,48.225200,16.388640,2,2,2,02020,0202,90202,2B,G,Gründerzeit mit überwiegend kleineren Wohnungen,AGGGH,gründerzeitliche Gebiete,point_in_polygon_ray_casting,2026-09-03,1,0,0,8.358,1,1,eindeutig_zugeordnet
18737,48.252001,16.403951,21,21,21,21261,2126,92126,21D,JN,Neubau ab 1991 und Stadterweiterung,JAN,"Mischgebiete der jüngeren Vergangenheit, Neubau- und Stadterweiterungsgebiete",point_in_polygon_ray_casting,2026-09-03,1,0,0,173.596,1,1,eindeutig_zugeordnet
18741,48.217519,16.349377,9,9,9,09034,0903,90903,9B,GG,Gründerzeit mit überwiegend größeren Wohnungen,AGGGH,gründerzeitliche Gebiete,point_in_polygon_ray_casting,2026-09-03,1,0,0,1.897,1,1,eindeutig_zugeordnet
18815,48.189538,16.391012,3,3,3,03048,0304,90304,3C,D,zwischen- und nachkriegszeitliche Gebiete hoher Dichte,BD,zwischen- und nachkriegszeitliche Strukturen,point_in_polygon_ray_casting,2026-09-03,1,0,0,11.944,1,1,eindeutig_zugeordnet
18816,48.222109,16.399351,2,2,2,02072,0207,90207,2E,D,zwischen- und nachkriegszeitliche Gebiete hoher Dichte,BD,zwischen- und nachkriegszeitliche Strukturen,point_in_polygon_ray_casting,2026-09-03,1,0,0,3.339,1,1,eindeutig_zugeordnet
18817,48.197057,16.298793,14,14,14,14044,1404,91404,14C,JA,Gebiete dominiert durch Bauten von 1961 bis 1991,JAN,"Mischgebiete der jüngeren Vergangenheit, Neubau- und Stadterweiterungsgebiete",point_in_polygon_ray_casting,2026-09-03,1,0,0,49.774,1,1,eindeutig_zugeordnet
18818,48.167881,16.367537,10,10,10,10108,1010,91010,10F,D,zwischen- und nachkriegszeitliche Gebiete hoher Dichte,BD,zwischen- und nachkriegszeitliche Strukturen,point_in_polygon_ray_casting,2026-09-03,1,0,0,24.937,1,1,eindeutig_zugeordnet
18819,48.189345,16.345606,6,6,6,06027,0602,90602,6A,GG,Gründerzeit mit überwiegend größeren Wohnungen,AGGGH,gründerzeitliche Gebiete,point_in_polygon_ray_casting,2026-09-03,1,0,0,21.104,1,1,eindeutig_zugeordnet
18820,48.222718,16.374791,2,2,2,02033,0203,90203,2C,GG,Gründerzeit mit überwiegend größeren Wohnungen,AGGGH,gründerzeitliche Gebiete,point_in_polygon_ray_casting,2026-09-03,1,0,0,9.143,1,1,eindeutig_zugeordnet
18821,48.179027,16.409709,11,11,11,11031,1103,91103,11B,JN,Neubau ab 1991 und Stadterweiterung,JAN,"Mischgebiete der jüngeren Vergangenheit, Neubau- und Stadterweiterungsgebiete",point_in_polygon_ray_casting,2026-09-03,1,0,0,18.138,1,1,eindeutig_zugeordnet
18900,48.151194,16.378868,10,10,10,10143,1014,91014,10I,R,Einfamilienhäuser und Kleingärten,RT,Einfamilienhausgebiete bzw. stark durchgrünte Strukturen,point_in_polygon_ray_casting,2026-09-03,1,0,0,97.338,1,1,eindeutig_zugeordnet
18901,48.149881,16.308109,23,23,23,23190,2319,92319,23G,C,Bebauung mit überwiegend durchgrüntem Geschoßwohnbau,CXY,stark durchmischte Gebiete geringerer Dichte,point_in_polygon_ray_casting,2026-09-03,1,0,0,59.378,1,1,eindeutig_zugeordnet
18902,48.226801,16.309141,17,17,17,17041,1704,91704,17C,JA,Gebiete dominiert durch Bauten von 1961 bis 1991,JAN,"Mischgebiete der jüngeren Vergangenheit, Neubau- und Stadterweiterungsgebiete",point_in_polygon_ray_casting,2026-09-03,1,0,0,63.477,1,1,eindeutig_zugeordnet
18903,48.233781,16.374225,20,20,20,20031,2003,92003,20D,G,Gründerzeit mit überwiegend kleineren Wohnungen,AGGGH,gründerzeitliche Gebiete,point_in_polygon_ray_casting,2026-09-03,1,0,0,36.531,1,1,eindeutig_zugeordnet
18904,48.227724,16.331279,18,18,18,18030,1803,91803,18B,B,zwischen- und nachkriegszeitliche Gebiete mittlerer Dichte,BD,zwischen- und nachkriegszeitliche Strukturen,point_in_polygon_ray_casting,2026-09-03,1,0,0,30.598,1,1,eindeutig_zugeordnet
18905,48.172631,16.390774,10,10,10,10028,1002,91002,10B,Z,überwiegend städtische Infrastruktur und sonstige Nutzungen,ZI,industriell-gewerblich oder durch sonstige Nutzungen dominierte Gebiete,point_in_polygon_ray_casting,2026-09-03,1,0,0,90.421,1,1,eindeutig_zugeordnet
18906,48.199120,16.379730,3,3,3,03035,0303,90303,3B,D,zwischen- und nachkriegszeitliche Gebiete hoher Dichte,BD,zwischen- und nachkriegszeitliche Strukturen,point_in_polygon_ray_casting,2026-09-03,1,0,0,10.575,1,1,eindeutig_zugeordnet
18907,48.206130,16.350845,7,7,7,07010,0701,90701,7A,GG,Gründerzeit mit überwiegend größeren Wohnungen,AGGGH,gründerzeitliche Gebiete,point_in_polygon_ray_casting,2026-09-03,1,0,0,23.658,1,1,eindeutig_zugeordnet
18908,48.248985,16.341138,19,19,19,19050,1905,91905,19C,C,Bebauung mit überwiegend durchgrüntem Geschoßwohnbau,CXY,stark durchmischte Gebiete geringerer Dichte,point_in_polygon_ray_casting,2026-09-03,1,0,0,78.661,1,1,eindeutig_zugeordnet
18655,48.243774,16.382160,20,20,20,20073,2007,92007,20B,D,zwischen- und nachkriegszeitliche Gebiete hoher Dichte,BD,zwischen- und nachkriegszeitliche Strukturen,point_in_polygon_ray_casting,2026-09-03,1,0,0,96.640,1,1,eindeutig_zugeordnet
18656,48.162865,16.319301,12,12,12,12104,1210,91210,12D,C,Bebauung mit überwiegend durchgrüntem Geschoßwohnbau,CXY,stark durchmischte Gebiete geringerer Dichte,point_in_polygon_ray_casting,2026-09-03,1,0,0,75.023,1,1,eindeutig_zugeordnet
18657,48.156199,16.393493,10,10,10,10160,1016,91016,10J,B,zwischen- und nachkriegszeitliche Gebiete mittlerer Dichte,BD,zwischen- und nachkriegszeitliche Strukturen,point_in_polygon_ray_casting,2026-09-03,1,0,0,34.625,1,1,eindeutig_zugeordnet
18658,48.251892,16.402417,21,21,21,21261,2126,92126,21D,JN,Neubau ab 1991 und Stadterweiterung,JAN,"Mischgebiete der jüngeren Vergangenheit, Neubau- und Stadterweiterungsgebiete",point_in_polygon_ray_casting,2026-09-03,1,0,0,128.803,1,1,eindeutig_zugeordnet
18659,48.144743,16.285402,23,23,23,23101,2310,92310,23D,C,Bebauung mit überwiegend durchgrüntem Geschoßwohnbau,CXY,stark durchmischte Gebiete geringerer Dichte,point_in_polygon_ray_casting,2026-09-03,1,0,0,115.608,1,1,eindeutig_zugeordnet
18742,48.189626,16.375822,4,4,4,04026,0402,90402,4B,GG,Gründerzeit mit überwiegend größeren Wohnungen,AGGGH,gründerzeitliche Gebiete,point_in_polygon_ray_casting,2026-09-03,1,0,0,116.861,1,1,eindeutig_zugeordnet
18743,48.160923,16.312106,12,12,12,12105,1210,91210,12D,Y,heterogene Bebauung mit Überhang an Geschoßwohnungen,CXY,stark durchmischte Gebiete geringerer Dichte,point_in_polygon_ray_casting,2026-09-03,1,0,0,103.077,1,1,eindeutig_zugeordnet
18744,48.194554,16.363986,4,4,4,04033,0403,90403,4A,GG,Gründerzeit mit überwiegend größeren Wohnungen,AGGGH,gründerzeitliche Gebiete,point_in_polygon_ray_casting,2026-09-03,1,0,0,76.656,1,1,eindeutig_zugeordnet
18745,48.141944,16.283394,23,23,23,23101,2310,92310,23D,C,Bebauung mit überwiegend durchgrüntem Geschoßwohnbau,CXY,stark durchmischte Gebiete geringerer Dichte,point_in_polygon_ray_casting,2026-09-03,1,0,0,25.357,1,1,eindeutig_zugeordnet
18746,48.179063,16.321472,12,12,12,12065,1206,91206,12C,G,Gründerzeit mit überwiegend kleineren Wohnungen,AGGGH,gründerzeitliche Gebiete,point_in_polygon_ray_casting,2026-09-03,1,0,0,58.082,1,1,eindeutig_zugeordnet
18823,48.239353,16.367306,20,20,20,20041,2004,92004,20A,D,zwischen- und nachkriegszeitliche Gebiete hoher Dichte,BD,zwischen- und nachkriegszeitliche Strukturen,point_in_polygon_ray_casting,2026-09-03,1,0,0,70.528,1,1,eindeutig_zugeordnet
18822,48.250573,16.323134,19,19,19,19070,1907,91907,19A,R,Einfamilienhäuser und Kleingärten,RT,Einfamilienhausgebiete bzw. stark durchgrünte Strukturen,point_in_polygon_ray_casting,2026-09-03,1,0,0,18.041,1,1,eindeutig_zugeordnet
18909,48.168343,16.376026,10,10,10,10032,1003,91003,10C,D,zwischen- und nachkriegszeitliche Gebiete hoher Dichte,BD,zwischen- und nachkriegszeitliche Strukturen,point_in_polygon_ray_casting,2026-09-03,1,0,0,6.027,1,1,eindeutig_zugeordnet
18910,48.264468,16.396645,21,21,21,21210,2121,92121,21G,G,Gründerzeit mit überwiegend kleineren Wohnungen,AGGGH,gründerzeitliche Gebiete,point_in_polygon_ray_casting,2026-09-03,1,0,0,92.869,1,1,eindeutig_zugeordnet
18911,48.231755,16.355268,9,9,9,09011,0901,90901,9A,G,Gründerzeit mit überwiegend kleineren Wohnungen,AGGGH,gründerzeitliche Gebiete,point_in_polygon_ray_casting,2026-09-03,1,0,0,48.605,1,1,eindeutig_zugeordnet
18912,48.174803,16.327977,12,12,12,12056,1205,91205,12B,D,zwischen- und nachkriegszeitliche Gebiete hoher Dichte,BD,zwischen- und nachkriegszeitliche Strukturen,point_in_polygon_ray_casting,2026-09-03,1,0,0,34.521,1,1,eindeutig_zugeordnet
19159,48.173846,16.409299,11,11,11,11034,1103,91103,11B,D,zwischen- und nachkriegszeitliche Gebiete hoher Dichte,BD,zwischen- und nachkriegszeitliche Strukturen,point_in_polygon_ray_casting,2026-09-03,1,0,0,36.257,1,1,eindeutig_zugeordnet
19160,48.165746,16.361084,10,10,10,10112,1011,91011,10H,B,zwischen- und nachkriegszeitliche Gebiete mittlerer Dichte,BD,zwischen- und nachkriegszeitliche Strukturen,point_in_polygon_ray_casting,2026-09-03,1,0,0,12.038,1,1,eindeutig_zugeordnet
19161,48.179224,16.413181,11,11,11,11024,1102,91102,11A,D,zwischen- und nachkriegszeitliche Gebiete hoher Dichte,BD,zwischen- und nachkriegszeitliche Strukturen,point_in_polygon_ray_casting,2026-09-03,1,0,0,64.549,1,1,eindeutig_zugeordnet
19162,48.167670,16.419289,11,11,11,11050,1105,91105,11C,B,zwischen- und nachkriegszeitliche Gebiete mittlerer Dichte,BD,zwischen- und nachkriegszeitliche Strukturen,point_in_polygon_ray_casting,2026-09-03,1,0,0,74.460,1,1,eindeutig_zugeordnet
19072,48.252486,16.410345,21,21,21,21261,2126,92126,21D,JN,Neubau ab 1991 und Stadterweiterung,JAN,"Mischgebiete der jüngeren Vergangenheit, Neubau- und Stadterweiterungsgebiete",point_in_polygon_ray_casting,2026-09-03,1,0,0,36.690,1,1,eindeutig_zugeordnet
19073,48.154542,16.459520,11,11,11,11100,1110,91110,11E,JN,Neubau ab 1991 und Stadterweiterung,JAN,"Mischgebiete der jüngeren Vergangenheit, Neubau- und Stadterweiterungsgebiete",point_in_polygon_ray_casting,2026-09-03,1,0,0,472.898,1,1,eindeutig_zugeordnet
19074,48.226117,16.385535,2,2,2,02020,0202,90202,2B,G,Gründerzeit mit überwiegend kleineren Wohnungen,AGGGH,gründerzeitliche Gebiete,point_in_polygon_ray_casting,2026-09-03,1,0,0,28.933,1,1,eindeutig_zugeordnet
19075,48.200044,16.323339,15,15,15,15077,1507,91507,15A,G,Gründerzeit mit überwiegend kleineren Wohnungen,AGGGH,gründerzeitliche Gebiete,point_in_polygon_ray_casting,2026-09-03,1,0,0,42.938,1,1,eindeutig_zugeordnet
19070,48.170330,16.294088,13,13,13,13081,1308,91308,13C,C,Bebauung mit überwiegend durchgrüntem Geschoßwohnbau,CXY,stark durchmischte Gebiete geringerer Dichte,point_in_polygon_ray_casting,2026-09-03,1,0,0,53.303,1,1,eindeutig_zugeordnet
19071,48.195456,16.364067,4,4,4,04032,0403,90403,4A,GG,Gründerzeit mit überwiegend größeren Wohnungen,AGGGH,gründerzeitliche Gebiete,point_in_polygon_ray_casting,2026-09-03,1,0,0,10.083,1,1,eindeutig_zugeordnet
19164,48.168313,16.418161,11,11,11,11050,1105,91105,11C,B,zwischen- und nachkriegszeitliche Gebiete mittlerer Dichte,BD,zwischen- und nachkriegszeitliche Strukturen,point_in_polygon_ray_casting,2026-09-03,1,0,0,53.485,1,1,eindeutig_zugeordnet
19165,48.180923,16.350325,5,5,5,05021,0502,90502,5B,D,zwischen- und nachkriegszeitliche Gebiete hoher Dichte,BD,zwischen- und nachkriegszeitliche Strukturen,point_in_polygon_ray_casting,2026-09-03,1,0,0,32.555,1,1,eindeutig_zugeordnet
19166,48.166017,16.353733,10,10,10,10110,1011,91011,10H,R,Einfamilienhäuser und Kleingärten,RT,Einfamilienhausgebiete bzw. stark durchgrünte Strukturen,point_in_polygon_ray_casting,2026-09-03,1,0,0,144.712,1,1,eindeutig_zugeordnet
19167,48.165174,16.418169,11,11,11,11051,1105,91105,11C,B,zwischen- und nachkriegszeitliche Gebiete mittlerer Dichte,BD,zwischen- und nachkriegszeitliche Strukturen,point_in_polygon_ray_casting,2026-09-03,1,0,0,141.448,1,1,eindeutig_zugeordnet
19168,48.168027,16.418881,11,11,11,11050,1105,91105,11C,B,zwischen- und nachkriegszeitliche Gebiete mittlerer Dichte,BD,zwischen- und nachkriegszeitliche Strukturen,point_in_polygon_ray_casting,2026-09-03,1,0,0,86.069,1,1,eindeutig_zugeordnet
19169,48.167370,16.352321,10,10,10,10110,1011,91011,10H,R,Einfamilienhäuser und Kleingärten,RT,Einfamilienhausgebiete bzw. stark durchgrünte Strukturen,point_in_polygon_ray_casting,2026-09-03,1,0,0,24.093,1,1,eindeutig_zugeordnet
19163,48.168315,16.350871,10,10,10,10110,1011,91011,10H,R,Einfamilienhäuser und Kleingärten,RT,Einfamilienhausgebiete bzw. stark durchgrünte Strukturen,point_in_polygon_ray_casting,2026-09-03,1,0,0,14.268,1,1,eindeutig_zugeordnet
19170,48.178176,16.341740,12,12,12,12028,1202,91202,12A,D,zwischen- und nachkriegszeitliche Gebiete hoher Dichte,BD,zwischen- und nachkriegszeitliche Strukturen,point_in_polygon_ray_casting,2026-09-03,1,0,0,59.846,1,1,eindeutig_zugeordnet
19171,48.167331,16.352401,10,10,10,10110,1011,91011,10H,R,Einfamilienhäuser und Kleingärten,RT,Einfamilienhausgebiete bzw. stark durchgrünte Strukturen,point_in_polygon_ray_casting,2026-09-03,1,0,0,25.277,1,1,eindeutig_zugeordnet
19172,48.185386,16.346375,5,5,5,05030,0503,90503,5C,D,zwischen- und nachkriegszeitliche Gebiete hoher Dichte,BD,zwischen- und nachkriegszeitliche Strukturen,point_in_polygon_ray_casting,2026-09-03,1,0,0,54.121,1,1,eindeutig_zugeordnet
19173,48.166665,16.353248,10,10,10,10110,1011,91011,10H,R,Einfamilienhäuser und Kleingärten,RT,Einfamilienhausgebiete bzw. stark durchgrünte Strukturen,point_in_polygon_ray_casting,2026-09-03,1,0,0,73.375,1,1,eindeutig_zugeordnet
19076,48.201548,16.328570,15,15,15,15015,1501,91501,15A,D,zwischen- und nachkriegszeitliche Gebiete hoher Dichte,BD,zwischen- und nachkriegszeitliche Strukturen,point_in_polygon_ray_casting,2026-09-03,1,0,0,80.700,1,1,eindeutig_zugeordnet
19077,48.222420,16.331131,17,17,17,17015,1701,91701,17A,G,Gründerzeit mit überwiegend kleineren Wohnungen,AGGGH,gründerzeitliche Gebiete,point_in_polygon_ray_casting,2026-09-03,1,0,0,42.771,1,1,eindeutig_zugeordnet
19078,48.227960,16.357071,9,9,9,09014,0901,90901,9A,G,Gründerzeit mit überwiegend kleineren Wohnungen,AGGGH,gründerzeitliche Gebiete,point_in_polygon_ray_casting,2026-09-03,1,0,0,23.882,1,1,eindeutig_zugeordnet
19079,48.226881,16.356935,9,9,9,09014,0901,90901,9A,G,Gründerzeit mit überwiegend kleineren Wohnungen,AGGGH,gründerzeitliche Gebiete,point_in_polygon_ray_casting,2026-09-03,1,0,0,22.675,1,1,eindeutig_zugeordnet
19175,48.166821,16.353043,10,10,10,10110,1011,91011,10H,R,Einfamilienhäuser und Kleingärten,RT,Einfamilienhausgebiete bzw. stark durchgrünte Strukturen,point_in_polygon_ray_casting,2026-09-03,1,0,0,51.833,1,1,eindeutig_zugeordnet
19176,48.168281,16.350936,10,10,10,10110,1011,91011,10H,R,Einfamilienhäuser und Kleingärten,RT,Einfamilienhausgebiete bzw. stark durchgrünte Strukturen,point_in_polygon_ray_casting,2026-09-03,1,0,0,15.032,1,1,eindeutig_zugeordnet
19177,48.166257,16.353949,10,10,10,10110,1011,91011,10H,R,Einfamilienhäuser und Kleingärten,RT,Einfamilienhausgebiete bzw. stark durchgrünte Strukturen,point_in_polygon_ray_casting,2026-09-03,1,0,0,138.845,1,1,eindeutig_zugeordnet
19178,48.164729,16.359998,10,10,10,10112,1011,91011,10H,B,zwischen- und nachkriegszeitliche Gebiete mittlerer Dichte,BD,zwischen- und nachkriegszeitliche Strukturen,point_in_polygon_ray_casting,2026-09-03,1,0,0,48.990,1,1,eindeutig_zugeordnet
19179,48.165352,16.360207,10,10,10,10112,1011,91011,10H,B,zwischen- und nachkriegszeitliche Gebiete mittlerer Dichte,BD,zwischen- und nachkriegszeitliche Strukturen,point_in_polygon_ray_casting,2026-09-03,1,0,0,68.065,1,1,eindeutig_zugeordnet
19180,48.168146,16.351146,10,10,10,10110,1011,91011,10H,R,Einfamilienhäuser und Kleingärten,RT,Einfamilienhausgebiete bzw. stark durchgrünte Strukturen,point_in_polygon_ray_casting,2026-09-03,1,0,0,15.670,1,1,eindeutig_zugeordnet
19174,48.214055,16.378487,2,2,2,02048,0204,90204,2C,GG,Gründerzeit mit überwiegend größeren Wohnungen,AGGGH,gründerzeitliche Gebiete,point_in_polygon_ray_casting,2026-09-03,1,0,0,44.630,1,1,eindeutig_zugeordnet
19181,48.227157,16.351665,9,9,9,09044,0904,90904,9A,G,Gründerzeit mit überwiegend kleineren Wohnungen,AGGGH,gründerzeitliche Gebiete,point_in_polygon_ray_casting,2026-09-03,1,0,0,17.841,1,1,eindeutig_zugeordnet
19182,48.164683,16.360944,10,10,10,10112,1011,91011,10H,B,zwischen- und nachkriegszeitliche Gebiete mittlerer Dichte,BD,zwischen- und nachkriegszeitliche Strukturen,point_in_polygon_ray_casting,2026-09-03,1,0,0,95.128,1,1,eindeutig_zugeordnet
19080,48.177712,16.374417,10,10,10,10045,1004,91004,10D,G,Gründerzeit mit überwiegend kleineren Wohnungen,AGGGH,gründerzeitliche Gebiete,point_in_polygon_ray_casting,2026-09-03,1,0,0,37.124,1,1,eindeutig_zugeordnet
19081,48.188217,16.353577,5,5,5,05034,0503,90503,5C,G,Gründerzeit mit überwiegend kleineren Wohnungen,AGGGH,gründerzeitliche Gebiete,point_in_polygon_ray_casting,2026-09-03,1,0,0,28.365,1,1,eindeutig_zugeordnet
19082,48.171867,16.340086,12,12,12,12033,1203,91203,12D,B,zwischen- und nachkriegszeitliche Gebiete mittlerer Dichte,BD,zwischen- und nachkriegszeitliche Strukturen,point_in_polygon_ray_casting,2026-09-03,1,0,0,9.550,1,1,eindeutig_zugeordnet
19083,48.271842,16.407222,21,21,21,21200,2120,92120,21G,I,überwiegend industriell-gewerbliche Nutzung,ZI,industriell-gewerblich oder durch sonstige Nutzungen dominierte Gebiete,point_in_polygon_ray_casting,2026-09-03,1,0,0,53.310,1,1,eindeutig_zugeordnet
19084,48.194958,16.362643,4,4,4,04031,0403,90403,4A,GG,Gründerzeit mit überwiegend größeren Wohnungen,AGGGH,gründerzeitliche Gebiete,point_in_polygon_ray_casting,2026-09-03,1,0,0,25.597,1,1,eindeutig_zugeordnet
19085,48.220494,16.332091,17,17,17,17016,1701,91701,17A,G,Gründerzeit mit überwiegend kleineren Wohnungen,AGGGH,gründerzeitliche Gebiete,point_in_polygon_ray_casting,2026-09-03,1,0,0,12.361,1,1,eindeutig_zugeordnet
19184,48.165491,16.362662,10,10,10,10112,1011,91011,10H,B,zwischen- und nachkriegszeitliche Gebiete mittlerer Dichte,BD,zwischen- und nachkriegszeitliche Strukturen,point_in_polygon_ray_casting,2026-09-03,1,0,0,16.191,1,1,eindeutig_zugeordnet
19185,48.165607,16.361961,10,10,10,10112,1011,91011,10H,B,zwischen- und nachkriegszeitliche Gebiete mittlerer Dichte,BD,zwischen- und nachkriegszeitliche Strukturen,point_in_polygon_ray_casting,2026-09-03,1,0,0,14.050,1,1,eindeutig_zugeordnet
19186,48.168696,16.420397,11,11,11,11050,1105,91105,11C,B,zwischen- und nachkriegszeitliche Gebiete mittlerer Dichte,BD,zwischen- und nachkriegszeitliche Strukturen,point_in_polygon_ray_casting,2026-09-03,1,0,0,119.862,1,1,eindeutig_zugeordnet
19187,48.167500,16.352086,10,10,10,10110,1011,91011,10H,R,Einfamilienhäuser und Kleingärten,RT,Einfamilienhausgebiete bzw. stark durchgrünte Strukturen,point_in_polygon_ray_casting,2026-09-03,1,0,0,21.820,1,1,eindeutig_zugeordnet
19188,48.167793,16.351691,10,10,10,10110,1011,91011,10H,R,Einfamilienhäuser und Kleingärten,RT,Einfamilienhausgebiete bzw. stark durchgrünte Strukturen,point_in_polygon_ray_casting,2026-09-03,1,0,0,23.821,1,1,eindeutig_zugeordnet
19189,48.165853,16.354630,10,10,10,10110,1011,91011,10H,R,Einfamilienhäuser und Kleingärten,RT,Einfamilienhausgebiete bzw. stark durchgrünte Strukturen,point_in_polygon_ray_casting,2026-09-03,1,0,0,134.295,1,1,eindeutig_zugeordnet
19190,48.166172,16.353855,10,10,10,10110,1011,91011,10H,R,Einfamilienhäuser und Kleingärten,RT,Einfamilienhausgebiete bzw. stark durchgrünte Strukturen,point_in_polygon_ray_casting,2026-09-03,1,0,0,142.311,1,1,eindeutig_zugeordnet
19183,48.165466,16.355695,10,10,10,10110,1011,91011,10H,R,Einfamilienhäuser und Kleingärten,RT,Einfamilienhausgebiete bzw. stark durchgrünte Strukturen,point_in_polygon_ray_casting,2026-09-03,1,0,0,59.757,1,1,eindeutig_zugeordnet
19086,48.180121,16.342249,12,12,12,12025,1202,91202,12A,G,Gründerzeit mit überwiegend kleineren Wohnungen,AGGGH,gründerzeitliche Gebiete,point_in_polygon_ray_casting,2026-09-03,1,0,0,6.883,1,1,eindeutig_zugeordnet
19087,48.173430,16.347457,10,10,10,10091,1009,91009,10E,B,zwischen- und nachkriegszeitliche Gebiete mittlerer Dichte,BD,zwischen- und nachkriegszeitliche Strukturen,point_in_polygon_ray_casting,2026-09-03,1,0,0,48.164,1,1,eindeutig_zugeordnet
19088,48.127525,16.311452,23,23,23,23051,2305,92305,23C,C,Bebauung mit überwiegend durchgrüntem Geschoßwohnbau,CXY,stark durchmischte Gebiete geringerer Dichte,point_in_polygon_ray_casting,2026-09-03,1,0,0,176.435,1,1,eindeutig_zugeordnet
19089,48.236458,16.385573,20,20,20,20022,2002,92002,20C,JN,Neubau ab 1991 und Stadterweiterung,JAN,"Mischgebiete der jüngeren Vergangenheit, Neubau- und Stadterweiterungsgebiete",point_in_polygon_ray_casting,2026-09-03,1,0,0,35.447,1,1,eindeutig_zugeordnet
19090,48.201646,16.259121,14,14,14,14104,1410,91410,14E,C,Bebauung mit überwiegend durchgrüntem Geschoßwohnbau,CXY,stark durchmischte Gebiete geringerer Dichte,point_in_polygon_ray_casting,2026-09-03,1,0,0,6.923,1,1,eindeutig_zugeordnet
19091,48.226536,16.357450,9,9,9,09014,0901,90901,9A,G,Gründerzeit mit überwiegend kleineren Wohnungen,AGGGH,gründerzeitliche Gebiete,point_in_polygon_ray_casting,2026-09-03,1,0,0,49.112,1,1,eindeutig_zugeordnet
19191,48.166833,16.417104,11,11,11,11051,1105,91105,11C,B,zwischen- und nachkriegszeitliche Gebiete mittlerer Dichte,BD,zwischen- und nachkriegszeitliche Strukturen,point_in_polygon_ray_casting,2026-09-03,1,0,0,49.324,1,1,eindeutig_zugeordnet
19192,48.164356,16.359667,10,10,10,10112,1011,91011,10H,B,zwischen- und nachkriegszeitliche Gebiete mittlerer Dichte,BD,zwischen- und nachkriegszeitliche Strukturen,point_in_polygon_ray_casting,2026-09-03,1,0,0,28.036,1,1,eindeutig_zugeordnet
19193,48.168895,16.434679,11,11,11,11071,1107,91107,11D,Y,heterogene Bebauung mit Überhang an Geschoßwohnungen,CXY,stark durchmischte Gebiete geringerer Dichte,point_in_polygon_ray_casting,2026-09-03,1,0,0,71.472,1,1,eindeutig_zugeordnet
19092,48.151362,16.267495,23,23,23,23140,2314,92314,23F,R,Einfamilienhäuser und Kleingärten,RT,Einfamilienhausgebiete bzw. stark durchgrünte Strukturen,point_in_polygon_ray_casting,2026-09-03,1,0,0,129.375,1,1,eindeutig_zugeordnet
19093,48.198460,16.403098,3,3,3,03102,0310,90310,3D,D,zwischen- und nachkriegszeitliche Gebiete hoher Dichte,BD,zwischen- und nachkriegszeitliche Strukturen,point_in_polygon_ray_casting,2026-09-03,1,0,0,85.111,1,1,eindeutig_zugeordnet
19094,48.197340,16.314314,15,15,15,15063,1506,91506,15B,G,Gründerzeit mit überwiegend kleineren Wohnungen,AGGGH,gründerzeitliche Gebiete,point_in_polygon_ray_casting,2026-09-03,1,0,0,18.364,1,1,eindeutig_zugeordnet
19095,48.221282,16.324475,17,17,17,17036,1703,91703,17B,G,Gründerzeit mit überwiegend kleineren Wohnungen,AGGGH,gründerzeitliche Gebiete,point_in_polygon_ray_casting,2026-09-03,1,0,0,34.824,1,1,eindeutig_zugeordnet
19096,48.213046,16.316169,16,16,16,16045,1604,91604,16C,JA,Gebiete dominiert durch Bauten von 1961 bis 1991,JAN,"Mischgebiete der jüngeren Vergangenheit, Neubau- und Stadterweiterungsgebiete",point_in_polygon_ray_casting,2026-09-03,1,0,0,9.991,1,1,eindeutig_zugeordnet
19097,48.231779,16.364352,20,20,20,20052,2005,92005,20D,G,Gründerzeit mit überwiegend kleineren Wohnungen,AGGGH,gründerzeitliche Gebiete,point_in_polygon_ray_casting,2026-09-03,1,0,0,25.571,1,1,eindeutig_zugeordnet
19098,48.241744,16.341638,19,19,19,19086,1908,91908,19C,B,zwischen- und nachkriegszeitliche Gebiete mittlerer Dichte,BD,zwischen- und nachkriegszeitliche Strukturen,point_in_polygon_ray_casting,2026-09-03,1,0,0,64.434,1,1,eindeutig_zugeordnet
19194,48.167205,16.417723,11,11,11,11050,1105,91105,11C,B,zwischen- und nachkriegszeitliche Gebiete mittlerer Dichte,BD,zwischen- und nachkriegszeitliche Strukturen,point_in_polygon_ray_casting,2026-09-03,1,0,0,12.529,1,1,eindeutig_zugeordnet
19195,48.166486,16.417609,11,11,11,11051,1105,91105,11C,B,zwischen- und nachkriegszeitliche Gebiete mittlerer Dichte,BD,zwischen- und nachkriegszeitliche Strukturen,point_in_polygon_ray_casting,2026-09-03,1,0,0,50.263,1,1,eindeutig_zugeordnet
19196,48.165995,16.354344,10,10,10,10110,1011,91011,10H,R,Einfamilienhäuser und Kleingärten,RT,Einfamilienhausgebiete bzw. stark durchgrünte Strukturen,point_in_polygon_ray_casting,2026-09-03,1,0,0,138.641,1,1,eindeutig_zugeordnet
19197,48.251558,16.437561,22,22,22,22090,2209,92209,22G,C,Bebauung mit überwiegend durchgrüntem Geschoßwohnbau,CXY,stark durchmischte Gebiete geringerer Dichte,point_in_polygon_ray_casting,2026-09-03,1,0,0,180.584,1,1,eindeutig_zugeordnet
19101,48.137319,16.240883,23,23,23,23160,2316,92316,23F,R,Einfamilienhäuser und Kleingärten,RT,Einfamilienhausgebiete bzw. stark durchgrünte Strukturen,point_in_polygon_ray_casting,2026-09-03,1,0,0,65.831,1,1,eindeutig_zugeordnet
19102,48.256950,16.392522,21,21,21,21220,2122,92122,21G,JA,Gebiete dominiert durch Bauten von 1961 bis 1991,JAN,"Mischgebiete der jüngeren Vergangenheit, Neubau- und Stadterweiterungsgebiete",point_in_polygon_ray_casting,2026-09-03,1,0,0,26.539,1,1,eindeutig_zugeordnet
19103,48.137988,16.316355,23,23,23,23043,2304,92304,23B,JN,Neubau ab 1991 und Stadterweiterung,JAN,"Mischgebiete der jüngeren Vergangenheit, Neubau- und Stadterweiterungsgebiete",point_in_polygon_ray_casting,2026-09-03,1,0,0,41.630,1,1,eindeutig_zugeordnet
19104,48.144829,16.343790,23,23,23,23181,2318,92318,23A,I,überwiegend industriell-gewerbliche Nutzung,ZI,industriell-gewerblich oder durch sonstige Nutzungen dominierte Gebiete,point_in_polygon_ray_casting,2026-09-03,1,0,0,112.111,1,1,eindeutig_zugeordnet
19099,48.187816,16.327541,15,15,15,15056,1505,91505,15C,JA,Gebiete dominiert durch Bauten von 1961 bis 1991,JAN,"Mischgebiete der jüngeren Vergangenheit, Neubau- und Stadterweiterungsgebiete",point_in_polygon_ray_casting,2026-09-03,1,0,0,29.242,1,1,eindeutig_zugeordnet
19100,48.200884,16.343086,7,7,7,07048,0704,90704,7B,GG,Gründerzeit mit überwiegend größeren Wohnungen,AGGGH,gründerzeitliche Gebiete,point_in_polygon_ray_casting,2026-09-03,1,0,0,18.264,1,1,eindeutig_zugeordnet
19198,48.247317,16.378224,20,20,20,20012,2001,92001,20A,D,zwischen- und nachkriegszeitliche Gebiete hoher Dichte,BD,zwischen- und nachkriegszeitliche Strukturen,point_in_polygon_ray_casting,2026-09-03,1,0,0,58.874,1,1,eindeutig_zugeordnet
19199,48.166982,16.352832,10,10,10,10110,1011,91011,10H,R,Einfamilienhäuser und Kleingärten,RT,Einfamilienhausgebiete bzw. stark durchgrünte Strukturen,point_in_polygon_ray_casting,2026-09-03,1,0,0,31.998,1,1,eindeutig_zugeordnet
19200,48.167079,16.416758,11,11,11,11051,1105,91105,11C,B,zwischen- und nachkriegszeitliche Gebiete mittlerer Dichte,BD,zwischen- und nachkriegszeitliche Strukturen,point_in_polygon_ray_casting,2026-09-03,1,0,0,31.264,1,1,eindeutig_zugeordnet
19201,48.167680,16.418640,11,11,11,11050,1105,91105,11C,B,zwischen- und nachkriegszeitliche Gebiete mittlerer Dichte,BD,zwischen- und nachkriegszeitliche Strukturen,point_in_polygon_ray_casting,2026-09-03,1,0,0,52.936,1,1,eindeutig_zugeordnet
19202,48.165517,16.417731,11,11,11,11051,1105,91105,11C,B,zwischen- und nachkriegszeitliche Gebiete mittlerer Dichte,BD,zwischen- und nachkriegszeitliche Strukturen,point_in_polygon_ray_casting,2026-09-03,1,0,0,141.998,1,1,eindeutig_zugeordnet
19203,48.165520,16.355622,10,10,10,10110,1011,91011,10H,R,Einfamilienhäuser und Kleingärten,RT,Einfamilienhausgebiete bzw. stark durchgrünte Strukturen,point_in_polygon_ray_casting,2026-09-03,1,0,0,66.961,1,1,eindeutig_zugeordnet
19105,48.171007,16.293975,13,13,13,13081,1308,91308,13C,C,Bebauung mit überwiegend durchgrüntem Geschoßwohnbau,CXY,stark durchmischte Gebiete geringerer Dichte,point_in_polygon_ray_casting,2026-09-03,1,0,0,49.065,1,1,eindeutig_zugeordnet
19106,48.229015,16.365020,20,20,20,20054,2005,92005,20D,G,Gründerzeit mit überwiegend kleineren Wohnungen,AGGGH,gründerzeitliche Gebiete,point_in_polygon_ray_casting,2026-09-03,1,0,0,86.749,1,1,eindeutig_zugeordnet
19107,48.182615,16.360640,5,5,5,05026,0502,90502,5B,D,zwischen- und nachkriegszeitliche Gebiete hoher Dichte,BD,zwischen- und nachkriegszeitliche Strukturen,point_in_polygon_ray_casting,2026-09-03,1,0,0,31.573,1,1,eindeutig_zugeordnet
19108,48.200705,16.319056,15,15,15,15075,1507,91507,15A,D,zwischen- und nachkriegszeitliche Gebiete hoher Dichte,BD,zwischen- und nachkriegszeitliche Strukturen,point_in_polygon_ray_casting,2026-09-03,1,0,0,52.063,1,1,eindeutig_zugeordnet
19109,48.192613,16.327559,15,15,15,15031,1503,91503,15C,G,Gründerzeit mit überwiegend kleineren Wohnungen,AGGGH,gründerzeitliche Gebiete,point_in_polygon_ray_casting,2026-09-03,1,0,0,43.498,1,1,eindeutig_zugeordnet
19110,48.196027,16.354553,6,6,6,06018,0601,90601,6A,GG,Gründerzeit mit überwiegend größeren Wohnungen,AGGGH,gründerzeitliche Gebiete,point_in_polygon_ray_casting,2026-09-03,1,0,0,52.357,1,1,eindeutig_zugeordnet
19111,48.187649,16.376800,4,4,4,04027,0402,90402,4B,D,zwischen- und nachkriegszeitliche Gebiete hoher Dichte,BD,zwischen- und nachkriegszeitliche Strukturen,point_in_polygon_ray_casting,2026-09-03,1,0,0,78.889,1,1,eindeutig_zugeordnet
19112,48.213722,16.306082,16,16,16,16064,1606,91606,16D,C,Bebauung mit überwiegend durchgrüntem Geschoßwohnbau,CXY,stark durchmischte Gebiete geringerer Dichte,point_in_polygon_ray_casting,2026-09-03,1,0,0,29.779,1,1,eindeutig_zugeordnet
19113,48.210344,16.394326,3,3,3,03017,0301,90301,3A,GG,Gründerzeit mit überwiegend größeren Wohnungen,AGGGH,gründerzeitliche Gebiete,point_in_polygon_ray_casting,2026-09-03,1,0,0,57.272,1,1,eindeutig_zugeordnet
19205,48.165400,16.359818,10,10,10,10112,1011,91011,10H,B,zwischen- und nachkriegszeitliche Gebiete mittlerer Dichte,BD,zwischen- und nachkriegszeitliche Strukturen,point_in_polygon_ray_casting,2026-09-03,1,0,0,68.659,1,1,eindeutig_zugeordnet
19206,48.166886,16.352943,10,10,10,10110,1011,91011,10H,R,Einfamilienhäuser und Kleingärten,RT,Einfamilienhausgebiete bzw. stark durchgrünte Strukturen,point_in_polygon_ray_casting,2026-09-03,1,0,0,42.300,1,1,eindeutig_zugeordnet
19207,48.164805,16.417639,11,11,11,11051,1105,91105,11C,B,zwischen- und nachkriegszeitliche Gebiete mittlerer Dichte,BD,zwischen- und nachkriegszeitliche Strukturen,point_in_polygon_ray_casting,2026-09-03,1,0,0,117.175,1,1,eindeutig_zugeordnet
19208,48.167907,16.351501,10,10,10,10110,1011,91011,10H,R,Einfamilienhäuser und Kleingärten,RT,Einfamilienhausgebiete bzw. stark durchgrünte Strukturen,point_in_polygon_ray_casting,2026-09-03,1,0,0,22.679,1,1,eindeutig_zugeordnet
19209,48.267691,16.450656,21,21,21,21051,2105,92105,21C,Y,heterogene Bebauung mit Überhang an Geschoßwohnungen,CXY,stark durchmischte Gebiete geringerer Dichte,point_in_polygon_ray_casting,2026-09-03,1,0,0,70.848,1,1,eindeutig_zugeordnet
19204,48.164936,16.362879,10,10,10,10112,1011,91011,10H,B,zwischen- und nachkriegszeitliche Gebiete mittlerer Dichte,BD,zwischen- und nachkriegszeitliche Strukturen,point_in_polygon_ray_casting,2026-09-03,1,0,0,56.683,1,1,eindeutig_zugeordnet
19114,48.199134,16.357132,6,6,6,06013,0601,90601,6A,GG,Gründerzeit mit überwiegend größeren Wohnungen,AGGGH,gründerzeitliche Gebiete,point_in_polygon_ray_casting,2026-09-03,1,0,0,2.620,1,1,eindeutig_zugeordnet
19115,48.228549,16.332685,18,18,18,18031,1803,91803,18B,G,Gründerzeit mit überwiegend kleineren Wohnungen,AGGGH,gründerzeitliche Gebiete,point_in_polygon_ray_casting,2026-09-03,1,0,0,4.379,1,1,eindeutig_zugeordnet
19116,48.166770,16.367028,10,10,10,10107,1010,91010,10F,D,zwischen- und nachkriegszeitliche Gebiete hoher Dichte,BD,zwischen- und nachkriegszeitliche Strukturen,point_in_polygon_ray_casting,2026-09-03,1,0,0,44.941,1,1,eindeutig_zugeordnet
19117,48.200308,16.320226,15,15,15,15075,1507,91507,15A,D,zwischen- und nachkriegszeitliche Gebiete hoher Dichte,BD,zwischen- und nachkriegszeitliche Strukturen,point_in_polygon_ray_casting,2026-09-03,1,0,0,36.109,1,1,eindeutig_zugeordnet
19210,48.167702,16.351827,10,10,10,10110,1011,91011,10H,R,Einfamilienhäuser und Kleingärten,RT,Einfamilienhausgebiete bzw. stark durchgrünte Strukturen,point_in_polygon_ray_casting,2026-09-03,1,0,0,23.904,1,1,eindeutig_zugeordnet
19211,48.233039,16.369125,20,20,20,20050,2005,92005,20D,JA,Gebiete dominiert durch Bauten von 1961 bis 1991,JAN,"Mischgebiete der jüngeren Vergangenheit, Neubau- und Stadterweiterungsgebiete",point_in_polygon_ray_casting,2026-09-03,1,0,0,72.962,1,1,eindeutig_zugeordnet
19212,48.164435,16.362304,10,10,10,10112,1011,91011,10H,B,zwischen- und nachkriegszeitliche Gebiete mittlerer Dichte,BD,zwischen- und nachkriegszeitliche Strukturen,point_in_polygon_ray_casting,2026-09-03,1,0,0,83.469,1,1,eindeutig_zugeordnet
19213,48.166442,16.416459,11,11,11,11051,1105,91105,11C,B,zwischen- und nachkriegszeitliche Gebiete mittlerer Dichte,BD,zwischen- und nachkriegszeitliche Strukturen,point_in_polygon_ray_casting,2026-09-03,1,0,0,71.523,1,1,eindeutig_zugeordnet
19214,48.166332,16.418202,11,11,11,11051,1105,91105,11C,B,zwischen- und nachkriegszeitliche Gebiete mittlerer Dichte,BD,zwischen- und nachkriegszeitliche Strukturen,point_in_polygon_ray_casting,2026-09-03,1,0,0,61.943,1,1,eindeutig_zugeordnet
19215,48.155865,16.392329,10,10,10,10160,1016,91016,10J,B,zwischen- und nachkriegszeitliche Gebiete mittlerer Dichte,BD,zwischen- und nachkriegszeitliche Strukturen,point_in_polygon_ray_casting,2026-09-03,1,0,0,57.874,1,1,eindeutig_zugeordnet
19118,48.218924,16.341857,18,18,18,18039,1803,91803,18B,G,Gründerzeit mit überwiegend kleineren Wohnungen,AGGGH,gründerzeitliche Gebiete,point_in_polygon_ray_casting,2026-09-03,1,0,0,44.092,1,1,eindeutig_zugeordnet
19119,48.225248,16.338336,18,18,18,18033,1803,91803,18B,G,Gründerzeit mit überwiegend kleineren Wohnungen,AGGGH,gründerzeitliche Gebiete,point_in_polygon_ray_casting,2026-09-03,1,0,0,28.078,1,1,eindeutig_zugeordnet
19120,48.201608,16.348591,7,7,7,07031,0703,90703,7A,GG,Gründerzeit mit überwiegend größeren Wohnungen,AGGGH,gründerzeitliche Gebiete,point_in_polygon_ray_casting,2026-09-03,1,0,0,26.128,1,1,eindeutig_zugeordnet
19121,48.175688,16.333214,12,12,12,12046,1204,91204,12B,GG,Gründerzeit mit überwiegend größeren Wohnungen,AGGGH,gründerzeitliche Gebiete,point_in_polygon_ray_casting,2026-09-03,1,0,0,10.475,1,1,eindeutig_zugeordnet
19122,48.187696,16.298993,13,13,13,13033,1303,91303,13A,C,Bebauung mit überwiegend durchgrüntem Geschoßwohnbau,CXY,stark durchmischte Gebiete geringerer Dichte,point_in_polygon_ray_casting,2026-09-03,1,0,0,15.763,1,1,eindeutig_zugeordnet
19217,48.164458,16.362734,10,10,10,10112,1011,91011,10H,B,zwischen- und nachkriegszeitliche Gebiete mittlerer Dichte,BD,zwischen- und nachkriegszeitliche Strukturen,point_in_polygon_ray_casting,2026-09-03,1,0,0,55.589,1,1,eindeutig_zugeordnet
19218,48.165782,16.354758,10,10,10,10110,1011,91011,10H,R,Einfamilienhäuser und Kleingärten,RT,Einfamilienhausgebiete bzw. stark durchgrünte Strukturen,point_in_polygon_ray_casting,2026-09-03,1,0,0,129.734,1,1,eindeutig_zugeordnet
19219,48.199780,16.363773,6,6,6,06014,0601,90601,6A,G,Gründerzeit mit überwiegend kleineren Wohnungen,AGGGH,gründerzeitliche Gebiete,point_in_polygon_ray_casting,2026-09-03,1,0,0,109.928,1,1,eindeutig_zugeordnet
19220,48.164513,16.361801,10,10,10,10112,1011,91011,10H,B,zwischen- und nachkriegszeitliche Gebiete mittlerer Dichte,BD,zwischen- und nachkriegszeitliche Strukturen,point_in_polygon_ray_casting,2026-09-03,1,0,0,87.115,1,1,eindeutig_zugeordnet
19216,48.164565,16.361422,10,10,10,10112,1011,91011,10H,B,zwischen- und nachkriegszeitliche Gebiete mittlerer Dichte,BD,zwischen- und nachkriegszeitliche Strukturen,point_in_polygon_ray_casting,2026-09-03,1,0,0,88.438,1,1,eindeutig_zugeordnet
19221,48.166022,16.415819,11,11,11,11051,1105,91105,11C,B,zwischen- und nachkriegszeitliche Gebiete mittlerer Dichte,BD,zwischen- und nachkriegszeitliche Strukturen,point_in_polygon_ray_casting,2026-09-03,1,0,0,79.765,1,1,eindeutig_zugeordnet
19222,48.261354,16.442477,22,22,22,22092,2209,92209,22G,JA,Gebiete dominiert durch Bauten von 1961 bis 1991,JAN,"Mischgebiete der jüngeren Vergangenheit, Neubau- und Stadterweiterungsgebiete",point_in_polygon_ray_casting,2026-09-03,1,0,0,55.333,1,1,eindeutig_zugeordnet
19123,48.211196,16.396753,2,2,2,02062,0206,90206,2D,D,zwischen- und nachkriegszeitliche Gebiete hoher Dichte,BD,zwischen- und nachkriegszeitliche Strukturen,point_in_polygon_ray_casting,2026-09-03,1,0,0,55.276,1,1,eindeutig_zugeordnet
19124,48.196391,16.297559,14,14,14,14044,1404,91404,14C,JA,Gebiete dominiert durch Bauten von 1961 bis 1991,JAN,"Mischgebiete der jüngeren Vergangenheit, Neubau- und Stadterweiterungsgebiete",point_in_polygon_ray_casting,2026-09-03,1,0,0,24.680,1,1,eindeutig_zugeordnet
19125,48.241517,16.482674,22,22,22,22063,2206,92206,22A,JA,Gebiete dominiert durch Bauten von 1961 bis 1991,JAN,"Mischgebiete der jüngeren Vergangenheit, Neubau- und Stadterweiterungsgebiete",point_in_polygon_ray_casting,2026-09-03,1,0,0,64.800,1,1,eindeutig_zugeordnet
19126,48.232479,16.443094,22,22,22,22153,2215,92215,22E,C,Bebauung mit überwiegend durchgrüntem Geschoßwohnbau,CXY,stark durchmischte Gebiete geringerer Dichte,point_in_polygon_ray_casting,2026-09-03,1,0,0,26.423,1,1,eindeutig_zugeordnet
19224,48.227068,16.324148,18,18,18,18049,1804,91804,18C,C,Bebauung mit überwiegend durchgrüntem Geschoßwohnbau,CXY,stark durchmischte Gebiete geringerer Dichte,point_in_polygon_ray_casting,2026-09-03,1,0,0,46.713,1,1,eindeutig_zugeordnet
19225,48.166227,16.353250,10,10,10,10110,1011,91011,10H,R,Einfamilienhäuser und Kleingärten,RT,Einfamilienhausgebiete bzw. stark durchgrünte Strukturen,point_in_polygon_ray_casting,2026-09-03,1,0,0,102.542,1,1,eindeutig_zugeordnet
19226,48.167077,16.352696,10,10,10,10110,1011,91011,10H,R,Einfamilienhäuser und Kleingärten,RT,Einfamilienhausgebiete bzw. stark durchgrünte Strukturen,point_in_polygon_ray_casting,2026-09-03,1,0,0,23.159,1,1,eindeutig_zugeordnet
19227,48.245731,16.376432,20,20,20,20012,2001,92001,20A,D,zwischen- und nachkriegszeitliche Gebiete hoher Dichte,BD,zwischen- und nachkriegszeitliche Strukturen,point_in_polygon_ray_casting,2026-09-03,1,0,0,59.472,1,1,eindeutig_zugeordnet
19228,48.245949,16.377005,20,20,20,20012,2001,92001,20A,D,zwischen- und nachkriegszeitliche Gebiete hoher Dichte,BD,zwischen- und nachkriegszeitliche Strukturen,point_in_polygon_ray_casting,2026-09-03,1,0,0,108.387,1,1,eindeutig_zugeordnet
19229,48.168571,16.419238,11,11,11,11050,1105,91105,11C,B,zwischen- und nachkriegszeitliche Gebiete mittlerer Dichte,BD,zwischen- und nachkriegszeitliche Strukturen,point_in_polygon_ray_casting,2026-09-03,1,0,0,84.660,1,1,eindeutig_zugeordnet
19230,48.165120,16.417160,11,11,11,11051,1105,91105,11C,B,zwischen- und nachkriegszeitliche Gebiete mittlerer Dichte,BD,zwischen- und nachkriegszeitliche Strukturen,point_in_polygon_ray_casting,2026-09-03,1,0,0,113.859,1,1,eindeutig_zugeordnet
19231,48.181855,16.350875,5,5,5,05021,0502,90502,5B,D,zwischen- und nachkriegszeitliche Gebiete hoher Dichte,BD,zwischen- und nachkriegszeitliche Strukturen,point_in_polygon_ray_casting,2026-09-03,1,0,0,49.269,1,1,eindeutig_zugeordnet
19223,48.166317,16.353345,10,10,10,10110,1011,91011,10H,R,Einfamilienhäuser und Kleingärten,RT,Einfamilienhausgebiete bzw. stark durchgrünte Strukturen,point_in_polygon_ray_casting,2026-09-03,1,0,0,103.676,1,1,eindeutig_zugeordnet
19232,48.164806,16.359635,10,10,10,10112,1011,91011,10H,B,zwischen- und nachkriegszeitliche Gebiete mittlerer Dichte,BD,zwischen- und nachkriegszeitliche Strukturen,point_in_polygon_ray_casting,2026-09-03,1,0,0,30.338,1,1,eindeutig_zugeordnet
19233,48.171170,16.342289,12,12,12,12033,1203,91203,12D,B,zwischen- und nachkriegszeitliche Gebiete mittlerer Dichte,BD,zwischen- und nachkriegszeitliche Strukturen,point_in_polygon_ray_casting,2026-09-03,1,0,0,82.690,1,1,eindeutig_zugeordnet
19127,48.187946,16.349483,5,5,5,05045,0504,90504,5A,GG,Gründerzeit mit überwiegend größeren Wohnungen,AGGGH,gründerzeitliche Gebiete,point_in_polygon_ray_casting,2026-09-03,1,0,0,19.336,1,1,eindeutig_zugeordnet
19128,48.197908,16.308425,14,14,14,14021,1402,91402,14A,D,zwischen- und nachkriegszeitliche Gebiete hoher Dichte,BD,zwischen- und nachkriegszeitliche Strukturen,point_in_polygon_ray_casting,2026-09-03,1,0,0,43.770,1,1,eindeutig_zugeordnet
19129,48.245729,16.438076,22,22,22,22130,2213,92213,22G,JA,Gebiete dominiert durch Bauten von 1961 bis 1991,JAN,"Mischgebiete der jüngeren Vergangenheit, Neubau- und Stadterweiterungsgebiete",point_in_polygon_ray_casting,2026-09-03,1,0,0,30.024,1,1,eindeutig_zugeordnet
19130,48.178358,16.272309,13,13,13,13050,1305,91305,13B,R,Einfamilienhäuser und Kleingärten,RT,Einfamilienhausgebiete bzw. stark durchgrünte Strukturen,point_in_polygon_ray_casting,2026-09-03,1,0,0,65.141,1,1,eindeutig_zugeordnet
19131,48.166626,16.353335,10,10,10,10110,1011,91011,10H,R,Einfamilienhäuser und Kleingärten,RT,Einfamilienhausgebiete bzw. stark durchgrünte Strukturen,point_in_polygon_ray_casting,2026-09-03,1,0,0,81.155,1,1,eindeutig_zugeordnet
19132,48.165981,16.417669,11,11,11,11051,1105,91105,11C,B,zwischen- und nachkriegszeitliche Gebiete mittlerer Dichte,BD,zwischen- und nachkriegszeitliche Strukturen,point_in_polygon_ray_casting,2026-09-03,1,0,0,101.089,1,1,eindeutig_zugeordnet
19235,48.157595,16.392117,10,10,10,10160,1016,91016,10J,B,zwischen- und nachkriegszeitliche Gebiete mittlerer Dichte,BD,zwischen- und nachkriegszeitliche Strukturen,point_in_polygon_ray_casting,2026-09-03,1,0,0,32.402,1,1,eindeutig_zugeordnet
19236,48.164221,16.360588,10,10,10,10112,1011,91011,10H,B,zwischen- und nachkriegszeitliche Gebiete mittlerer Dichte,BD,zwischen- und nachkriegszeitliche Strukturen,point_in_polygon_ray_casting,2026-09-03,1,0,0,39.535,1,1,eindeutig_zugeordnet
19237,48.165185,16.361093,10,10,10,10112,1011,91011,10H,B,zwischen- und nachkriegszeitliche Gebiete mittlerer Dichte,BD,zwischen- und nachkriegszeitliche Strukturen,point_in_polygon_ray_casting,2026-09-03,1,0,0,72.993,1,1,eindeutig_zugeordnet
19238,48.165960,16.354142,10,10,10,10110,1011,91011,10H,R,Einfamilienhäuser und Kleingärten,RT,Einfamilienhausgebiete bzw. stark durchgrünte Strukturen,point_in_polygon_ray_casting,2026-09-03,1,0,0,152.154,1,1,eindeutig_zugeordnet
19234,48.165641,16.355189,10,10,10,10110,1011,91011,10H,R,Einfamilienhäuser und Kleingärten,RT,Einfamilienhausgebiete bzw. stark durchgrünte Strukturen,point_in_polygon_ray_casting,2026-09-03,1,0,0,101.132,1,1,eindeutig_zugeordnet
19239,48.165960,16.353700,10,10,10,10110,1011,91011,10H,R,Einfamilienhäuser und Kleingärten,RT,Einfamilienhausgebiete bzw. stark durchgrünte Strukturen,point_in_polygon_ray_casting,2026-09-03,1,0,0,144.931,1,1,eindeutig_zugeordnet
19240,48.165715,16.416304,11,11,11,11051,1105,91105,11C,B,zwischen- und nachkriegszeitliche Gebiete mittlerer Dichte,BD,zwischen- und nachkriegszeitliche Strukturen,point_in_polygon_ray_casting,2026-09-03,1,0,0,110.572,1,1,eindeutig_zugeordnet
19241,48.165830,16.360174,10,10,10,10112,1011,91011,10H,B,zwischen- und nachkriegszeitliche Gebiete mittlerer Dichte,BD,zwischen- und nachkriegszeitliche Strukturen,point_in_polygon_ray_casting,2026-09-03,1,0,0,16.507,1,1,eindeutig_zugeordnet
19133,48.145522,16.390338,10,10,10,10203,1020,91020,10I,Z,überwiegend städtische Infrastruktur und sonstige Nutzungen,ZI,industriell-gewerblich oder durch sonstige Nutzungen dominierte Gebiete,point_in_polygon_ray_casting,2026-09-03,1,0,0,8.702,1,1,eindeutig_zugeordnet
19134,48.197300,16.269759,14,14,14,14071,1407,91407,14B,B,zwischen- und nachkriegszeitliche Gebiete mittlerer Dichte,BD,zwischen- und nachkriegszeitliche Strukturen,point_in_polygon_ray_casting,2026-09-03,1,0,0,113.777,1,1,eindeutig_zugeordnet
19135,48.213154,16.393676,2,2,2,02060,0206,90206,2D,B,zwischen- und nachkriegszeitliche Gebiete mittlerer Dichte,BD,zwischen- und nachkriegszeitliche Strukturen,point_in_polygon_ray_casting,2026-09-03,1,0,0,74.665,1,1,eindeutig_zugeordnet
19136,48.150543,16.319573,23,23,23,23044,2304,92304,23B,JA,Gebiete dominiert durch Bauten von 1961 bis 1991,JAN,"Mischgebiete der jüngeren Vergangenheit, Neubau- und Stadterweiterungsgebiete",point_in_polygon_ray_casting,2026-09-03,1,0,0,67.195,1,1,eindeutig_zugeordnet
19137,48.254411,16.438111,22,22,22,22090,2209,92209,22G,C,Bebauung mit überwiegend durchgrüntem Geschoßwohnbau,CXY,stark durchmischte Gebiete geringerer Dichte,point_in_polygon_ray_casting,2026-09-03,1,0,0,252.507,1,1,eindeutig_zugeordnet
19138,48.215545,16.414515,2,2,2,02094,0209,90209,2E,Z,überwiegend städtische Infrastruktur und sonstige Nutzungen,ZI,industriell-gewerblich oder durch sonstige Nutzungen dominierte Gebiete,point_in_polygon_ray_casting,2026-09-03,1,0,0,61.809,1,1,eindeutig_zugeordnet
19242,48.170887,16.344436,12,12,12,12033,1203,91203,12D,B,zwischen- und nachkriegszeitliche Gebiete mittlerer Dichte,BD,zwischen- und nachkriegszeitliche Strukturen,point_in_polygon_ray_casting,2026-09-03,1,0,0,83.644,1,1,eindeutig_zugeordnet
19243,48.165670,16.417278,11,11,11,11051,1105,91105,11C,B,zwischen- und nachkriegszeitliche Gebiete mittlerer Dichte,BD,zwischen- und nachkriegszeitliche Strukturen,point_in_polygon_ray_casting,2026-09-03,1,0,0,142.772,1,1,eindeutig_zugeordnet
19244,48.254782,16.405100,21,21,21,21230,2123,92123,21D,G,Gründerzeit mit überwiegend kleineren Wohnungen,AGGGH,gründerzeitliche Gebiete,point_in_polygon_ray_casting,2026-09-03,1,0,0,20.770,1,1,eindeutig_zugeordnet
19245,48.208685,16.315281,16,16,16,16032,1603,91603,16B,D,zwischen- und nachkriegszeitliche Gebiete hoher Dichte,BD,zwischen- und nachkriegszeitliche Strukturen,point_in_polygon_ray_casting,2026-09-03,1,0,0,41.615,1,1,eindeutig_zugeordnet
19246,48.165909,16.418379,11,11,11,11051,1105,91105,11C,B,zwischen- und nachkriegszeitliche Gebiete mittlerer Dichte,BD,zwischen- und nachkriegszeitliche Strukturen,point_in_polygon_ray_casting,2026-09-03,1,0,0,79.781,1,1,eindeutig_zugeordnet
19247,48.166083,16.416919,11,11,11,11051,1105,91105,11C,B,zwischen- und nachkriegszeitliche Gebiete mittlerer Dichte,BD,zwischen- und nachkriegszeitliche Strukturen,point_in_polygon_ray_casting,2026-09-03,1,0,0,117.198,1,1,eindeutig_zugeordnet
19248,48.166694,16.416065,11,11,11,11051,1105,91105,11C,B,zwischen- und nachkriegszeitliche Gebiete mittlerer Dichte,BD,zwischen- und nachkriegszeitliche Strukturen,point_in_polygon_ray_casting,2026-09-03,1,0,0,31.962,1,1,eindeutig_zugeordnet
19050,48.155272,16.283860,23,23,23,23094,2309,92309,23D,C,Bebauung mit überwiegend durchgrüntem Geschoßwohnbau,CXY,stark durchmischte Gebiete geringerer Dichte,point_in_polygon_ray_casting,2026-09-03,1,0,0,41.232,1,1,eindeutig_zugeordnet
19051,48.165933,16.366458,10,10,10,10107,1010,91010,10F,D,zwischen- und nachkriegszeitliche Gebiete hoher Dichte,BD,zwischen- und nachkriegszeitliche Strukturen,point_in_polygon_ray_casting,2026-09-03,1,0,0,65.158,1,1,eindeutig_zugeordnet
19052,48.277205,16.417738,21,21,21,21092,2109,92109,21B,C,Bebauung mit überwiegend durchgrüntem Geschoßwohnbau,CXY,stark durchmischte Gebiete geringerer Dichte,point_in_polygon_ray_casting,2026-09-03,1,0,0,40.080,1,1,eindeutig_zugeordnet
19053,48.173085,16.313973,12,12,12,12074,1207,91207,12C,C,Bebauung mit überwiegend durchgrüntem Geschoßwohnbau,CXY,stark durchmischte Gebiete geringerer Dichte,point_in_polygon_ray_casting,2026-09-03,1,0,0,43.032,1,1,eindeutig_zugeordnet
19139,48.165515,16.416836,11,11,11,11051,1105,91105,11C,B,zwischen- und nachkriegszeitliche Gebiete mittlerer Dichte,BD,zwischen- und nachkriegszeitliche Strukturen,point_in_polygon_ray_casting,2026-09-03,1,0,0,125.209,1,1,eindeutig_zugeordnet
19140,48.147180,16.385784,10,10,10,10201,1020,91020,10I,JA,Gebiete dominiert durch Bauten von 1961 bis 1991,JAN,"Mischgebiete der jüngeren Vergangenheit, Neubau- und Stadterweiterungsgebiete",point_in_polygon_ray_casting,2026-09-03,1,0,0,80.610,1,1,eindeutig_zugeordnet
19141,48.167564,16.352033,10,10,10,10110,1011,91011,10H,R,Einfamilienhäuser und Kleingärten,RT,Einfamilienhausgebiete bzw. stark durchgrünte Strukturen,point_in_polygon_ray_casting,2026-09-03,1,0,0,24.018,1,1,eindeutig_zugeordnet
19142,48.148514,16.387185,10,10,10,10201,1020,91020,10I,JA,Gebiete dominiert durch Bauten von 1961 bis 1991,JAN,"Mischgebiete der jüngeren Vergangenheit, Neubau- und Stadterweiterungsgebiete",point_in_polygon_ray_casting,2026-09-03,1,0,0,255.831,1,1,eindeutig_zugeordnet
19143,48.175374,16.385758,10,10,10,10021,1002,91002,10B,D,zwischen- und nachkriegszeitliche Gebiete hoher Dichte,BD,zwischen- und nachkriegszeitliche Strukturen,point_in_polygon_ray_casting,2026-09-03,1,0,0,86.390,1,1,eindeutig_zugeordnet
19144,48.166279,16.415421,11,11,11,11051,1105,91105,11C,B,zwischen- und nachkriegszeitliche Gebiete mittlerer Dichte,BD,zwischen- und nachkriegszeitliche Strukturen,point_in_polygon_ray_casting,2026-09-03,1,0,0,38.787,1,1,eindeutig_zugeordnet
19145,48.164680,16.360528,10,10,10,10112,1011,91011,10H,B,zwischen- und nachkriegszeitliche Gebiete mittlerer Dichte,BD,zwischen- und nachkriegszeitliche Strukturen,point_in_polygon_ray_casting,2026-09-03,1,0,0,86.706,1,1,eindeutig_zugeordnet
19146,48.165669,16.355101,10,10,10,10110,1011,91011,10H,R,Einfamilienhäuser und Kleingärten,RT,Einfamilienhausgebiete bzw. stark durchgrünte Strukturen,point_in_polygon_ray_casting,2026-09-03,1,0,0,108.221,1,1,eindeutig_zugeordnet
19147,48.165281,16.360716,10,10,10,10112,1011,91011,10H,B,zwischen- und nachkriegszeitliche Gebiete mittlerer Dichte,BD,zwischen- und nachkriegszeitliche Strukturen,point_in_polygon_ray_casting,2026-09-03,1,0,0,68.180,1,1,eindeutig_zugeordnet
19148,48.156740,16.392582,10,10,10,10160,1016,91016,10J,B,zwischen- und nachkriegszeitliche Gebiete mittlerer Dichte,BD,zwischen- und nachkriegszeitliche Strukturen,point_in_polygon_ray_casting,2026-09-03,1,0,0,38.425,1,1,eindeutig_zugeordnet
19250,48.165044,16.362492,10,10,10,10112,1011,91011,10H,B,zwischen- und nachkriegszeitliche Gebiete mittlerer Dichte,BD,zwischen- und nachkriegszeitliche Strukturen,point_in_polygon_ray_casting,2026-09-03,1,0,0,67.411,1,1,eindeutig_zugeordnet
19251,48.163984,16.362385,10,10,10,10112,1011,91011,10H,B,zwischen- und nachkriegszeitliche Gebiete mittlerer Dichte,BD,zwischen- und nachkriegszeitliche Strukturen,point_in_polygon_ray_casting,2026-09-03,1,0,0,34.377,1,1,eindeutig_zugeordnet
19252,48.207362,16.314344,16,16,16,16032,1603,91603,16B,D,zwischen- und nachkriegszeitliche Gebiete hoher Dichte,BD,zwischen- und nachkriegszeitliche Strukturen,point_in_polygon_ray_casting,2026-09-03,1,0,0,40.942,1,1,eindeutig_zugeordnet
19253,48.167967,16.351393,10,10,10,10110,1011,91011,10H,R,Einfamilienhäuser und Kleingärten,RT,Einfamilienhausgebiete bzw. stark durchgrünte Strukturen,point_in_polygon_ray_casting,2026-09-03,1,0,0,17.602,1,1,eindeutig_zugeordnet
19254,48.170540,16.429004,11,11,11,11071,1107,91107,11D,Y,heterogene Bebauung mit Überhang an Geschoßwohnungen,CXY,stark durchmischte Gebiete geringerer Dichte,point_in_polygon_ray_casting,2026-09-03,1,0,0,218.984,1,1,eindeutig_zugeordnet
19249,48.165159,16.361605,10,10,10,10112,1011,91011,10H,B,zwischen- und nachkriegszeitliche Gebiete mittlerer Dichte,BD,zwischen- und nachkriegszeitliche Strukturen,point_in_polygon_ray_casting,2026-09-03,1,0,0,68.162,1,1,eindeutig_zugeordnet
19054,48.227226,16.358898,9,9,9,09015,0901,90901,9A,D,zwischen- und nachkriegszeitliche Gebiete hoher Dichte,BD,zwischen- und nachkriegszeitliche Strukturen,point_in_polygon_ray_casting,2026-09-03,1,0,0,24.399,1,1,eindeutig_zugeordnet
19055,48.178113,16.367865,10,10,10,10064,1006,91006,10D,G,Gründerzeit mit überwiegend kleineren Wohnungen,AGGGH,gründerzeitliche Gebiete,point_in_polygon_ray_casting,2026-09-03,1,0,0,55.942,1,1,eindeutig_zugeordnet
19056,48.181789,16.337532,12,12,12,12020,1202,91202,12A,D,zwischen- und nachkriegszeitliche Gebiete hoher Dichte,BD,zwischen- und nachkriegszeitliche Strukturen,point_in_polygon_ray_casting,2026-09-03,1,0,0,74.044,1,1,eindeutig_zugeordnet
19057,48.198703,16.382567,3,3,3,03035,0303,90303,3B,D,zwischen- und nachkriegszeitliche Gebiete hoher Dichte,BD,zwischen- und nachkriegszeitliche Strukturen,point_in_polygon_ray_casting,2026-09-03,1,0,0,25.699,1,1,eindeutig_zugeordnet
19058,48.226531,16.329439,18,18,18,18030,1803,91803,18B,B,zwischen- und nachkriegszeitliche Gebiete mittlerer Dichte,BD,zwischen- und nachkriegszeitliche Strukturen,point_in_polygon_ray_casting,2026-09-03,1,0,0,36.483,1,1,eindeutig_zugeordnet
19059,48.158103,16.325880,12,12,12,12091,1209,91209,12D,Y,heterogene Bebauung mit Überhang an Geschoßwohnungen,CXY,stark durchmischte Gebiete geringerer Dichte,point_in_polygon_ray_casting,2026-09-03,1,0,0,141.270,1,1,eindeutig_zugeordnet
19060,48.221818,16.381700,2,2,2,02040,0204,90204,2C,GG,Gründerzeit mit überwiegend größeren Wohnungen,AGGGH,gründerzeitliche Gebiete,point_in_polygon_ray_casting,2026-09-03,1,0,0,40.980,1,1,eindeutig_zugeordnet
19061,48.222041,16.383521,2,2,2,02026,0202,90202,2B,G,Gründerzeit mit überwiegend kleineren Wohnungen,AGGGH,gründerzeitliche Gebiete,point_in_polygon_ray_casting,2026-09-03,1,0,0,44.009,1,1,eindeutig_zugeordnet
19062,48.134029,16.275205,23,23,23,23112,2311,92311,23E,C,Bebauung mit überwiegend durchgrüntem Geschoßwohnbau,CXY,stark durchmischte Gebiete geringerer Dichte,point_in_polygon_ray_casting,2026-09-03,1,0,0,86.465,1,1,eindeutig_zugeordnet
19063,48.187177,16.371071,4,4,4,04042,0404,90404,4B,D,zwischen- und nachkriegszeitliche Gebiete hoher Dichte,BD,zwischen- und nachkriegszeitliche Strukturen,point_in_polygon_ray_casting,2026-09-03,1,0,0,82.424,1,1,eindeutig_zugeordnet
19149,48.174814,16.387194,10,10,10,10021,1002,91002,10B,D,zwischen- und nachkriegszeitliche Gebiete hoher Dichte,BD,zwischen- und nachkriegszeitliche Strukturen,point_in_polygon_ray_casting,2026-09-03,1,0,0,52.830,1,1,eindeutig_zugeordnet
19150,48.165107,16.361984,10,10,10,10112,1011,91011,10H,B,zwischen- und nachkriegszeitliche Gebiete mittlerer Dichte,BD,zwischen- und nachkriegszeitliche Strukturen,point_in_polygon_ray_casting,2026-09-03,1,0,0,68.153,1,1,eindeutig_zugeordnet
19151,48.212892,16.394316,2,2,2,02060,0206,90206,2D,B,zwischen- und nachkriegszeitliche Gebiete mittlerer Dichte,BD,zwischen- und nachkriegszeitliche Strukturen,point_in_polygon_ray_casting,2026-09-03,1,0,0,65.790,1,1,eindeutig_zugeordnet
19152,48.166366,16.353468,10,10,10,10110,1011,91011,10H,R,Einfamilienhäuser und Kleingärten,RT,Einfamilienhausgebiete bzw. stark durchgrünte Strukturen,point_in_polygon_ray_casting,2026-09-03,1,0,0,106.453,1,1,eindeutig_zugeordnet
19153,48.180821,16.352198,5,5,5,05021,0502,90502,5B,D,zwischen- und nachkriegszeitliche Gebiete hoher Dichte,BD,zwischen- und nachkriegszeitliche Strukturen,point_in_polygon_ray_casting,2026-09-03,1,0,0,54.169,1,1,eindeutig_zugeordnet
19154,48.164097,16.361476,10,10,10,10112,1011,91011,10H,B,zwischen- und nachkriegszeitliche Gebiete mittlerer Dichte,BD,zwischen- und nachkriegszeitliche Strukturen,point_in_polygon_ray_casting,2026-09-03,1,0,0,37.670,1,1,eindeutig_zugeordnet
19255,48.207952,16.314630,16,16,16,16032,1603,91603,16B,D,zwischen- und nachkriegszeitliche Gebiete hoher Dichte,BD,zwischen- und nachkriegszeitliche Strukturen,point_in_polygon_ray_casting,2026-09-03,1,0,0,70.275,1,1,eindeutig_zugeordnet
19256,48.220382,16.318607,16,16,16,16051,1605,91605,16C,G,Gründerzeit mit überwiegend kleineren Wohnungen,AGGGH,gründerzeitliche Gebiete,point_in_polygon_ray_casting,2026-09-03,1,0,0,76.830,1,1,eindeutig_zugeordnet
19257,48.214825,16.382471,2,2,2,02049,0204,90204,2C,GG,Gründerzeit mit überwiegend größeren Wohnungen,AGGGH,gründerzeitliche Gebiete,point_in_polygon_ray_casting,2026-09-03,1,0,0,46.386,1,1,eindeutig_zugeordnet
19258,48.160213,16.362130,10,10,10,10113,1011,91011,10H,JN,Neubau ab 1991 und Stadterweiterung,JAN,"Mischgebiete der jüngeren Vergangenheit, Neubau- und Stadterweiterungsgebiete",point_in_polygon_ray_casting,2026-09-03,1,0,0,56.100,1,1,eindeutig_zugeordnet
19065,48.127481,16.307105,23,23,23,23051,2305,92305,23C,C,Bebauung mit überwiegend durchgrüntem Geschoßwohnbau,CXY,stark durchmischte Gebiete geringerer Dichte,point_in_polygon_ray_casting,2026-09-03,1,0,0,42.420,1,1,eindeutig_zugeordnet
19066,48.222082,16.401221,2,2,2,02072,0207,90207,2E,D,zwischen- und nachkriegszeitliche Gebiete hoher Dichte,BD,zwischen- und nachkriegszeitliche Strukturen,point_in_polygon_ray_casting,2026-09-03,1,0,0,46.135,1,1,eindeutig_zugeordnet
19067,48.221376,16.361723,9,9,9,09024,0902,90902,9B,GG,Gründerzeit mit überwiegend größeren Wohnungen,AGGGH,gründerzeitliche Gebiete,point_in_polygon_ray_casting,2026-09-03,1,0,0,21.317,1,1,eindeutig_zugeordnet
19068,48.136179,16.281560,23,23,23,23110,2311,92311,23E,C,Bebauung mit überwiegend durchgrüntem Geschoßwohnbau,CXY,stark durchmischte Gebiete geringerer Dichte,point_in_polygon_ray_casting,2026-09-03,1,0,0,19.814,1,1,eindeutig_zugeordnet
19069,48.248075,16.339217,19,19,19,19050,1905,91905,19C,C,Bebauung mit überwiegend durchgrüntem Geschoßwohnbau,CXY,stark durchmischte Gebiete geringerer Dichte,point_in_polygon_ray_casting,2026-09-03,1,0,0,107.805,1,1,eindeutig_zugeordnet
19064,48.218549,16.379249,2,2,2,02042,0204,90204,2C,GG,Gründerzeit mit überwiegend größeren Wohnungen,AGGGH,gründerzeitliche Gebiete,point_in_polygon_ray_casting,2026-09-03,1,0,0,58.836,1,1,eindeutig_zugeordnet
19155,48.175146,16.317921,12,12,12,12073,1207,91207,12C,C,Bebauung mit überwiegend durchgrüntem Geschoßwohnbau,CXY,stark durchmischte Gebiete geringerer Dichte,point_in_polygon_ray_casting,2026-09-03,1,0,0,54.724,1,1,eindeutig_zugeordnet
19156,48.209559,16.343556,8,8,8,08035,0803,90803,8A,GG,Gründerzeit mit überwiegend größeren Wohnungen,AGGGH,gründerzeitliche Gebiete,point_in_polygon_ray_casting,2026-09-03,1,0,0,17.338,1,1,eindeutig_zugeordnet
19157,48.168699,16.418874,11,11,11,11050,1105,91105,11C,B,zwischen- und nachkriegszeitliche Gebiete mittlerer Dichte,BD,zwischen- und nachkriegszeitliche Strukturen,point_in_polygon_ray_casting,2026-09-03,1,0,0,56.173,1,1,eindeutig_zugeordnet
19158,48.168111,16.351234,10,10,10,10110,1011,91011,10H,R,Einfamilienhäuser und Kleingärten,RT,Einfamilienhausgebiete bzw. stark durchgrünte Strukturen,point_in_polygon_ray_casting,2026-09-03,1,0,0,17.617,1,1,eindeutig_zugeordnet
19259,48.246524,16.378533,20,20,20,20012,2001,92001,20A,D,zwischen- und nachkriegszeitliche Gebiete hoher Dichte,BD,zwischen- und nachkriegszeitliche Strukturen,point_in_polygon_ray_casting,2026-09-03,1,0,0,87.521,1,1,eindeutig_zugeordnet
19260,48.177428,16.339761,12,12,12,12027,1202,91202,12A,D,zwischen- und nachkriegszeitliche Gebiete hoher Dichte,BD,zwischen- und nachkriegszeitliche Strukturen,point_in_polygon_ray_casting,2026-09-03,1,0,0,106.673,1,1,eindeutig_zugeordnet

